solid 
 facet normal -1.000000e+00  0.000000e+00  0.000000e+00
   outer loop
     vertex -2.500000e+00  5.000000e-01  3.900000e+01
     vertex -2.500000e+00  5.400000e+01  3.650000e+01
     vertex -2.500000e+00  5.000000e-01  3.650000e+01
   endloop
 endfacet
 facet normal -1.000000e+00  0.000000e+00  0.000000e+00
   outer loop
     vertex -2.500000e+00  5.000000e-01  3.900000e+01
     vertex -2.500000e+00  5.400000e+01  3.900000e+01
     vertex -2.500000e+00  5.400000e+01  3.650000e+01
   endloop
 endfacet
 facet normal  0.000000e+00  0.000000e+00  1.000000e+00
   outer loop
     vertex -1.503363e+00 -1.733055e+00  3.900000e+01
     vertex -1.677986e+00 -1.563098e+00  3.900000e+01
     vertex -1.621320e+00 -1.621320e+00  3.900000e+01
   endloop
 endfacet
 facet normal  0.000000e+00  0.000000e+00  1.000000e+00
   outer loop
     vertex -1.503363e+00 -1.733055e+00  3.900000e+01
     vertex -1.621320e+00 -1.621320e+00  3.900000e+01
     vertex -1.563098e+00 -1.677986e+00  3.900000e+01
   endloop
 endfacet
 facet normal  0.000000e+00  0.000000e+00  1.000000e+00
   outer loop
     vertex -1.786486e+00 -1.442159e+00  3.900000e+01
     vertex -1.733055e+00 -1.503363e+00  3.900000e+01
     vertex -1.677986e+00 -1.563098e+00  3.900000e+01
   endloop
 endfacet
 facet normal  0.000000e+00  0.000000e+00  1.000000e+00
   outer loop
     vertex -1.442159e+00 -1.786486e+00  3.900000e+01
     vertex -1.677986e+00 -1.563098e+00  3.900000e+01
     vertex -1.503363e+00 -1.733055e+00  3.900000e+01
   endloop
 endfacet
 facet normal  0.000000e+00  0.000000e+00  1.000000e+00
   outer loop
     vertex -1.315523e+00 -1.888279e+00  3.900000e+01
     vertex -1.442159e+00 -1.786486e+00  3.900000e+01
     vertex -1.379530e+00 -1.838240e+00  3.900000e+01
   endloop
 endfacet
 facet normal  0.000000e+00  0.000000e+00  1.000000e+00
   outer loop
     vertex -1.936567e+00 -1.250184e+00  3.900000e+01
     vertex -1.888279e+00 -1.315523e+00  3.900000e+01
     vertex -1.838240e+00 -1.379530e+00  3.900000e+01
   endloop
 endfacet
 facet normal  0.000000e+00  0.000000e+00  1.000000e+00
   outer loop
     vertex -1.936567e+00 -1.250184e+00  3.900000e+01
     vertex -1.838240e+00 -1.379530e+00  3.900000e+01
     vertex -1.786486e+00 -1.442159e+00  3.900000e+01
   endloop
 endfacet
 facet normal  0.000000e+00  0.000000e+00  1.000000e+00
   outer loop
     vertex -1.936567e+00 -1.250184e+00  3.900000e+01
     vertex -1.786486e+00 -1.442159e+00  3.900000e+01
     vertex -1.677986e+00 -1.563098e+00  3.900000e+01
   endloop
 endfacet
 facet normal  0.000000e+00  0.000000e+00  1.000000e+00
   outer loop
     vertex -1.115704e+00 -2.027746e+00  3.900000e+01
     vertex -1.250184e+00 -1.936567e+00  3.900000e+01
     vertex -1.183561e+00 -1.983067e+00  3.900000e+01
   endloop
 endfacet
 facet normal  0.000000e+00  0.000000e+00  1.000000e+00
   outer loop
     vertex -2.111512e+00 -9.764849e-01  3.900000e+01
     vertex -2.070572e+00 -1.046662e+00  3.900000e+01
     vertex -2.027746e+00 -1.115704e+00  3.900000e+01
   endloop
 endfacet
 facet normal  0.000000e+00  0.000000e+00  1.000000e+00
   outer loop
     vertex -2.111512e+00 -9.764849e-01  3.900000e+01
     vertex -2.027746e+00 -1.115704e+00  3.900000e+01
     vertex -1.983067e+00 -1.183561e+00  3.900000e+01
   endloop
 endfacet
 facet normal  0.000000e+00  0.000000e+00  1.000000e+00
   outer loop
     vertex -2.111512e+00 -9.764849e-01  3.900000e+01
     vertex -1.983067e+00 -1.183561e+00  3.900000e+01
     vertex -1.936567e+00 -1.250184e+00  3.900000e+01
   endloop
 endfacet
 facet normal  0.000000e+00  0.000000e+00  1.000000e+00
   outer loop
     vertex -9.764849e-01 -2.111512e+00  3.900000e+01
     vertex -1.115704e+00 -2.027746e+00  3.900000e+01
     vertex -1.046662e+00 -2.070572e+00  3.900000e+01
   endloop
 endfacet
 facet normal  0.000000e+00  0.000000e+00  1.000000e+00
   outer loop
     vertex -8.329351e-01 -2.187617e+00  3.900000e+01
     vertex -9.764849e-01 -2.111512e+00  3.900000e+01
     vertex -9.052253e-01 -2.150536e+00  3.900000e+01
   endloop
 endfacet
 facet normal  0.000000e+00  0.000000e+00  1.000000e+00
   outer loop
     vertex -7.596673e-01 -2.222726e+00  3.900000e+01
     vertex -1.115704e+00 -2.027746e+00  3.900000e+01
     vertex -9.764849e-01 -2.111512e+00  3.900000e+01
   endloop
 endfacet
 facet normal  0.000000e+00  0.000000e+00  1.000000e+00
   outer loop
     vertex -7.596673e-01 -2.222726e+00  3.900000e+01
     vertex -9.764849e-01 -2.111512e+00  3.900000e+01
     vertex -8.329351e-01 -2.187617e+00  3.900000e+01
   endloop
 endfacet
 facet normal  0.000000e+00  0.000000e+00  1.000000e+00
   outer loop
     vertex -6.104145e-01 -2.286930e+00  3.900000e+01
     vertex -7.596673e-01 -2.222726e+00  3.900000e+01
     vertex -6.854756e-01 -2.255839e+00  3.900000e+01
   endloop
 endfacet
 facet normal  0.000000e+00  0.000000e+00  1.000000e+00
   outer loop
     vertex -2.342960e+00 -4.579046e-01  3.900000e+01
     vertex -2.315977e+00 -5.345389e-01  3.900000e+01
     vertex -2.286930e+00 -6.104145e-01  3.900000e+01
   endloop
 endfacet
 facet normal  0.000000e+00  0.000000e+00  1.000000e+00
   outer loop
     vertex -2.342960e+00 -4.579046e-01  3.900000e+01
     vertex -2.286930e+00 -6.104145e-01  3.900000e+01
     vertex -2.255839e+00 -6.854756e-01  3.900000e+01
   endloop
 endfacet
 facet normal  0.000000e+00  0.000000e+00  1.000000e+00
   outer loop
     vertex -2.342960e+00 -4.579046e-01  3.900000e+01
     vertex -2.255839e+00 -6.854756e-01  3.900000e+01
     vertex -2.222726e+00 -7.596673e-01  3.900000e+01
   endloop
 endfacet
 facet normal  0.000000e+00  0.000000e+00  1.000000e+00
   outer loop
     vertex -2.342960e+00 -4.579046e-01  3.900000e+01
     vertex -2.222726e+00 -7.596673e-01  3.900000e+01
     vertex -2.187617e+00 -8.329351e-01  3.900000e+01
   endloop
 endfacet
 facet normal  0.000000e+00  0.000000e+00  1.000000e+00
   outer loop
     vertex -4.579046e-01 -2.342960e+00  3.900000e+01
     vertex -6.104145e-01 -2.286930e+00  3.900000e+01
     vertex -5.345389e-01 -2.315977e+00  3.900000e+01
   endloop
 endfacet
 facet normal  0.000000e+00  0.000000e+00  1.000000e+00
   outer loop
     vertex -2.390650e+00 -3.025850e-01  3.900000e+01
     vertex -2.367856e+00 -3.805677e-01  3.900000e+01
     vertex -2.342960e+00 -4.579046e-01  3.900000e+01
   endloop
 endfacet
 facet normal  0.000000e+00  0.000000e+00  1.000000e+00
   outer loop
     vertex -2.411323e+00 -2.240137e-01  3.900000e+01
     vertex -2.390650e+00 -3.025850e-01  3.900000e+01
     vertex -2.342960e+00 -4.579046e-01  3.900000e+01
   endloop
 endfacet
 facet normal  0.000000e+00  0.000000e+00  1.000000e+00
   outer loop
     vertex -2.240137e-01 -2.411323e+00  3.900000e+01
     vertex -4.579046e-01 -2.342960e+00  3.900000e+01
     vertex -3.805677e-01 -2.367856e+00  3.900000e+01
   endloop
 endfacet
 facet normal  0.000000e+00  0.000000e+00  1.000000e+00
   outer loop
     vertex -2.240137e-01 -2.411323e+00  3.900000e+01
     vertex -3.805677e-01 -2.367856e+00  3.900000e+01
     vertex -3.025850e-01 -2.390650e+00  3.900000e+01
   endloop
 endfacet
 facet normal  0.000000e+00  0.000000e+00  1.000000e+00
   outer loop
     vertex -2.446251e+00 -6.533597e-02  3.900000e+01
     vertex -2.429862e+00 -1.449113e-01  3.900000e+01
     vertex -2.411323e+00 -2.240137e-01  3.900000e+01
   endloop
 endfacet
 facet normal  0.000000e+00  0.000000e+00  1.000000e+00
   outer loop
     vertex -2.460480e+00  1.465401e-02  3.900000e+01
     vertex -2.446251e+00 -6.533597e-02  3.900000e+01
     vertex -2.411323e+00 -2.240137e-01  3.900000e+01
   endloop
 endfacet
 facet normal  0.000000e+00  0.000000e+00  1.000000e+00
   outer loop
     vertex -2.460480e+00  1.465401e-02  3.900000e+01
     vertex -2.411323e+00 -2.240137e-01  3.900000e+01
     vertex -2.342960e+00 -4.579046e-01  3.900000e+01
   endloop
 endfacet
 facet normal  0.000000e+00  0.000000e+00  1.000000e+00
   outer loop
     vertex  1.465401e-02 -2.460480e+00  3.900000e+01
     vertex -4.579046e-01 -2.342960e+00  3.900000e+01
     vertex -2.240137e-01 -2.411323e+00  3.900000e+01
   endloop
 endfacet
 facet normal  0.000000e+00  0.000000e+00  1.000000e+00
   outer loop
     vertex  1.465401e-02 -2.460480e+00  3.900000e+01
     vertex -2.240137e-01 -2.411323e+00  3.900000e+01
     vertex -1.449113e-01 -2.429862e+00  3.900000e+01
   endloop
 endfacet
 facet normal  0.000000e+00  0.000000e+00  1.000000e+00
   outer loop
     vertex  1.465401e-02 -2.460480e+00  3.900000e+01
     vertex -1.449113e-01 -2.429862e+00  3.900000e+01
     vertex -6.533597e-02 -2.446251e+00  3.900000e+01
   endloop
 endfacet
 facet normal  0.000000e+00  0.000000e+00  1.000000e+00
   outer loop
     vertex  9.499996e-02 -2.472537e+00  3.900000e+01
     vertex -4.579046e-01 -2.342960e+00  3.900000e+01
     vertex  1.465401e-02 -2.460480e+00  3.900000e+01
   endloop
 endfacet
 facet normal  0.000000e+00  0.000000e+00  1.000000e+00
   outer loop
     vertex  2.565238e-01 -2.490104e+00  3.900000e+01
     vertex -6.104145e-01 -2.286930e+00  3.900000e+01
     vertex -4.579046e-01 -2.342960e+00  3.900000e+01
   endloop
 endfacet
 facet normal  0.000000e+00  0.000000e+00  1.000000e+00
   outer loop
     vertex  2.565238e-01 -2.490104e+00  3.900000e+01
     vertex -1.315523e+00 -1.888279e+00  3.900000e+01
     vertex -1.250184e+00 -1.936567e+00  3.900000e+01
   endloop
 endfacet
 facet normal  0.000000e+00  0.000000e+00  1.000000e+00
   outer loop
     vertex  2.565238e-01 -2.490104e+00  3.900000e+01
     vertex  9.499996e-02 -2.472537e+00  3.900000e+01
     vertex  1.756429e-01 -2.482414e+00  3.900000e+01
   endloop
 endfacet
 facet normal  0.000000e+00  0.000000e+00  1.000000e+00
   outer loop
     vertex  2.565238e-01 -2.490104e+00  3.900000e+01
     vertex -1.250184e+00 -1.936567e+00  3.900000e+01
     vertex -1.115704e+00 -2.027746e+00  3.900000e+01
   endloop
 endfacet
 facet normal  0.000000e+00  0.000000e+00  1.000000e+00
   outer loop
     vertex  2.565238e-01 -2.490104e+00  3.900000e+01
     vertex -7.596673e-01 -2.222726e+00  3.900000e+01
     vertex -6.104145e-01 -2.286930e+00  3.900000e+01
   endloop
 endfacet
 facet normal  0.000000e+00  0.000000e+00  1.000000e+00
   outer loop
     vertex  2.565238e-01 -2.490104e+00  3.900000e+01
     vertex -1.115704e+00 -2.027746e+00  3.900000e+01
     vertex -7.596673e-01 -2.222726e+00  3.900000e+01
   endloop
 endfacet
 facet normal  0.000000e+00  0.000000e+00  1.000000e+00
   outer loop
     vertex  2.565238e-01 -2.490104e+00  3.900000e+01
     vertex -4.579046e-01 -2.342960e+00  3.900000e+01
     vertex  9.499996e-02 -2.472537e+00  3.900000e+01
   endloop
 endfacet
 facet normal  0.000000e+00  0.000000e+00  1.000000e+00
   outer loop
     vertex -2.495600e+00  3.375833e-01  3.900000e+01
     vertex -2.490104e+00  2.565238e-01  3.900000e+01
     vertex -2.482414e+00  1.756429e-01  3.900000e+01
   endloop
 endfacet
 facet normal  0.000000e+00  0.000000e+00  1.000000e+00
   outer loop
     vertex  5.000000e-01 -2.500000e+00  3.900000e+01
     vertex -1.315523e+00 -1.888279e+00  3.900000e+01
     vertex  2.565238e-01 -2.490104e+00  3.900000e+01
   endloop
 endfacet
 facet normal  0.000000e+00  0.000000e+00  1.000000e+00
   outer loop
     vertex  5.000000e-01 -2.500000e+00  3.900000e+01
     vertex -1.936567e+00 -1.250184e+00  3.900000e+01
     vertex -1.677986e+00 -1.563098e+00  3.900000e+01
   endloop
 endfacet
 facet normal  0.000000e+00  0.000000e+00  1.000000e+00
   outer loop
     vertex  5.000000e-01 -2.500000e+00  3.900000e+01
     vertex -1.442159e+00 -1.786486e+00  3.900000e+01
     vertex -1.315523e+00 -1.888279e+00  3.900000e+01
   endloop
 endfacet
 facet normal  0.000000e+00  0.000000e+00  1.000000e+00
   outer loop
     vertex  5.000000e-01 -2.500000e+00  3.900000e+01
     vertex -1.677986e+00 -1.563098e+00  3.900000e+01
     vertex -1.442159e+00 -1.786486e+00  3.900000e+01
   endloop
 endfacet
 facet normal  0.000000e+00  0.000000e+00  1.000000e+00
   outer loop
     vertex  5.000000e-01 -2.500000e+00  3.900000e+01
     vertex  2.565238e-01 -2.490104e+00  3.900000e+01
     vertex  3.375833e-01 -2.495600e+00  3.900000e+01
   endloop
 endfacet
 facet normal  0.000000e+00  0.000000e+00  1.000000e+00
   outer loop
     vertex  5.000000e-01 -2.500000e+00  3.900000e+01
     vertex  3.375833e-01 -2.495600e+00  3.900000e+01
     vertex  4.187618e-01 -2.498900e+00  3.900000e+01
   endloop
 endfacet
 facet normal  0.000000e+00  0.000000e+00  1.000000e+00
   outer loop
     vertex -2.500000e+00  5.000000e-01  3.900000e+01
     vertex -2.498900e+00  4.187618e-01  3.900000e+01
     vertex -2.495600e+00  3.375833e-01  3.900000e+01
   endloop
 endfacet
 facet normal  0.000000e+00  0.000000e+00  1.000000e+00
   outer loop
     vertex -2.500000e+00  5.000000e-01  3.900000e+01
     vertex -2.482414e+00  1.756429e-01  3.900000e+01
     vertex -2.472537e+00  9.499996e-02  3.900000e+01
   endloop
 endfacet
 facet normal  0.000000e+00  0.000000e+00  1.000000e+00
   outer loop
     vertex -2.500000e+00  5.000000e-01  3.900000e+01
     vertex -2.472537e+00  9.499996e-02  3.900000e+01
     vertex -2.460480e+00  1.465401e-02  3.900000e+01
   endloop
 endfacet
 facet normal  0.000000e+00  0.000000e+00  1.000000e+00
   outer loop
     vertex -2.500000e+00  5.000000e-01  3.900000e+01
     vertex -2.495600e+00  3.375833e-01  3.900000e+01
     vertex -2.482414e+00  1.756429e-01  3.900000e+01
   endloop
 endfacet
 facet normal  0.000000e+00  0.000000e+00  1.000000e+00
   outer loop
     vertex -2.500000e+00  5.000000e-01  3.900000e+01
     vertex -2.187617e+00 -8.329351e-01  3.900000e+01
     vertex -2.150536e+00 -9.052253e-01  3.900000e+01
   endloop
 endfacet
 facet normal  0.000000e+00  0.000000e+00  1.000000e+00
   outer loop
     vertex -2.500000e+00  5.000000e-01  3.900000e+01
     vertex -2.150536e+00 -9.052253e-01  3.900000e+01
     vertex -2.111512e+00 -9.764849e-01  3.900000e+01
   endloop
 endfacet
 facet normal  0.000000e+00  0.000000e+00  1.000000e+00
   outer loop
     vertex -2.500000e+00  5.000000e-01  3.900000e+01
     vertex -2.460480e+00  1.465401e-02  3.900000e+01
     vertex -2.342960e+00 -4.579046e-01  3.900000e+01
   endloop
 endfacet
 facet normal  0.000000e+00  0.000000e+00  1.000000e+00
   outer loop
     vertex -2.500000e+00  5.000000e-01  3.900000e+01
     vertex -1.936567e+00 -1.250184e+00  3.900000e+01
     vertex  5.000000e-01 -2.500000e+00  3.900000e+01
   endloop
 endfacet
 facet normal  0.000000e+00  0.000000e+00  1.000000e+00
   outer loop
     vertex -2.500000e+00  5.000000e-01  3.900000e+01
     vertex -2.342960e+00 -4.579046e-01  3.900000e+01
     vertex -2.187617e+00 -8.329351e-01  3.900000e+01
   endloop
 endfacet
 facet normal  0.000000e+00  0.000000e+00  1.000000e+00
   outer loop
     vertex -2.500000e+00  5.000000e-01  3.900000e+01
     vertex -2.111512e+00 -9.764849e-01  3.900000e+01
     vertex -1.936567e+00 -1.250184e+00  3.900000e+01
   endloop
 endfacet
 facet normal  0.000000e+00  0.000000e+00  1.000000e+00
   outer loop
     vertex -2.500000e+00  5.400000e+01  3.900000e+01
     vertex -2.500000e+00  5.000000e-01  3.900000e+01
     vertex  5.000000e-01 -2.500000e+00  3.900000e+01
   endloop
 endfacet
 facet normal  0.000000e+00  0.000000e+00  1.000000e+00
   outer loop
     vertex -2.490104e+00  5.424348e+01  3.900000e+01
     vertex -2.498900e+00  5.408124e+01  3.900000e+01
     vertex -2.500000e+00  5.400000e+01  3.900000e+01
   endloop
 endfacet
 facet normal  0.000000e+00  0.000000e+00  1.000000e+00
   outer loop
     vertex -2.490104e+00  5.424348e+01  3.900000e+01
     vertex -2.495600e+00  5.416242e+01  3.900000e+01
     vertex -2.498900e+00  5.408124e+01  3.900000e+01
   endloop
 endfacet
 facet normal  0.000000e+00  0.000000e+00  1.000000e+00
   outer loop
     vertex -2.472537e+00  5.440500e+01  3.900000e+01
     vertex -2.490104e+00  5.424348e+01  3.900000e+01
     vertex -2.500000e+00  5.400000e+01  3.900000e+01
   endloop
 endfacet
 facet normal  0.000000e+00  0.000000e+00  1.000000e+00
   outer loop
     vertex -2.472537e+00  5.440500e+01  3.900000e+01
     vertex -2.482414e+00  5.432436e+01  3.900000e+01
     vertex -2.490104e+00  5.424348e+01  3.900000e+01
   endloop
 endfacet
 facet normal  0.000000e+00  0.000000e+00  1.000000e+00
   outer loop
     vertex -2.460480e+00  5.448535e+01  3.900000e+01
     vertex -2.472537e+00  5.440500e+01  3.900000e+01
     vertex -2.500000e+00  5.400000e+01  3.900000e+01
   endloop
 endfacet
 facet normal  0.000000e+00  0.000000e+00  1.000000e+00
   outer loop
     vertex -2.446251e+00  5.456534e+01  3.900000e+01
     vertex -2.460480e+00  5.448535e+01  3.900000e+01
     vertex -2.500000e+00  5.400000e+01  3.900000e+01
   endloop
 endfacet
 facet normal  0.000000e+00  0.000000e+00  1.000000e+00
   outer loop
     vertex -2.411323e+00  5.472401e+01  3.900000e+01
     vertex -2.446251e+00  5.456534e+01  3.900000e+01
     vertex -2.500000e+00  5.400000e+01  3.900000e+01
   endloop
 endfacet
 facet normal  0.000000e+00  0.000000e+00  1.000000e+00
   outer loop
     vertex -2.411323e+00  5.472401e+01  3.900000e+01
     vertex -2.429862e+00  5.464491e+01  3.900000e+01
     vertex -2.446251e+00  5.456534e+01  3.900000e+01
   endloop
 endfacet
 facet normal  0.000000e+00  0.000000e+00  1.000000e+00
   outer loop
     vertex -2.367856e+00  5.488057e+01  3.900000e+01
     vertex -2.411323e+00  5.472401e+01  3.900000e+01
     vertex -2.500000e+00  5.400000e+01  3.900000e+01
   endloop
 endfacet
 facet normal  0.000000e+00  0.000000e+00  1.000000e+00
   outer loop
     vertex -2.367856e+00  5.488057e+01  3.900000e+01
     vertex -2.390650e+00  5.480259e+01  3.900000e+01
     vertex -2.411323e+00  5.472401e+01  3.900000e+01
   endloop
 endfacet
 facet normal  0.000000e+00  0.000000e+00  1.000000e+00
   outer loop
     vertex -2.342960e+00  5.495790e+01  3.900000e+01
     vertex -2.367856e+00  5.488057e+01  3.900000e+01
     vertex -2.500000e+00  5.400000e+01  3.900000e+01
   endloop
 endfacet
 facet normal  0.000000e+00  0.000000e+00  1.000000e+00
   outer loop
     vertex -2.255839e+00  5.518548e+01  3.900000e+01
     vertex -2.286930e+00  5.511041e+01  3.900000e+01
     vertex -2.315977e+00  5.503454e+01  3.900000e+01
   endloop
 endfacet
 facet normal  0.000000e+00  0.000000e+00  1.000000e+00
   outer loop
     vertex -2.187617e+00  5.533294e+01  3.900000e+01
     vertex -2.255839e+00  5.518548e+01  3.900000e+01
     vertex -2.315977e+00  5.503454e+01  3.900000e+01
   endloop
 endfacet
 facet normal  0.000000e+00  0.000000e+00  1.000000e+00
   outer loop
     vertex -2.187617e+00  5.533294e+01  3.900000e+01
     vertex -2.315977e+00  5.503454e+01  3.900000e+01
     vertex -2.342960e+00  5.495790e+01  3.900000e+01
   endloop
 endfacet
 facet normal  0.000000e+00  0.000000e+00  1.000000e+00
   outer loop
     vertex -2.187617e+00  5.533294e+01  3.900000e+01
     vertex -2.222726e+00  5.525967e+01  3.900000e+01
     vertex -2.255839e+00  5.518548e+01  3.900000e+01
   endloop
 endfacet
 facet normal  0.000000e+00  0.000000e+00  1.000000e+00
   outer loop
     vertex -2.150536e+00  5.540523e+01  3.900000e+01
     vertex -2.187617e+00  5.533294e+01  3.900000e+01
     vertex -2.342960e+00  5.495790e+01  3.900000e+01
   endloop
 endfacet
 facet normal  0.000000e+00  0.000000e+00  1.000000e+00
   outer loop
     vertex -2.070572e+00  5.554666e+01  3.900000e+01
     vertex -2.150536e+00  5.540523e+01  3.900000e+01
     vertex -2.342960e+00  5.495790e+01  3.900000e+01
   endloop
 endfacet
 facet normal  0.000000e+00  0.000000e+00  1.000000e+00
   outer loop
     vertex -2.070572e+00  5.554666e+01  3.900000e+01
     vertex -2.111512e+00  5.547648e+01  3.900000e+01
     vertex -2.150536e+00  5.540523e+01  3.900000e+01
   endloop
 endfacet
 facet normal  0.000000e+00  0.000000e+00  1.000000e+00
   outer loop
     vertex -1.983067e+00  5.568356e+01  3.900000e+01
     vertex -2.342960e+00  5.495790e+01  3.900000e+01
     vertex -2.500000e+00  5.400000e+01  3.900000e+01
   endloop
 endfacet
 facet normal  0.000000e+00  0.000000e+00  1.000000e+00
   outer loop
     vertex -1.983067e+00  5.568356e+01  3.900000e+01
     vertex -2.070572e+00  5.554666e+01  3.900000e+01
     vertex -2.342960e+00  5.495790e+01  3.900000e+01
   endloop
 endfacet
 facet normal  0.000000e+00  0.000000e+00  1.000000e+00
   outer loop
     vertex -1.983067e+00  5.568356e+01  3.900000e+01
     vertex -2.027746e+00  5.561570e+01  3.900000e+01
     vertex -2.070572e+00  5.554666e+01  3.900000e+01
   endloop
 endfacet
 facet normal  0.000000e+00  0.000000e+00  1.000000e+00
   outer loop
     vertex -1.888279e+00  5.581552e+01  3.900000e+01
     vertex -1.983067e+00  5.568356e+01  3.900000e+01
     vertex -2.500000e+00  5.400000e+01  3.900000e+01
   endloop
 endfacet
 facet normal  0.000000e+00  0.000000e+00  1.000000e+00
   outer loop
     vertex -1.888279e+00  5.581552e+01  3.900000e+01
     vertex -1.936567e+00  5.575018e+01  3.900000e+01
     vertex -1.983067e+00  5.568356e+01  3.900000e+01
   endloop
 endfacet
 facet normal  0.000000e+00  0.000000e+00  1.000000e+00
   outer loop
     vertex -1.733055e+00  5.600336e+01  3.900000e+01
     vertex -1.838240e+00  5.587953e+01  3.900000e+01
     vertex -1.888279e+00  5.581552e+01  3.900000e+01
   endloop
 endfacet
 facet normal  0.000000e+00  0.000000e+00  1.000000e+00
   outer loop
     vertex -1.733055e+00  5.600336e+01  3.900000e+01
     vertex -1.786486e+00  5.594216e+01  3.900000e+01
     vertex -1.838240e+00  5.587953e+01  3.900000e+01
   endloop
 endfacet
 facet normal  0.000000e+00  0.000000e+00  1.000000e+00
   outer loop
     vertex -1.733055e+00  5.600336e+01  3.900000e+01
     vertex -1.888279e+00  5.581552e+01  3.900000e+01
     vertex -2.500000e+00  5.400000e+01  3.900000e+01
   endloop
 endfacet
 facet normal  0.000000e+00  0.000000e+00  1.000000e+00
   outer loop
     vertex -1.621320e+00  5.612132e+01  3.900000e+01
     vertex -1.677986e+00  5.606310e+01  3.900000e+01
     vertex -1.733055e+00  5.600336e+01  3.900000e+01
   endloop
 endfacet
 facet normal  0.000000e+00  0.000000e+00  1.000000e+00
   outer loop
     vertex -1.563098e+00  5.617799e+01  3.900000e+01
     vertex -1.733055e+00  5.600336e+01  3.900000e+01
     vertex -2.500000e+00  5.400000e+01  3.900000e+01
   endloop
 endfacet
 facet normal  0.000000e+00  0.000000e+00  1.000000e+00
   outer loop
     vertex -1.563098e+00  5.617799e+01  3.900000e+01
     vertex -1.621320e+00  5.612132e+01  3.900000e+01
     vertex -1.733055e+00  5.600336e+01  3.900000e+01
   endloop
 endfacet
 facet normal  0.000000e+00  0.000000e+00  1.000000e+00
   outer loop
     vertex -1.442159e+00  5.628649e+01  3.900000e+01
     vertex -1.503363e+00  5.623306e+01  3.900000e+01
     vertex -1.563098e+00  5.617799e+01  3.900000e+01
   endloop
 endfacet
 facet normal  0.000000e+00  0.000000e+00  1.000000e+00
   outer loop
     vertex -1.379530e+00  5.633824e+01  3.900000e+01
     vertex -1.442159e+00  5.628649e+01  3.900000e+01
     vertex -1.563098e+00  5.617799e+01  3.900000e+01
   endloop
 endfacet
 facet normal  0.000000e+00  0.000000e+00  1.000000e+00
   outer loop
     vertex -1.250184e+00  5.643657e+01  3.900000e+01
     vertex -1.315523e+00  5.638828e+01  3.900000e+01
     vertex -1.379530e+00  5.633824e+01  3.900000e+01
   endloop
 endfacet
 facet normal  0.000000e+00  0.000000e+00  1.000000e+00
   outer loop
     vertex -1.250184e+00  5.643657e+01  3.900000e+01
     vertex -1.379530e+00  5.633824e+01  3.900000e+01
     vertex -1.563098e+00  5.617799e+01  3.900000e+01
   endloop
 endfacet
 facet normal  0.000000e+00  0.000000e+00  1.000000e+00
   outer loop
     vertex -1.183561e+00  5.648307e+01  3.900000e+01
     vertex -1.250184e+00  5.643657e+01  3.900000e+01
     vertex -1.563098e+00  5.617799e+01  3.900000e+01
   endloop
 endfacet
 facet normal  0.000000e+00  0.000000e+00  1.000000e+00
   outer loop
     vertex -6.854756e-01  5.675584e+01  3.900000e+01
     vertex -1.115704e+00  5.652775e+01  3.900000e+01
     vertex -1.183561e+00  5.648307e+01  3.900000e+01
   endloop
 endfacet
 facet normal  0.000000e+00  0.000000e+00  1.000000e+00
   outer loop
     vertex -6.854756e-01  5.675584e+01  3.900000e+01
     vertex -1.046662e+00  5.657057e+01  3.900000e+01
     vertex -1.115704e+00  5.652775e+01  3.900000e+01
   endloop
 endfacet
 facet normal  0.000000e+00  0.000000e+00  1.000000e+00
   outer loop
     vertex -6.854756e-01  5.675584e+01  3.900000e+01
     vertex -9.764849e-01  5.661151e+01  3.900000e+01
     vertex -1.046662e+00  5.657057e+01  3.900000e+01
   endloop
 endfacet
 facet normal  0.000000e+00  0.000000e+00  1.000000e+00
   outer loop
     vertex -6.854756e-01  5.675584e+01  3.900000e+01
     vertex -9.052253e-01  5.665054e+01  3.900000e+01
     vertex -9.764849e-01  5.661151e+01  3.900000e+01
   endloop
 endfacet
 facet normal  0.000000e+00  0.000000e+00  1.000000e+00
   outer loop
     vertex -6.854756e-01  5.675584e+01  3.900000e+01
     vertex -8.329351e-01  5.668762e+01  3.900000e+01
     vertex -9.052253e-01  5.665054e+01  3.900000e+01
   endloop
 endfacet
 facet normal  0.000000e+00  0.000000e+00  1.000000e+00
   outer loop
     vertex -6.854756e-01  5.675584e+01  3.900000e+01
     vertex -7.596673e-01  5.672273e+01  3.900000e+01
     vertex -8.329351e-01  5.668762e+01  3.900000e+01
   endloop
 endfacet
 facet normal  0.000000e+00  0.000000e+00  1.000000e+00
   outer loop
     vertex -6.104145e-01  5.678693e+01  3.900000e+01
     vertex -6.854756e-01  5.675584e+01  3.900000e+01
     vertex -1.183561e+00  5.648307e+01  3.900000e+01
   endloop
 endfacet
 facet normal  0.000000e+00  0.000000e+00  1.000000e+00
   outer loop
     vertex -5.345389e-01  5.681598e+01  3.900000e+01
     vertex -6.104145e-01  5.678693e+01  3.900000e+01
     vertex -1.183561e+00  5.648307e+01  3.900000e+01
   endloop
 endfacet
 facet normal  0.000000e+00  0.000000e+00  1.000000e+00
   outer loop
     vertex -3.805677e-01  5.686786e+01  3.900000e+01
     vertex -4.579046e-01  5.684296e+01  3.900000e+01
     vertex -5.345389e-01  5.681598e+01  3.900000e+01
   endloop
 endfacet
 facet normal  0.000000e+00  0.000000e+00  1.000000e+00
   outer loop
     vertex -3.805677e-01  5.686786e+01  3.900000e+01
     vertex -5.345389e-01  5.681598e+01  3.900000e+01
     vertex -1.183561e+00  5.648307e+01  3.900000e+01
   endloop
 endfacet
 facet normal  0.000000e+00  0.000000e+00  1.000000e+00
   outer loop
     vertex -2.240137e-01  5.691132e+01  3.900000e+01
     vertex -3.025850e-01  5.689065e+01  3.900000e+01
     vertex -3.805677e-01  5.686786e+01  3.900000e+01
   endloop
 endfacet
 facet normal  0.000000e+00  0.000000e+00  1.000000e+00
   outer loop
     vertex -2.240137e-01  5.691132e+01  3.900000e+01
     vertex -3.805677e-01  5.686786e+01  3.900000e+01
     vertex -1.183561e+00  5.648307e+01  3.900000e+01
   endloop
 endfacet
 facet normal  0.000000e+00  0.000000e+00  1.000000e+00
   outer loop
     vertex -6.533597e-02  5.694625e+01  3.900000e+01
     vertex -1.449113e-01  5.692986e+01  3.900000e+01
     vertex -2.240137e-01  5.691132e+01  3.900000e+01
   endloop
 endfacet
 facet normal  0.000000e+00  0.000000e+00  1.000000e+00
   outer loop
     vertex -6.533597e-02  5.694625e+01  3.900000e+01
     vertex -2.240137e-01  5.691132e+01  3.900000e+01
     vertex -1.183561e+00  5.648307e+01  3.900000e+01
   endloop
 endfacet
 facet normal  0.000000e+00  0.000000e+00  1.000000e+00
   outer loop
     vertex  9.499996e-02  5.697254e+01  3.900000e+01
     vertex  1.465401e-02  5.696048e+01  3.900000e+01
     vertex -6.533597e-02  5.694625e+01  3.900000e+01
   endloop
 endfacet
 facet normal  0.000000e+00  0.000000e+00  1.000000e+00
   outer loop
     vertex  1.756429e-01  5.698241e+01  3.900000e+01
     vertex  9.499996e-02  5.697254e+01  3.900000e+01
     vertex -6.533597e-02  5.694625e+01  3.900000e+01
   endloop
 endfacet
 facet normal  0.000000e+00  0.000000e+00  1.000000e+00
   outer loop
     vertex  2.565238e-01  5.699010e+01  3.900000e+01
     vertex -1.183561e+00  5.648307e+01  3.900000e+01
     vertex -1.563098e+00  5.617799e+01  3.900000e+01
   endloop
 endfacet
 facet normal  0.000000e+00  0.000000e+00  1.000000e+00
   outer loop
     vertex  2.565238e-01  5.699010e+01  3.900000e+01
     vertex -6.533597e-02  5.694625e+01  3.900000e+01
     vertex -1.183561e+00  5.648307e+01  3.900000e+01
   endloop
 endfacet
 facet normal  0.000000e+00  0.000000e+00  1.000000e+00
   outer loop
     vertex  2.565238e-01  5.699010e+01  3.900000e+01
     vertex  1.756429e-01  5.698241e+01  3.900000e+01
     vertex -6.533597e-02  5.694625e+01  3.900000e+01
   endloop
 endfacet
 facet normal  0.000000e+00  0.000000e+00  1.000000e+00
   outer loop
     vertex  5.000000e-01  5.700000e+01  3.900000e+01
     vertex -1.563098e+00  5.617799e+01  3.900000e+01
     vertex -2.500000e+00  5.400000e+01  3.900000e+01
   endloop
 endfacet
 facet normal  0.000000e+00  0.000000e+00  1.000000e+00
   outer loop
     vertex  5.000000e-01  5.700000e+01  3.900000e+01
     vertex  3.375833e-01  5.699560e+01  3.900000e+01
     vertex  2.565238e-01  5.699010e+01  3.900000e+01
   endloop
 endfacet
 facet normal  0.000000e+00  0.000000e+00  1.000000e+00
   outer loop
     vertex  5.000000e-01  5.700000e+01  3.900000e+01
     vertex  4.187618e-01  5.699890e+01  3.900000e+01
     vertex  3.375833e-01  5.699560e+01  3.900000e+01
   endloop
 endfacet
 facet normal  0.000000e+00  0.000000e+00  1.000000e+00
   outer loop
     vertex  5.000000e-01  5.700000e+01  3.900000e+01
     vertex -2.500000e+00  5.400000e+01  3.900000e+01
     vertex  5.000000e-01 -2.500000e+00  3.900000e+01
   endloop
 endfacet
 facet normal  0.000000e+00  0.000000e+00  1.000000e+00
   outer loop
     vertex  5.000000e-01  5.700000e+01  3.900000e+01
     vertex  2.565238e-01  5.699010e+01  3.900000e+01
     vertex -1.563098e+00  5.617799e+01  3.900000e+01
   endloop
 endfacet
 facet normal  0.000000e+00  0.000000e+00  1.000000e+00
   outer loop
     vertex  7.775000e+01 -2.500000e+00  3.900000e+01
     vertex  5.000000e-01  5.700000e+01  3.900000e+01
     vertex  5.000000e-01 -2.500000e+00  3.900000e+01
   endloop
 endfacet
 facet normal  0.000000e+00  0.000000e+00  1.000000e+00
   outer loop
     vertex  7.791242e+01 -2.495600e+00  3.900000e+01
     vertex  7.775000e+01 -2.500000e+00  3.900000e+01
     vertex  7.783124e+01 -2.498900e+00  3.900000e+01
   endloop
 endfacet
 facet normal  0.000000e+00  0.000000e+00  1.000000e+00
   outer loop
     vertex  7.799348e+01 -2.490104e+00  3.900000e+01
     vertex  7.775000e+01 -2.500000e+00  3.900000e+01
     vertex  7.791242e+01 -2.495600e+00  3.900000e+01
   endloop
 endfacet
 facet normal  0.000000e+00  0.000000e+00  1.000000e+00
   outer loop
     vertex  7.807436e+01 -2.482414e+00  3.900000e+01
     vertex  7.775000e+01 -2.500000e+00  3.900000e+01
     vertex  7.799348e+01 -2.490104e+00  3.900000e+01
   endloop
 endfacet
 facet normal  0.000000e+00  0.000000e+00  1.000000e+00
   outer loop
     vertex  7.831534e+01 -2.446251e+00  3.900000e+01
     vertex  7.815500e+01 -2.472537e+00  3.900000e+01
     vertex  7.823535e+01 -2.460480e+00  3.900000e+01
   endloop
 endfacet
 facet normal  0.000000e+00  0.000000e+00  1.000000e+00
   outer loop
     vertex  7.831534e+01 -2.446251e+00  3.900000e+01
     vertex  7.807436e+01 -2.482414e+00  3.900000e+01
     vertex  7.815500e+01 -2.472537e+00  3.900000e+01
   endloop
 endfacet
 facet normal  0.000000e+00  0.000000e+00  1.000000e+00
   outer loop
     vertex  7.831534e+01 -2.446251e+00  3.900000e+01
     vertex  7.775000e+01 -2.500000e+00  3.900000e+01
     vertex  7.807436e+01 -2.482414e+00  3.900000e+01
   endloop
 endfacet
 facet normal  0.000000e+00  0.000000e+00  1.000000e+00
   outer loop
     vertex  7.839491e+01 -2.429862e+00  3.900000e+01
     vertex  7.775000e+01 -2.500000e+00  3.900000e+01
     vertex  7.831534e+01 -2.446251e+00  3.900000e+01
   endloop
 endfacet
 facet normal  0.000000e+00  0.000000e+00  1.000000e+00
   outer loop
     vertex  7.855259e+01 -2.390650e+00  3.900000e+01
     vertex  7.839491e+01 -2.429862e+00  3.900000e+01
     vertex  7.847401e+01 -2.411323e+00  3.900000e+01
   endloop
 endfacet
 facet normal  0.000000e+00  0.000000e+00  1.000000e+00
   outer loop
     vertex  7.863057e+01 -2.367856e+00  3.900000e+01
     vertex  7.839491e+01 -2.429862e+00  3.900000e+01
     vertex  7.855259e+01 -2.390650e+00  3.900000e+01
   endloop
 endfacet
 facet normal  0.000000e+00  0.000000e+00  1.000000e+00
   outer loop
     vertex  7.878454e+01 -2.315977e+00  3.900000e+01
     vertex  7.863057e+01 -2.367856e+00  3.900000e+01
     vertex  7.870790e+01 -2.342960e+00  3.900000e+01
   endloop
 endfacet
 facet normal  0.000000e+00  0.000000e+00  1.000000e+00
   outer loop
     vertex  7.878454e+01 -2.315977e+00  3.900000e+01
     vertex  7.775000e+01 -2.500000e+00  3.900000e+01
     vertex  7.839491e+01 -2.429862e+00  3.900000e+01
   endloop
 endfacet
 facet normal  0.000000e+00  0.000000e+00  1.000000e+00
   outer loop
     vertex  7.878454e+01 -2.315977e+00  3.900000e+01
     vertex  7.839491e+01 -2.429862e+00  3.900000e+01
     vertex  7.863057e+01 -2.367856e+00  3.900000e+01
   endloop
 endfacet
 facet normal  0.000000e+00  0.000000e+00  1.000000e+00
   outer loop
     vertex  7.900967e+01 -2.222726e+00  3.900000e+01
     vertex  7.886041e+01 -2.286930e+00  3.900000e+01
     vertex  7.893548e+01 -2.255839e+00  3.900000e+01
   endloop
 endfacet
 facet normal  0.000000e+00  0.000000e+00  1.000000e+00
   outer loop
     vertex  7.900967e+01 -2.222726e+00  3.900000e+01
     vertex  7.878454e+01 -2.315977e+00  3.900000e+01
     vertex  7.886041e+01 -2.286930e+00  3.900000e+01
   endloop
 endfacet
 facet normal  0.000000e+00  0.000000e+00  1.000000e+00
   outer loop
     vertex  7.900967e+01 -2.222726e+00  3.900000e+01
     vertex  7.775000e+01 -2.500000e+00  3.900000e+01
     vertex  7.878454e+01 -2.315977e+00  3.900000e+01
   endloop
 endfacet
 facet normal  0.000000e+00  0.000000e+00  1.000000e+00
   outer loop
     vertex  7.908294e+01 -2.187617e+00  3.900000e+01
     vertex  7.775000e+01 -2.500000e+00  3.900000e+01
     vertex  7.900967e+01 -2.222726e+00  3.900000e+01
   endloop
 endfacet
 facet normal  0.000000e+00  0.000000e+00  1.000000e+00
   outer loop
     vertex  7.936570e+01 -2.027746e+00  3.900000e+01
     vertex  7.908294e+01 -2.187617e+00  3.900000e+01
     vertex  7.915523e+01 -2.150536e+00  3.900000e+01
   endloop
 endfacet
 facet normal  0.000000e+00  0.000000e+00  1.000000e+00
   outer loop
     vertex  7.936570e+01 -2.027746e+00  3.900000e+01
     vertex  7.922648e+01 -2.111512e+00  3.900000e+01
     vertex  7.929666e+01 -2.070572e+00  3.900000e+01
   endloop
 endfacet
 facet normal  0.000000e+00  0.000000e+00  1.000000e+00
   outer loop
     vertex  7.936570e+01 -2.027746e+00  3.900000e+01
     vertex  7.915523e+01 -2.150536e+00  3.900000e+01
     vertex  7.922648e+01 -2.111512e+00  3.900000e+01
   endloop
 endfacet
 facet normal  0.000000e+00  0.000000e+00  1.000000e+00
   outer loop
     vertex  7.943356e+01 -1.983067e+00  3.900000e+01
     vertex  7.908294e+01 -2.187617e+00  3.900000e+01
     vertex  7.936570e+01 -2.027746e+00  3.900000e+01
   endloop
 endfacet
 facet normal  0.000000e+00  0.000000e+00  1.000000e+00
   outer loop
     vertex  7.950018e+01 -1.936567e+00  3.900000e+01
     vertex  7.775000e+01 -2.500000e+00  3.900000e+01
     vertex  7.908294e+01 -2.187617e+00  3.900000e+01
   endloop
 endfacet
 facet normal  0.000000e+00  0.000000e+00  1.000000e+00
   outer loop
     vertex  7.950018e+01 -1.936567e+00  3.900000e+01
     vertex  7.908294e+01 -2.187617e+00  3.900000e+01
     vertex  7.943356e+01 -1.983067e+00  3.900000e+01
   endloop
 endfacet
 facet normal  0.000000e+00  0.000000e+00  1.000000e+00
   outer loop
     vertex  7.962953e+01 -1.838240e+00  3.900000e+01
     vertex  7.950018e+01 -1.936567e+00  3.900000e+01
     vertex  7.956552e+01 -1.888279e+00  3.900000e+01
   endloop
 endfacet
 facet normal  0.000000e+00  0.000000e+00  1.000000e+00
   outer loop
     vertex  7.969216e+01 -1.786486e+00  3.900000e+01
     vertex  7.950018e+01 -1.936567e+00  3.900000e+01
     vertex  7.962953e+01 -1.838240e+00  3.900000e+01
   endloop
 endfacet
 facet normal  0.000000e+00  0.000000e+00  1.000000e+00
   outer loop
     vertex  7.981310e+01 -1.677986e+00  3.900000e+01
     vertex  7.950018e+01 -1.936567e+00  3.900000e+01
     vertex  7.969216e+01 -1.786486e+00  3.900000e+01
   endloop
 endfacet
 facet normal  0.000000e+00  0.000000e+00  1.000000e+00
   outer loop
     vertex  7.981310e+01 -1.677986e+00  3.900000e+01
     vertex  7.969216e+01 -1.786486e+00  3.900000e+01
     vertex  7.975336e+01 -1.733055e+00  3.900000e+01
   endloop
 endfacet
 facet normal  0.000000e+00  0.000000e+00  1.000000e+00
   outer loop
     vertex  7.987132e+01 -1.621320e+00  3.900000e+01
     vertex  7.950018e+01 -1.936567e+00  3.900000e+01
     vertex  7.981310e+01 -1.677986e+00  3.900000e+01
   endloop
 endfacet
 facet normal  0.000000e+00  0.000000e+00  1.000000e+00
   outer loop
     vertex  7.992799e+01 -1.563098e+00  3.900000e+01
     vertex  7.775000e+01 -2.500000e+00  3.900000e+01
     vertex  7.950018e+01 -1.936567e+00  3.900000e+01
   endloop
 endfacet
 facet normal  0.000000e+00  0.000000e+00  1.000000e+00
   outer loop
     vertex  7.992799e+01 -1.563098e+00  3.900000e+01
     vertex  7.950018e+01 -1.936567e+00  3.900000e+01
     vertex  7.987132e+01 -1.621320e+00  3.900000e+01
   endloop
 endfacet
 facet normal  0.000000e+00  0.000000e+00  1.000000e+00
   outer loop
     vertex  7.998306e+01 -1.503363e+00  3.900000e+01
     vertex  7.775000e+01 -2.500000e+00  3.900000e+01
     vertex  7.992799e+01 -1.563098e+00  3.900000e+01
   endloop
 endfacet
 facet normal  0.000000e+00  0.000000e+00  1.000000e+00
   outer loop
     vertex  8.008824e+01 -1.379530e+00  3.900000e+01
     vertex  7.998306e+01 -1.503363e+00  3.900000e+01
     vertex  8.003649e+01 -1.442159e+00  3.900000e+01
   endloop
 endfacet
 facet normal  0.000000e+00  0.000000e+00  1.000000e+00
   outer loop
     vertex  8.018657e+01 -1.250184e+00  3.900000e+01
     vertex  7.775000e+01 -2.500000e+00  3.900000e+01
     vertex  7.998306e+01 -1.503363e+00  3.900000e+01
   endloop
 endfacet
 facet normal  0.000000e+00  0.000000e+00  1.000000e+00
   outer loop
     vertex  8.018657e+01 -1.250184e+00  3.900000e+01
     vertex  7.998306e+01 -1.503363e+00  3.900000e+01
     vertex  8.008824e+01 -1.379530e+00  3.900000e+01
   endloop
 endfacet
 facet normal  0.000000e+00  0.000000e+00  1.000000e+00
   outer loop
     vertex  8.018657e+01 -1.250184e+00  3.900000e+01
     vertex  8.008824e+01 -1.379530e+00  3.900000e+01
     vertex  8.013828e+01 -1.315523e+00  3.900000e+01
   endloop
 endfacet
 facet normal  0.000000e+00  0.000000e+00  1.000000e+00
   outer loop
     vertex  8.023307e+01 -1.183561e+00  3.900000e+01
     vertex  7.775000e+01 -2.500000e+00  3.900000e+01
     vertex  8.018657e+01 -1.250184e+00  3.900000e+01
   endloop
 endfacet
 facet normal  0.000000e+00  0.000000e+00  1.000000e+00
   outer loop
     vertex  8.027775e+01 -1.115704e+00  3.900000e+01
     vertex  7.775000e+01 -2.500000e+00  3.900000e+01
     vertex  8.023307e+01 -1.183561e+00  3.900000e+01
   endloop
 endfacet
 facet normal  0.000000e+00  0.000000e+00  1.000000e+00
   outer loop
     vertex  8.040054e+01 -9.052253e-01  3.900000e+01
     vertex  8.032057e+01 -1.046662e+00  3.900000e+01
     vertex  8.036151e+01 -9.764849e-01  3.900000e+01
   endloop
 endfacet
 facet normal  0.000000e+00  0.000000e+00  1.000000e+00
   outer loop
     vertex  8.043762e+01 -8.329351e-01  3.900000e+01
     vertex  8.032057e+01 -1.046662e+00  3.900000e+01
     vertex  8.040054e+01 -9.052253e-01  3.900000e+01
   endloop
 endfacet
 facet normal  0.000000e+00  0.000000e+00  1.000000e+00
   outer loop
     vertex  8.043762e+01 -8.329351e-01  3.900000e+01
     vertex  8.027775e+01 -1.115704e+00  3.900000e+01
     vertex  8.032057e+01 -1.046662e+00  3.900000e+01
   endloop
 endfacet
 facet normal  0.000000e+00  0.000000e+00  1.000000e+00
   outer loop
     vertex  8.050584e+01 -6.854756e-01  3.900000e+01
     vertex  8.043762e+01 -8.329351e-01  3.900000e+01
     vertex  8.047273e+01 -7.596673e-01  3.900000e+01
   endloop
 endfacet
 facet normal  0.000000e+00  0.000000e+00  1.000000e+00
   outer loop
     vertex  8.053693e+01 -6.104145e-01  3.900000e+01
     vertex  7.775000e+01 -2.500000e+00  3.900000e+01
     vertex  8.027775e+01 -1.115704e+00  3.900000e+01
   endloop
 endfacet
 facet normal  0.000000e+00  0.000000e+00  1.000000e+00
   outer loop
     vertex  8.053693e+01 -6.104145e-01  3.900000e+01
     vertex  8.027775e+01 -1.115704e+00  3.900000e+01
     vertex  8.043762e+01 -8.329351e-01  3.900000e+01
   endloop
 endfacet
 facet normal  0.000000e+00  0.000000e+00  1.000000e+00
   outer loop
     vertex  8.053693e+01 -6.104145e-01  3.900000e+01
     vertex  8.043762e+01 -8.329351e-01  3.900000e+01
     vertex  8.050584e+01 -6.854756e-01  3.900000e+01
   endloop
 endfacet
 facet normal  0.000000e+00  0.000000e+00  1.000000e+00
   outer loop
     vertex  8.056598e+01 -5.345389e-01  3.900000e+01
     vertex  7.775000e+01 -2.500000e+00  3.900000e+01
     vertex  8.053693e+01 -6.104145e-01  3.900000e+01
   endloop
 endfacet
 facet normal  0.000000e+00  0.000000e+00  1.000000e+00
   outer loop
     vertex  8.064065e+01 -3.025850e-01  3.900000e+01
     vertex  8.059296e+01 -4.579046e-01  3.900000e+01
     vertex  8.061786e+01 -3.805677e-01  3.900000e+01
   endloop
 endfacet
 facet normal  0.000000e+00  0.000000e+00  1.000000e+00
   outer loop
     vertex  8.064065e+01 -3.025850e-01  3.900000e+01
     vertex  8.056598e+01 -5.345389e-01  3.900000e+01
     vertex  8.059296e+01 -4.579046e-01  3.900000e+01
   endloop
 endfacet
 facet normal  0.000000e+00  0.000000e+00  1.000000e+00
   outer loop
     vertex  8.066132e+01 -2.240137e-01  3.900000e+01
     vertex  8.056598e+01 -5.345389e-01  3.900000e+01
     vertex  8.064065e+01 -3.025850e-01  3.900000e+01
   endloop
 endfacet
 facet normal  0.000000e+00  0.000000e+00  1.000000e+00
   outer loop
     vertex  8.067986e+01 -1.449113e-01  3.900000e+01
     vertex  7.775000e+01 -2.500000e+00  3.900000e+01
     vertex  8.056598e+01 -5.345389e-01  3.900000e+01
   endloop
 endfacet
 facet normal  0.000000e+00  0.000000e+00  1.000000e+00
   outer loop
     vertex  8.067986e+01 -1.449113e-01  3.900000e+01
     vertex  8.056598e+01 -5.345389e-01  3.900000e+01
     vertex  8.066132e+01 -2.240137e-01  3.900000e+01
   endloop
 endfacet
 facet normal  0.000000e+00  0.000000e+00  1.000000e+00
   outer loop
     vertex  8.072254e+01  9.499996e-02  3.900000e+01
     vertex  8.069625e+01 -6.533597e-02  3.900000e+01
     vertex  8.071048e+01  1.465401e-02  3.900000e+01
   endloop
 endfacet
 facet normal  0.000000e+00  0.000000e+00  1.000000e+00
   outer loop
     vertex  8.072254e+01  9.499996e-02  3.900000e+01
     vertex  8.067986e+01 -1.449113e-01  3.900000e+01
     vertex  8.069625e+01 -6.533597e-02  3.900000e+01
   endloop
 endfacet
 facet normal  0.000000e+00  0.000000e+00  1.000000e+00
   outer loop
     vertex  8.073241e+01  1.756429e-01  3.900000e+01
     vertex  8.067986e+01 -1.449113e-01  3.900000e+01
     vertex  8.072254e+01  9.499996e-02  3.900000e+01
   endloop
 endfacet
 facet normal  0.000000e+00  0.000000e+00  1.000000e+00
   outer loop
     vertex  8.074010e+01  2.565238e-01  3.900000e+01
     vertex  7.775000e+01 -2.500000e+00  3.900000e+01
     vertex  8.067986e+01 -1.449113e-01  3.900000e+01
   endloop
 endfacet
 facet normal  0.000000e+00  0.000000e+00  1.000000e+00
   outer loop
     vertex  8.074010e+01  2.565238e-01  3.900000e+01
     vertex  8.067986e+01 -1.449113e-01  3.900000e+01
     vertex  8.073241e+01  1.756429e-01  3.900000e+01
   endloop
 endfacet
 facet normal  0.000000e+00  0.000000e+00  1.000000e+00
   outer loop
     vertex  8.074560e+01  3.375833e-01  3.900000e+01
     vertex  7.775000e+01 -2.500000e+00  3.900000e+01
     vertex  8.074010e+01  2.565238e-01  3.900000e+01
   endloop
 endfacet
 facet normal  0.000000e+00  0.000000e+00  1.000000e+00
   outer loop
     vertex  8.074890e+01  4.187618e-01  3.900000e+01
     vertex  7.775000e+01 -2.500000e+00  3.900000e+01
     vertex  8.074560e+01  3.375833e-01  3.900000e+01
   endloop
 endfacet
 facet normal  0.000000e+00  0.000000e+00  1.000000e+00
   outer loop
     vertex  8.075000e+01  5.000000e-01  3.900000e+01
     vertex  7.775000e+01 -2.500000e+00  3.900000e+01
     vertex  8.074890e+01  4.187618e-01  3.900000e+01
   endloop
 endfacet
 facet normal  0.000000e+00  0.000000e+00  1.000000e+00
   outer loop
     vertex  7.775000e+01  5.700000e+01  3.900000e+01
     vertex  8.075000e+01  5.000000e-01  3.900000e+01
     vertex  8.075000e+01  5.400000e+01  3.900000e+01
   endloop
 endfacet
 facet normal  0.000000e+00  0.000000e+00  1.000000e+00
   outer loop
     vertex  7.775000e+01  5.700000e+01  3.900000e+01
     vertex  5.000000e-01  5.700000e+01  3.900000e+01
     vertex  7.775000e+01 -2.500000e+00  3.900000e+01
   endloop
 endfacet
 facet normal  0.000000e+00  0.000000e+00  1.000000e+00
   outer loop
     vertex  7.775000e+01  5.700000e+01  3.900000e+01
     vertex  7.775000e+01 -2.500000e+00  3.900000e+01
     vertex  8.075000e+01  5.000000e-01  3.900000e+01
   endloop
 endfacet
 facet normal  0.000000e+00  0.000000e+00  1.000000e+00
   outer loop
     vertex  8.074010e+01  5.424348e+01  3.900000e+01
     vertex  8.074890e+01  5.408124e+01  3.900000e+01
     vertex  8.074560e+01  5.416242e+01  3.900000e+01
   endloop
 endfacet
 facet normal  0.000000e+00  0.000000e+00  1.000000e+00
   outer loop
     vertex  7.807436e+01  5.698241e+01  3.900000e+01
     vertex  7.799348e+01  5.699010e+01  3.900000e+01
     vertex  7.791242e+01  5.699560e+01  3.900000e+01
   endloop
 endfacet
 facet normal  0.000000e+00  0.000000e+00  1.000000e+00
   outer loop
     vertex  7.831534e+01  5.694625e+01  3.900000e+01
     vertex  7.823535e+01  5.696048e+01  3.900000e+01
     vertex  7.815500e+01  5.697254e+01  3.900000e+01
   endloop
 endfacet
 facet normal  0.000000e+00  0.000000e+00  1.000000e+00
   outer loop
     vertex  7.831534e+01  5.694625e+01  3.900000e+01
     vertex  7.815500e+01  5.697254e+01  3.900000e+01
     vertex  7.807436e+01  5.698241e+01  3.900000e+01
   endloop
 endfacet
 facet normal  0.000000e+00  0.000000e+00  1.000000e+00
   outer loop
     vertex  7.831534e+01  5.694625e+01  3.900000e+01
     vertex  7.791242e+01  5.699560e+01  3.900000e+01
     vertex  7.783124e+01  5.699890e+01  3.900000e+01
   endloop
 endfacet
 facet normal  0.000000e+00  0.000000e+00  1.000000e+00
   outer loop
     vertex  7.831534e+01  5.694625e+01  3.900000e+01
     vertex  7.783124e+01  5.699890e+01  3.900000e+01
     vertex  7.775000e+01  5.700000e+01  3.900000e+01
   endloop
 endfacet
 facet normal  0.000000e+00  0.000000e+00  1.000000e+00
   outer loop
     vertex  7.831534e+01  5.694625e+01  3.900000e+01
     vertex  7.775000e+01  5.700000e+01  3.900000e+01
     vertex  8.075000e+01  5.400000e+01  3.900000e+01
   endloop
 endfacet
 facet normal  0.000000e+00  0.000000e+00  1.000000e+00
   outer loop
     vertex  7.831534e+01  5.694625e+01  3.900000e+01
     vertex  7.807436e+01  5.698241e+01  3.900000e+01
     vertex  7.791242e+01  5.699560e+01  3.900000e+01
   endloop
 endfacet
 facet normal  0.000000e+00  0.000000e+00  1.000000e+00
   outer loop
     vertex  8.067986e+01  5.464491e+01  3.900000e+01
     vertex  8.074010e+01  5.424348e+01  3.900000e+01
     vertex  8.073241e+01  5.432436e+01  3.900000e+01
   endloop
 endfacet
 facet normal  0.000000e+00  0.000000e+00  1.000000e+00
   outer loop
     vertex  8.067986e+01  5.464491e+01  3.900000e+01
     vertex  8.073241e+01  5.432436e+01  3.900000e+01
     vertex  8.072254e+01  5.440500e+01  3.900000e+01
   endloop
 endfacet
 facet normal  0.000000e+00  0.000000e+00  1.000000e+00
   outer loop
     vertex  8.067986e+01  5.464491e+01  3.900000e+01
     vertex  8.072254e+01  5.440500e+01  3.900000e+01
     vertex  8.071048e+01  5.448535e+01  3.900000e+01
   endloop
 endfacet
 facet normal  0.000000e+00  0.000000e+00  1.000000e+00
   outer loop
     vertex  8.067986e+01  5.464491e+01  3.900000e+01
     vertex  8.071048e+01  5.448535e+01  3.900000e+01
     vertex  8.069625e+01  5.456534e+01  3.900000e+01
   endloop
 endfacet
 facet normal  0.000000e+00  0.000000e+00  1.000000e+00
   outer loop
     vertex  7.847401e+01  5.691132e+01  3.900000e+01
     vertex  7.839491e+01  5.692986e+01  3.900000e+01
     vertex  7.831534e+01  5.694625e+01  3.900000e+01
   endloop
 endfacet
 facet normal  0.000000e+00  0.000000e+00  1.000000e+00
   outer loop
     vertex  8.066132e+01  5.472401e+01  3.900000e+01
     vertex  8.074890e+01  5.408124e+01  3.900000e+01
     vertex  8.074010e+01  5.424348e+01  3.900000e+01
   endloop
 endfacet
 facet normal  0.000000e+00  0.000000e+00  1.000000e+00
   outer loop
     vertex  8.066132e+01  5.472401e+01  3.900000e+01
     vertex  8.074010e+01  5.424348e+01  3.900000e+01
     vertex  8.067986e+01  5.464491e+01  3.900000e+01
   endloop
 endfacet
 facet normal  0.000000e+00  0.000000e+00  1.000000e+00
   outer loop
     vertex  7.855259e+01  5.689065e+01  3.900000e+01
     vertex  7.831534e+01  5.694625e+01  3.900000e+01
     vertex  8.075000e+01  5.400000e+01  3.900000e+01
   endloop
 endfacet
 facet normal  0.000000e+00  0.000000e+00  1.000000e+00
   outer loop
     vertex  7.855259e+01  5.689065e+01  3.900000e+01
     vertex  7.847401e+01  5.691132e+01  3.900000e+01
     vertex  7.831534e+01  5.694625e+01  3.900000e+01
   endloop
 endfacet
 facet normal  0.000000e+00  0.000000e+00  1.000000e+00
   outer loop
     vertex  7.855259e+01  5.689065e+01  3.900000e+01
     vertex  8.075000e+01  5.400000e+01  3.900000e+01
     vertex  8.074890e+01  5.408124e+01  3.900000e+01
   endloop
 endfacet
 facet normal  0.000000e+00  0.000000e+00  1.000000e+00
   outer loop
     vertex  7.863057e+01  5.686786e+01  3.900000e+01
     vertex  7.855259e+01  5.689065e+01  3.900000e+01
     vertex  8.074890e+01  5.408124e+01  3.900000e+01
   endloop
 endfacet
 facet normal  0.000000e+00  0.000000e+00  1.000000e+00
   outer loop
     vertex  8.059296e+01  5.495790e+01  3.900000e+01
     vertex  8.066132e+01  5.472401e+01  3.900000e+01
     vertex  8.064065e+01  5.480259e+01  3.900000e+01
   endloop
 endfacet
 facet normal  0.000000e+00  0.000000e+00  1.000000e+00
   outer loop
     vertex  8.059296e+01  5.495790e+01  3.900000e+01
     vertex  8.064065e+01  5.480259e+01  3.900000e+01
     vertex  8.061786e+01  5.488057e+01  3.900000e+01
   endloop
 endfacet
 facet normal  0.000000e+00  0.000000e+00  1.000000e+00
   outer loop
     vertex  7.886041e+01  5.678693e+01  3.900000e+01
     vertex  7.878454e+01  5.681598e+01  3.900000e+01
     vertex  7.870790e+01  5.684296e+01  3.900000e+01
   endloop
 endfacet
 facet normal  0.000000e+00  0.000000e+00  1.000000e+00
   outer loop
     vertex  7.893548e+01  5.675584e+01  3.900000e+01
     vertex  7.886041e+01  5.678693e+01  3.900000e+01
     vertex  7.870790e+01  5.684296e+01  3.900000e+01
   endloop
 endfacet
 facet normal  0.000000e+00  0.000000e+00  1.000000e+00
   outer loop
     vertex  7.893548e+01  5.675584e+01  3.900000e+01
     vertex  7.870790e+01  5.684296e+01  3.900000e+01
     vertex  7.863057e+01  5.686786e+01  3.900000e+01
   endloop
 endfacet
 facet normal  0.000000e+00  0.000000e+00  1.000000e+00
   outer loop
     vertex  7.900967e+01  5.672273e+01  3.900000e+01
     vertex  7.863057e+01  5.686786e+01  3.900000e+01
     vertex  8.074890e+01  5.408124e+01  3.900000e+01
   endloop
 endfacet
 facet normal  0.000000e+00  0.000000e+00  1.000000e+00
   outer loop
     vertex  7.900967e+01  5.672273e+01  3.900000e+01
     vertex  7.893548e+01  5.675584e+01  3.900000e+01
     vertex  7.863057e+01  5.686786e+01  3.900000e+01
   endloop
 endfacet
 facet normal  0.000000e+00  0.000000e+00  1.000000e+00
   outer loop
     vertex  8.047273e+01  5.525967e+01  3.900000e+01
     vertex  8.074890e+01  5.408124e+01  3.900000e+01
     vertex  8.066132e+01  5.472401e+01  3.900000e+01
   endloop
 endfacet
 facet normal  0.000000e+00  0.000000e+00  1.000000e+00
   outer loop
     vertex  8.047273e+01  5.525967e+01  3.900000e+01
     vertex  8.059296e+01  5.495790e+01  3.900000e+01
     vertex  8.056598e+01  5.503454e+01  3.900000e+01
   endloop
 endfacet
 facet normal  0.000000e+00  0.000000e+00  1.000000e+00
   outer loop
     vertex  8.047273e+01  5.525967e+01  3.900000e+01
     vertex  8.056598e+01  5.503454e+01  3.900000e+01
     vertex  8.053693e+01  5.511041e+01  3.900000e+01
   endloop
 endfacet
 facet normal  0.000000e+00  0.000000e+00  1.000000e+00
   outer loop
     vertex  8.047273e+01  5.525967e+01  3.900000e+01
     vertex  8.053693e+01  5.511041e+01  3.900000e+01
     vertex  8.050584e+01  5.518548e+01  3.900000e+01
   endloop
 endfacet
 facet normal  0.000000e+00  0.000000e+00  1.000000e+00
   outer loop
     vertex  8.047273e+01  5.525967e+01  3.900000e+01
     vertex  8.066132e+01  5.472401e+01  3.900000e+01
     vertex  8.059296e+01  5.495790e+01  3.900000e+01
   endloop
 endfacet
 facet normal  0.000000e+00  0.000000e+00  1.000000e+00
   outer loop
     vertex  8.040054e+01  5.540523e+01  3.900000e+01
     vertex  8.047273e+01  5.525967e+01  3.900000e+01
     vertex  8.043762e+01  5.533294e+01  3.900000e+01
   endloop
 endfacet
 facet normal  0.000000e+00  0.000000e+00  1.000000e+00
   outer loop
     vertex  8.040054e+01  5.540523e+01  3.900000e+01
     vertex  8.074890e+01  5.408124e+01  3.900000e+01
     vertex  8.047273e+01  5.525967e+01  3.900000e+01
   endloop
 endfacet
 facet normal  0.000000e+00  0.000000e+00  1.000000e+00
   outer loop
     vertex  7.922648e+01  5.661151e+01  3.900000e+01
     vertex  7.915523e+01  5.665054e+01  3.900000e+01
     vertex  7.908294e+01  5.668762e+01  3.900000e+01
   endloop
 endfacet
 facet normal  0.000000e+00  0.000000e+00  1.000000e+00
   outer loop
     vertex  7.922648e+01  5.661151e+01  3.900000e+01
     vertex  7.908294e+01  5.668762e+01  3.900000e+01
     vertex  7.900967e+01  5.672273e+01  3.900000e+01
   endloop
 endfacet
 facet normal  0.000000e+00  0.000000e+00  1.000000e+00
   outer loop
     vertex  7.929666e+01  5.657057e+01  3.900000e+01
     vertex  7.922648e+01  5.661151e+01  3.900000e+01
     vertex  7.900967e+01  5.672273e+01  3.900000e+01
   endloop
 endfacet
 facet normal  0.000000e+00  0.000000e+00  1.000000e+00
   outer loop
     vertex  8.027775e+01  5.561570e+01  3.900000e+01
     vertex  8.040054e+01  5.540523e+01  3.900000e+01
     vertex  8.036151e+01  5.547648e+01  3.900000e+01
   endloop
 endfacet
 facet normal  0.000000e+00  0.000000e+00  1.000000e+00
   outer loop
     vertex  8.027775e+01  5.561570e+01  3.900000e+01
     vertex  8.036151e+01  5.547648e+01  3.900000e+01
     vertex  8.032057e+01  5.554666e+01  3.900000e+01
   endloop
 endfacet
 facet normal  0.000000e+00  0.000000e+00  1.000000e+00
   outer loop
     vertex  8.023307e+01  5.568356e+01  3.900000e+01
     vertex  8.040054e+01  5.540523e+01  3.900000e+01
     vertex  8.027775e+01  5.561570e+01  3.900000e+01
   endloop
 endfacet
 facet normal  0.000000e+00  0.000000e+00  1.000000e+00
   outer loop
     vertex  7.950018e+01  5.643657e+01  3.900000e+01
     vertex  7.943356e+01  5.648307e+01  3.900000e+01
     vertex  7.936570e+01  5.652775e+01  3.900000e+01
   endloop
 endfacet
 facet normal  0.000000e+00  0.000000e+00  1.000000e+00
   outer loop
     vertex  7.950018e+01  5.643657e+01  3.900000e+01
     vertex  7.936570e+01  5.652775e+01  3.900000e+01
     vertex  7.929666e+01  5.657057e+01  3.900000e+01
   endloop
 endfacet
 facet normal  0.000000e+00  0.000000e+00  1.000000e+00
   outer loop
     vertex  7.956552e+01  5.638828e+01  3.900000e+01
     vertex  7.950018e+01  5.643657e+01  3.900000e+01
     vertex  7.929666e+01  5.657057e+01  3.900000e+01
   endloop
 endfacet
 facet normal  0.000000e+00  0.000000e+00  1.000000e+00
   outer loop
     vertex  8.013828e+01  5.581552e+01  3.900000e+01
     vertex  8.023307e+01  5.568356e+01  3.900000e+01
     vertex  8.018657e+01  5.575018e+01  3.900000e+01
   endloop
 endfacet
 facet normal  0.000000e+00  0.000000e+00  1.000000e+00
   outer loop
     vertex  8.013828e+01  5.581552e+01  3.900000e+01
     vertex  8.074890e+01  5.408124e+01  3.900000e+01
     vertex  8.040054e+01  5.540523e+01  3.900000e+01
   endloop
 endfacet
 facet normal  0.000000e+00  0.000000e+00  1.000000e+00
   outer loop
     vertex  8.013828e+01  5.581552e+01  3.900000e+01
     vertex  8.040054e+01  5.540523e+01  3.900000e+01
     vertex  8.023307e+01  5.568356e+01  3.900000e+01
   endloop
 endfacet
 facet normal  0.000000e+00  0.000000e+00  1.000000e+00
   outer loop
     vertex  7.962953e+01  5.633824e+01  3.900000e+01
     vertex  7.929666e+01  5.657057e+01  3.900000e+01
     vertex  7.900967e+01  5.672273e+01  3.900000e+01
   endloop
 endfacet
 facet normal  0.000000e+00  0.000000e+00  1.000000e+00
   outer loop
     vertex  7.962953e+01  5.633824e+01  3.900000e+01
     vertex  7.956552e+01  5.638828e+01  3.900000e+01
     vertex  7.929666e+01  5.657057e+01  3.900000e+01
   endloop
 endfacet
 facet normal  0.000000e+00  0.000000e+00  1.000000e+00
   outer loop
     vertex  7.969216e+01  5.628649e+01  3.900000e+01
     vertex  7.900967e+01  5.672273e+01  3.900000e+01
     vertex  8.074890e+01  5.408124e+01  3.900000e+01
   endloop
 endfacet
 facet normal  0.000000e+00  0.000000e+00  1.000000e+00
   outer loop
     vertex  7.969216e+01  5.628649e+01  3.900000e+01
     vertex  7.962953e+01  5.633824e+01  3.900000e+01
     vertex  7.900967e+01  5.672273e+01  3.900000e+01
   endloop
 endfacet
 facet normal  0.000000e+00  0.000000e+00  1.000000e+00
   outer loop
     vertex  8.003649e+01  5.594216e+01  3.900000e+01
     vertex  8.013828e+01  5.581552e+01  3.900000e+01
     vertex  8.008824e+01  5.587953e+01  3.900000e+01
   endloop
 endfacet
 facet normal  0.000000e+00  0.000000e+00  1.000000e+00
   outer loop
     vertex  8.003649e+01  5.594216e+01  3.900000e+01
     vertex  8.074890e+01  5.408124e+01  3.900000e+01
     vertex  8.013828e+01  5.581552e+01  3.900000e+01
   endloop
 endfacet
 facet normal  0.000000e+00  0.000000e+00  1.000000e+00
   outer loop
     vertex  7.992799e+01  5.606310e+01  3.900000e+01
     vertex  8.003649e+01  5.594216e+01  3.900000e+01
     vertex  7.998306e+01  5.600336e+01  3.900000e+01
   endloop
 endfacet
 facet normal  0.000000e+00  0.000000e+00  1.000000e+00
   outer loop
     vertex  7.981310e+01  5.617799e+01  3.900000e+01
     vertex  7.975336e+01  5.623306e+01  3.900000e+01
     vertex  7.969216e+01  5.628649e+01  3.900000e+01
   endloop
 endfacet
 facet normal  0.000000e+00  0.000000e+00  1.000000e+00
   outer loop
     vertex  7.987132e+01  5.612132e+01  3.900000e+01
     vertex  7.981310e+01  5.617799e+01  3.900000e+01
     vertex  7.969216e+01  5.628649e+01  3.900000e+01
   endloop
 endfacet
 facet normal  0.000000e+00  0.000000e+00  1.000000e+00
   outer loop
     vertex  7.987132e+01  5.612132e+01  3.900000e+01
     vertex  8.074890e+01  5.408124e+01  3.900000e+01
     vertex  8.003649e+01  5.594216e+01  3.900000e+01
   endloop
 endfacet
 facet normal  0.000000e+00  0.000000e+00  1.000000e+00
   outer loop
     vertex  7.987132e+01  5.612132e+01  3.900000e+01
     vertex  7.969216e+01  5.628649e+01  3.900000e+01
     vertex  8.074890e+01  5.408124e+01  3.900000e+01
   endloop
 endfacet
 facet normal  0.000000e+00  0.000000e+00  1.000000e+00
   outer loop
     vertex  7.987132e+01  5.612132e+01  3.900000e+01
     vertex  8.003649e+01  5.594216e+01  3.900000e+01
     vertex  7.992799e+01  5.606310e+01  3.900000e+01
   endloop
 endfacet
 facet normal -9.999083e-01 -1.354093e-02 -0.000000e+00
   outer loop
     vertex -2.498900e+00  4.187618e-01  3.900000e+01
     vertex -2.500000e+00  5.000000e-01  3.650000e+01
     vertex -2.498900e+00  4.187618e-01  3.650000e+01
   endloop
 endfacet
 facet normal -9.999083e-01 -1.354093e-02 -6.821091e-21
   outer loop
     vertex -2.498900e+00  4.187618e-01  3.900000e+01
     vertex -2.500000e+00  5.000000e-01  3.900000e+01
     vertex -2.500000e+00  5.000000e-01  3.650000e+01
   endloop
 endfacet
 facet normal -9.991750e-01 -4.061287e-02 -0.000000e+00
   outer loop
     vertex -2.495600e+00  3.375833e-01  3.900000e+01
     vertex -2.498900e+00  4.187618e-01  3.650000e+01
     vertex -2.495600e+00  3.375833e-01  3.650000e+01
   endloop
 endfacet
 facet normal -9.991750e-01 -4.061287e-02 -1.206246e-19
   outer loop
     vertex -2.495600e+00  3.375833e-01  3.900000e+01
     vertex -2.498900e+00  4.187618e-01  3.900000e+01
     vertex -2.498900e+00  4.187618e-01  3.650000e+01
   endloop
 endfacet
 facet normal -9.977088e-01 -6.765502e-02 -0.000000e+00
   outer loop
     vertex -2.490104e+00  2.565238e-01  3.900000e+01
     vertex -2.495600e+00  3.375833e-01  3.650000e+01
     vertex -2.490104e+00  2.565238e-01  3.650000e+01
   endloop
 endfacet
 facet normal -9.977088e-01 -6.765502e-02 -4.764196e-20
   outer loop
     vertex -2.490104e+00  2.565238e-01  3.900000e+01
     vertex -2.495600e+00  3.375833e-01  3.900000e+01
     vertex -2.495600e+00  3.375833e-01  3.650000e+01
   endloop
 endfacet
 facet normal -9.955108e-01 -9.464755e-02 -0.000000e+00
   outer loop
     vertex -2.482414e+00  1.756429e-01  3.900000e+01
     vertex -2.490104e+00  2.565238e-01  3.650000e+01
     vertex -2.482414e+00  1.756429e-01  3.650000e+01
   endloop
 endfacet
 facet normal -9.955108e-01 -9.464755e-02  2.541817e-19
   outer loop
     vertex -2.482414e+00  1.756429e-01  3.900000e+01
     vertex -2.490104e+00  2.565238e-01  3.900000e+01
     vertex -2.490104e+00  2.565238e-01  3.650000e+01
   endloop
 endfacet
 facet normal -9.925828e-01 -1.215707e-01 -0.000000e+00
   outer loop
     vertex -2.472537e+00  9.499996e-02  3.900000e+01
     vertex -2.482414e+00  1.756429e-01  3.650000e+01
     vertex -2.472537e+00  9.499996e-02  3.650000e+01
   endloop
 endfacet
 facet normal -9.925828e-01 -1.215707e-01 -5.918315e-20
   outer loop
     vertex -2.472537e+00  9.499996e-02  3.900000e+01
     vertex -2.482414e+00  1.756429e-01  3.900000e+01
     vertex -2.482414e+00  1.756429e-01  3.650000e+01
   endloop
 endfacet
 facet normal -9.889267e-01 -1.484046e-01 -0.000000e+00
   outer loop
     vertex -2.460480e+00  1.465401e-02  3.900000e+01
     vertex -2.472537e+00  9.499996e-02  3.650000e+01
     vertex -2.460480e+00  1.465401e-02  3.650000e+01
   endloop
 endfacet
 facet normal -9.889267e-01 -1.484046e-01  1.047210e-20
   outer loop
     vertex -2.460480e+00  1.465401e-02  3.900000e+01
     vertex -2.472537e+00  9.499996e-02  3.900000e+01
     vertex -2.472537e+00  9.499996e-02  3.650000e+01
   endloop
 endfacet
 facet normal -9.845454e-01 -1.751297e-01 -0.000000e+00
   outer loop
     vertex -2.446251e+00 -6.533597e-02  3.900000e+01
     vertex -2.460480e+00  1.465401e-02  3.650000e+01
     vertex -2.446251e+00 -6.533597e-02  3.650000e+01
   endloop
 endfacet
 facet normal -9.845454e-01 -1.751297e-01 -3.394793e-19
   outer loop
     vertex -2.446251e+00 -6.533597e-02  3.900000e+01
     vertex -2.460480e+00  1.465401e-02  3.900000e+01
     vertex -2.460480e+00  1.465401e-02  3.650000e+01
   endloop
 endfacet
 facet normal -9.794419e-01 -2.017264e-01 -0.000000e+00
   outer loop
     vertex -2.429862e+00 -1.449113e-01  3.900000e+01
     vertex -2.446251e+00 -6.533597e-02  3.650000e+01
     vertex -2.429862e+00 -1.449113e-01  3.650000e+01
   endloop
 endfacet
 facet normal -9.794419e-01 -2.017264e-01 -2.852478e-19
   outer loop
     vertex -2.429862e+00 -1.449113e-01  3.900000e+01
     vertex -2.446251e+00 -6.533597e-02  3.900000e+01
     vertex -2.446251e+00 -6.533597e-02  3.650000e+01
   endloop
 endfacet
 facet normal -9.736201e-01 -2.281751e-01 -0.000000e+00
   outer loop
     vertex -2.411323e+00 -2.240137e-01  3.900000e+01
     vertex -2.429862e+00 -1.449113e-01  3.650000e+01
     vertex -2.411323e+00 -2.240137e-01  3.650000e+01
   endloop
 endfacet
 facet normal -9.736201e-01 -2.281751e-01 -2.015711e-19
   outer loop
     vertex -2.411323e+00 -2.240137e-01  3.900000e+01
     vertex -2.429862e+00 -1.449113e-01  3.900000e+01
     vertex -2.429862e+00 -1.449113e-01  3.650000e+01
   endloop
 endfacet
 facet normal -9.670842e-01 -2.544564e-01 -0.000000e+00
   outer loop
     vertex -2.390650e+00 -3.025850e-01  3.900000e+01
     vertex -2.411323e+00 -2.240137e-01  3.650000e+01
     vertex -2.390650e+00 -3.025850e-01  3.650000e+01
   endloop
 endfacet
 facet normal -9.598391e-01 -2.805512e-01 -0.000000e+00
   outer loop
     vertex -2.390650e+00 -3.025850e-01  3.900000e+01
     vertex -2.390650e+00 -3.025850e-01  3.650000e+01
     vertex -2.367856e+00 -3.805677e-01  3.650000e+01
   endloop
 endfacet
 facet normal -9.670842e-01 -2.544564e-01  1.658770e-19
   outer loop
     vertex -2.390650e+00 -3.025850e-01  3.900000e+01
     vertex -2.411323e+00 -2.240137e-01  3.900000e+01
     vertex -2.411323e+00 -2.240137e-01  3.650000e+01
   endloop
 endfacet
 facet normal -9.598391e-01 -2.805512e-01 -0.000000e+00
   outer loop
     vertex -2.367856e+00 -3.805677e-01  3.900000e+01
     vertex -2.390650e+00 -3.025850e-01  3.900000e+01
     vertex -2.367856e+00 -3.805677e-01  3.650000e+01
   endloop
 endfacet
 facet normal -9.518899e-01 -3.064401e-01 -0.000000e+00
   outer loop
     vertex -2.342960e+00 -4.579046e-01  3.900000e+01
     vertex -2.367856e+00 -3.805677e-01  3.650000e+01
     vertex -2.342960e+00 -4.579046e-01  3.650000e+01
   endloop
 endfacet
 facet normal -9.518899e-01 -3.064401e-01 -2.356110e-19
   outer loop
     vertex -2.342960e+00 -4.579046e-01  3.900000e+01
     vertex -2.367856e+00 -3.805677e-01  3.900000e+01
     vertex -2.367856e+00 -3.805677e-01  3.650000e+01
   endloop
 endfacet
 facet normal -9.432426e-01 -3.321044e-01 -0.000000e+00
   outer loop
     vertex -2.315977e+00 -5.345389e-01  3.900000e+01
     vertex -2.342960e+00 -4.579046e-01  3.650000e+01
     vertex -2.315977e+00 -5.345389e-01  3.650000e+01
   endloop
 endfacet
 facet normal -9.432426e-01 -3.321044e-01 -9.925807e-19
   outer loop
     vertex -2.315977e+00 -5.345389e-01  3.900000e+01
     vertex -2.342960e+00 -4.579046e-01  3.900000e+01
     vertex -2.342960e+00 -4.579046e-01  3.650000e+01
   endloop
 endfacet
 facet normal -9.339036e-01 -3.575250e-01 -0.000000e+00
   outer loop
     vertex -2.286930e+00 -6.104145e-01  3.900000e+01
     vertex -2.315977e+00 -5.345389e-01  3.650000e+01
     vertex -2.286930e+00 -6.104145e-01  3.650000e+01
   endloop
 endfacet
 facet normal -9.339036e-01 -3.575250e-01  3.452440e-19
   outer loop
     vertex -2.286930e+00 -6.104145e-01  3.900000e+01
     vertex -2.315977e+00 -5.345389e-01  3.900000e+01
     vertex -2.315977e+00 -5.345389e-01  3.650000e+01
   endloop
 endfacet
 facet normal -9.238795e-01 -3.826834e-01 -0.000000e+00
   outer loop
     vertex -2.255839e+00 -6.854756e-01  3.900000e+01
     vertex -2.286930e+00 -6.104145e-01  3.650000e+01
     vertex -2.255839e+00 -6.854756e-01  3.650000e+01
   endloop
 endfacet
 facet normal -9.131779e-01 -4.075612e-01 -0.000000e+00
   outer loop
     vertex -2.255839e+00 -6.854756e-01  3.900000e+01
     vertex -2.255839e+00 -6.854756e-01  3.650000e+01
     vertex -2.222726e+00 -7.596673e-01  3.650000e+01
   endloop
 endfacet
 facet normal -9.238795e-01 -3.826834e-01  3.964631e-19
   outer loop
     vertex -2.255839e+00 -6.854756e-01  3.900000e+01
     vertex -2.286930e+00 -6.104145e-01  3.900000e+01
     vertex -2.286930e+00 -6.104145e-01  3.650000e+01
   endloop
 endfacet
 facet normal -9.131779e-01 -4.075612e-01 -0.000000e+00
   outer loop
     vertex -2.222726e+00 -7.596673e-01  3.900000e+01
     vertex -2.255839e+00 -6.854756e-01  3.900000e+01
     vertex -2.222726e+00 -7.596673e-01  3.650000e+01
   endloop
 endfacet
 facet normal -9.018065e-01 -4.321400e-01 -0.000000e+00
   outer loop
     vertex -2.187617e+00 -8.329351e-01  3.900000e+01
     vertex -2.222726e+00 -7.596673e-01  3.650000e+01
     vertex -2.187617e+00 -8.329351e-01  3.650000e+01
   endloop
 endfacet
 facet normal -9.018065e-01 -4.321400e-01  5.301957e-19
   outer loop
     vertex -2.187617e+00 -8.329351e-01  3.900000e+01
     vertex -2.222726e+00 -7.596673e-01  3.900000e+01
     vertex -2.222726e+00 -7.596673e-01  3.650000e+01
   endloop
 endfacet
 facet normal -8.897737e-01 -4.564019e-01 -0.000000e+00
   outer loop
     vertex -2.150536e+00 -9.052253e-01  3.900000e+01
     vertex -2.187617e+00 -8.329351e-01  3.650000e+01
     vertex -2.150536e+00 -9.052253e-01  3.650000e+01
   endloop
 endfacet
 facet normal -8.897737e-01 -4.564019e-01 -3.098853e-19
   outer loop
     vertex -2.150536e+00 -9.052253e-01  3.900000e+01
     vertex -2.187617e+00 -8.329351e-01  3.900000e+01
     vertex -2.187617e+00 -8.329351e-01  3.650000e+01
   endloop
 endfacet
 facet normal -8.770884e-01 -4.803291e-01 -0.000000e+00
   outer loop
     vertex -2.111512e+00 -9.764849e-01  3.900000e+01
     vertex -2.150536e+00 -9.052253e-01  3.650000e+01
     vertex -2.111512e+00 -9.764849e-01  3.650000e+01
   endloop
 endfacet
 facet normal -8.770884e-01 -4.803291e-01 -3.095935e-19
   outer loop
     vertex -2.111512e+00 -9.764849e-01  3.900000e+01
     vertex -2.150536e+00 -9.052253e-01  3.900000e+01
     vertex -2.150536e+00 -9.052253e-01  3.650000e+01
   endloop
 endfacet
 facet normal -8.637597e-01 -5.039039e-01 -0.000000e+00
   outer loop
     vertex -2.070572e+00 -1.046662e+00  3.900000e+01
     vertex -2.111512e+00 -9.764849e-01  3.650000e+01
     vertex -2.070572e+00 -1.046662e+00  3.650000e+01
   endloop
 endfacet
 facet normal -8.637597e-01 -5.039039e-01 -3.878572e-19
   outer loop
     vertex -2.070572e+00 -1.046662e+00  3.900000e+01
     vertex -2.111512e+00 -9.764849e-01  3.900000e+01
     vertex -2.111512e+00 -9.764849e-01  3.650000e+01
   endloop
 endfacet
 facet normal -8.497975e-01 -5.271092e-01 -3.947725e-19
   outer loop
     vertex -2.027746e+00 -1.115704e+00  3.900000e+01
     vertex -2.070572e+00 -1.046662e+00  3.900000e+01
     vertex -2.070572e+00 -1.046662e+00  3.650000e+01
   endloop
 endfacet
 facet normal -8.497975e-01 -5.271092e-01 -0.000000e+00
   outer loop
     vertex -2.027746e+00 -1.115704e+00  3.900000e+01
     vertex -2.070572e+00 -1.046662e+00  3.650000e+01
     vertex -2.027746e+00 -1.115704e+00  3.650000e+01
   endloop
 endfacet
 facet normal -8.352121e-01 -5.499279e-01 -2.271012e-20
   outer loop
     vertex -1.983067e+00 -1.183561e+00  3.900000e+01
     vertex -2.027746e+00 -1.115704e+00  3.900000e+01
     vertex -2.027746e+00 -1.115704e+00  3.650000e+01
   endloop
 endfacet
 facet normal -8.352121e-01 -5.499279e-01 -0.000000e+00
   outer loop
     vertex -1.983067e+00 -1.183561e+00  3.900000e+01
     vertex -2.027746e+00 -1.115704e+00  3.650000e+01
     vertex -1.983067e+00 -1.183561e+00  3.650000e+01
   endloop
 endfacet
 facet normal -8.200141e-01 -5.723433e-01 -2.705689e-19
   outer loop
     vertex -1.936567e+00 -1.250184e+00  3.900000e+01
     vertex -1.983067e+00 -1.183561e+00  3.900000e+01
     vertex -1.983067e+00 -1.183561e+00  3.650000e+01
   endloop
 endfacet
 facet normal -8.200141e-01 -5.723433e-01 -0.000000e+00
   outer loop
     vertex -1.936567e+00 -1.250184e+00  3.900000e+01
     vertex -1.983067e+00 -1.183561e+00  3.650000e+01
     vertex -1.936567e+00 -1.250184e+00  3.650000e+01
   endloop
 endfacet
 facet normal -8.042147e-01 -5.943389e-01  4.396133e-19
   outer loop
     vertex -1.888279e+00 -1.315523e+00  3.900000e+01
     vertex -1.936567e+00 -1.250184e+00  3.900000e+01
     vertex -1.936567e+00 -1.250184e+00  3.650000e+01
   endloop
 endfacet
 facet normal -8.042147e-01 -5.943389e-01 -0.000000e+00
   outer loop
     vertex -1.888279e+00 -1.315523e+00  3.900000e+01
     vertex -1.936567e+00 -1.250184e+00  3.650000e+01
     vertex -1.888279e+00 -1.315523e+00  3.650000e+01
   endloop
 endfacet
 facet normal -7.878255e-01 -6.158986e-01 -8.002270e-19
   outer loop
     vertex -1.838240e+00 -1.379530e+00  3.900000e+01
     vertex -1.888279e+00 -1.315523e+00  3.900000e+01
     vertex -1.888279e+00 -1.315523e+00  3.650000e+01
   endloop
 endfacet
 facet normal -7.878255e-01 -6.158986e-01 -0.000000e+00
   outer loop
     vertex -1.838240e+00 -1.379530e+00  3.900000e+01
     vertex -1.888279e+00 -1.315523e+00  3.650000e+01
     vertex -1.838240e+00 -1.379530e+00  3.650000e+01
   endloop
 endfacet
 facet normal -7.708584e-01 -6.370065e-01 -0.000000e+00
   outer loop
     vertex -1.838240e+00 -1.379530e+00  3.900000e+01
     vertex -1.838240e+00 -1.379530e+00  3.650000e+01
     vertex -1.786486e+00 -1.442159e+00  3.650000e+01
   endloop
 endfacet
 facet normal -7.708584e-01 -6.370065e-01 -0.000000e+00
   outer loop
     vertex -1.786486e+00 -1.442159e+00  3.900000e+01
     vertex -1.838240e+00 -1.379530e+00  3.900000e+01
     vertex -1.786486e+00 -1.442159e+00  3.650000e+01
   endloop
 endfacet
 facet normal -7.533260e-01 -6.576473e-01 -0.000000e+00
   outer loop
     vertex -1.733055e+00 -1.503363e+00  3.900000e+01
     vertex -1.786486e+00 -1.442159e+00  3.650000e+01
     vertex -1.733055e+00 -1.503363e+00  3.650000e+01
   endloop
 endfacet
 facet normal -7.533260e-01 -6.576473e-01  1.033917e-18
   outer loop
     vertex -1.733055e+00 -1.503363e+00  3.900000e+01
     vertex -1.786486e+00 -1.442159e+00  3.900000e+01
     vertex -1.786486e+00 -1.442159e+00  3.650000e+01
   endloop
 endfacet
 facet normal -7.352410e-01 -6.778058e-01 -0.000000e+00
   outer loop
     vertex -1.677986e+00 -1.563098e+00  3.900000e+01
     vertex -1.733055e+00 -1.503363e+00  3.650000e+01
     vertex -1.677986e+00 -1.563098e+00  3.650000e+01
   endloop
 endfacet
 facet normal -7.352410e-01 -6.778058e-01  5.046931e-19
   outer loop
     vertex -1.677986e+00 -1.563098e+00  3.900000e+01
     vertex -1.733055e+00 -1.503363e+00  3.900000e+01
     vertex -1.733055e+00 -1.503363e+00  3.650000e+01
   endloop
 endfacet
 facet normal -7.166168e-01 -6.974671e-01 -0.000000e+00
   outer loop
     vertex -1.621320e+00 -1.621320e+00  3.900000e+01
     vertex -1.677986e+00 -1.563098e+00  3.650000e+01
     vertex -1.621320e+00 -1.621320e+00  3.650000e+01
   endloop
 endfacet
 facet normal -7.166168e-01 -6.974671e-01 -4.619948e-19
   outer loop
     vertex -1.621320e+00 -1.621320e+00  3.900000e+01
     vertex -1.677986e+00 -1.563098e+00  3.900000e+01
     vertex -1.677986e+00 -1.563098e+00  3.650000e+01
   endloop
 endfacet
 facet normal -6.974671e-01 -7.166168e-01 -0.000000e+00
   outer loop
     vertex -1.563098e+00 -1.677986e+00  3.900000e+01
     vertex -1.621320e+00 -1.621320e+00  3.650000e+01
     vertex -1.563098e+00 -1.677986e+00  3.650000e+01
   endloop
 endfacet
 facet normal -6.778058e-01 -7.352410e-01 -0.000000e+00
   outer loop
     vertex -1.563098e+00 -1.677986e+00  3.900000e+01
     vertex -1.563098e+00 -1.677986e+00  3.650000e+01
     vertex -1.503363e+00 -1.733055e+00  3.650000e+01
   endloop
 endfacet
 facet normal -6.974671e-01 -7.166168e-01  8.045283e-19
   outer loop
     vertex -1.563098e+00 -1.677986e+00  3.900000e+01
     vertex -1.621320e+00 -1.621320e+00  3.900000e+01
     vertex -1.621320e+00 -1.621320e+00  3.650000e+01
   endloop
 endfacet
 facet normal -6.778058e-01 -7.352410e-01 -0.000000e+00
   outer loop
     vertex -1.503363e+00 -1.733055e+00  3.900000e+01
     vertex -1.563098e+00 -1.677986e+00  3.900000e+01
     vertex -1.503363e+00 -1.733055e+00  3.650000e+01
   endloop
 endfacet
 facet normal -6.576473e-01 -7.533260e-01 -0.000000e+00
   outer loop
     vertex -1.442159e+00 -1.786486e+00  3.900000e+01
     vertex -1.503363e+00 -1.733055e+00  3.650000e+01
     vertex -1.442159e+00 -1.786486e+00  3.650000e+01
   endloop
 endfacet
 facet normal -6.370065e-01 -7.708584e-01 -0.000000e+00
   outer loop
     vertex -1.442159e+00 -1.786486e+00  3.900000e+01
     vertex -1.442159e+00 -1.786486e+00  3.650000e+01
     vertex -1.379530e+00 -1.838240e+00  3.650000e+01
   endloop
 endfacet
 facet normal -6.576473e-01 -7.533260e-01  2.510832e-19
   outer loop
     vertex -1.442159e+00 -1.786486e+00  3.900000e+01
     vertex -1.503363e+00 -1.733055e+00  3.900000e+01
     vertex -1.503363e+00 -1.733055e+00  3.650000e+01
   endloop
 endfacet
 facet normal -6.370065e-01 -7.708584e-01 -0.000000e+00
   outer loop
     vertex -1.379530e+00 -1.838240e+00  3.900000e+01
     vertex -1.442159e+00 -1.786486e+00  3.900000e+01
     vertex -1.379530e+00 -1.838240e+00  3.650000e+01
   endloop
 endfacet
 facet normal -6.158986e-01 -7.878255e-01 -0.000000e+00
   outer loop
     vertex -1.315523e+00 -1.888279e+00  3.900000e+01
     vertex -1.379530e+00 -1.838240e+00  3.650000e+01
     vertex -1.315523e+00 -1.888279e+00  3.650000e+01
   endloop
 endfacet
 facet normal -6.158986e-01 -7.878255e-01 -6.143382e-19
   outer loop
     vertex -1.315523e+00 -1.888279e+00  3.900000e+01
     vertex -1.379530e+00 -1.838240e+00  3.900000e+01
     vertex -1.379530e+00 -1.838240e+00  3.650000e+01
   endloop
 endfacet
 facet normal -5.943389e-01 -8.042147e-01 -0.000000e+00
   outer loop
     vertex -1.250184e+00 -1.936567e+00  3.900000e+01
     vertex -1.315523e+00 -1.888279e+00  3.650000e+01
     vertex -1.250184e+00 -1.936567e+00  3.650000e+01
   endloop
 endfacet
 facet normal -5.943389e-01 -8.042147e-01 -5.133498e-19
   outer loop
     vertex -1.250184e+00 -1.936567e+00  3.900000e+01
     vertex -1.315523e+00 -1.888279e+00  3.900000e+01
     vertex -1.315523e+00 -1.888279e+00  3.650000e+01
   endloop
 endfacet
 facet normal -5.723433e-01 -8.200141e-01 -0.000000e+00
   outer loop
     vertex -1.183561e+00 -1.983067e+00  3.900000e+01
     vertex -1.250184e+00 -1.936567e+00  3.650000e+01
     vertex -1.183561e+00 -1.983067e+00  3.650000e+01
   endloop
 endfacet
 facet normal -5.723433e-01 -8.200141e-01  6.752310e-19
   outer loop
     vertex -1.183561e+00 -1.983067e+00  3.900000e+01
     vertex -1.250184e+00 -1.936567e+00  3.900000e+01
     vertex -1.250184e+00 -1.936567e+00  3.650000e+01
   endloop
 endfacet
 facet normal -5.499279e-01 -8.352121e-01 -0.000000e+00
   outer loop
     vertex -1.115704e+00 -2.027746e+00  3.900000e+01
     vertex -1.183561e+00 -1.983067e+00  3.650000e+01
     vertex -1.115704e+00 -2.027746e+00  3.650000e+01
   endloop
 endfacet
 facet normal -5.499279e-01 -8.352121e-01 -5.898960e-19
   outer loop
     vertex -1.115704e+00 -2.027746e+00  3.900000e+01
     vertex -1.183561e+00 -1.983067e+00  3.900000e+01
     vertex -1.183561e+00 -1.983067e+00  3.650000e+01
   endloop
 endfacet
 facet normal -5.271092e-01 -8.497975e-01 -0.000000e+00
   outer loop
     vertex -1.046662e+00 -2.070572e+00  3.900000e+01
     vertex -1.115704e+00 -2.027746e+00  3.650000e+01
     vertex -1.046662e+00 -2.070572e+00  3.650000e+01
   endloop
 endfacet
 facet normal -5.039039e-01 -8.637597e-01 -0.000000e+00
   outer loop
     vertex -1.046662e+00 -2.070572e+00  3.900000e+01
     vertex -1.046662e+00 -2.070572e+00  3.650000e+01
     vertex -9.764849e-01 -2.111512e+00  3.650000e+01
   endloop
 endfacet
 facet normal -5.271092e-01 -8.497975e-01 -1.036754e-18
   outer loop
     vertex -1.046662e+00 -2.070572e+00  3.900000e+01
     vertex -1.115704e+00 -2.027746e+00  3.900000e+01
     vertex -1.115704e+00 -2.027746e+00  3.650000e+01
   endloop
 endfacet
 facet normal -5.039039e-01 -8.637597e-01 -0.000000e+00
   outer loop
     vertex -9.764849e-01 -2.111512e+00  3.900000e+01
     vertex -1.046662e+00 -2.070572e+00  3.900000e+01
     vertex -9.764849e-01 -2.111512e+00  3.650000e+01
   endloop
 endfacet
 facet normal -4.803291e-01 -8.770884e-01 -0.000000e+00
   outer loop
     vertex -9.052253e-01 -2.150536e+00  3.900000e+01
     vertex -9.764849e-01 -2.111512e+00  3.650000e+01
     vertex -9.052253e-01 -2.150536e+00  3.650000e+01
   endloop
 endfacet
 facet normal -4.564019e-01 -8.897737e-01 -0.000000e+00
   outer loop
     vertex -9.052253e-01 -2.150536e+00  3.900000e+01
     vertex -9.052253e-01 -2.150536e+00  3.650000e+01
     vertex -8.329351e-01 -2.187617e+00  3.650000e+01
   endloop
 endfacet
 facet normal -4.803291e-01 -8.770884e-01 -3.326666e-19
   outer loop
     vertex -9.052253e-01 -2.150536e+00  3.900000e+01
     vertex -9.764849e-01 -2.111512e+00  3.900000e+01
     vertex -9.764849e-01 -2.111512e+00  3.650000e+01
   endloop
 endfacet
 facet normal -4.564019e-01 -8.897737e-01 -0.000000e+00
   outer loop
     vertex -8.329351e-01 -2.187617e+00  3.900000e+01
     vertex -9.052253e-01 -2.150536e+00  3.900000e+01
     vertex -8.329351e-01 -2.187617e+00  3.650000e+01
   endloop
 endfacet
 facet normal -4.321400e-01 -9.018065e-01 -0.000000e+00
   outer loop
     vertex -7.596673e-01 -2.222726e+00  3.900000e+01
     vertex -8.329351e-01 -2.187617e+00  3.650000e+01
     vertex -7.596673e-01 -2.222726e+00  3.650000e+01
   endloop
 endfacet
 facet normal -4.321400e-01 -9.018065e-01  7.445223e-19
   outer loop
     vertex -7.596673e-01 -2.222726e+00  3.900000e+01
     vertex -8.329351e-01 -2.187617e+00  3.900000e+01
     vertex -8.329351e-01 -2.187617e+00  3.650000e+01
   endloop
 endfacet
 facet normal -4.075612e-01 -9.131779e-01 -0.000000e+00
   outer loop
     vertex -6.854756e-01 -2.255839e+00  3.900000e+01
     vertex -7.596673e-01 -2.222726e+00  3.650000e+01
     vertex -6.854756e-01 -2.255839e+00  3.650000e+01
   endloop
 endfacet
 facet normal -3.826834e-01 -9.238795e-01 -0.000000e+00
   outer loop
     vertex -6.854756e-01 -2.255839e+00  3.900000e+01
     vertex -6.854756e-01 -2.255839e+00  3.650000e+01
     vertex -6.104145e-01 -2.286930e+00  3.650000e+01
   endloop
 endfacet
 facet normal -4.075612e-01 -9.131779e-01 -8.599353e-19
   outer loop
     vertex -6.854756e-01 -2.255839e+00  3.900000e+01
     vertex -7.596673e-01 -2.222726e+00  3.900000e+01
     vertex -7.596673e-01 -2.222726e+00  3.650000e+01
   endloop
 endfacet
 facet normal -3.826834e-01 -9.238795e-01 -0.000000e+00
   outer loop
     vertex -6.104145e-01 -2.286930e+00  3.900000e+01
     vertex -6.854756e-01 -2.255839e+00  3.900000e+01
     vertex -6.104145e-01 -2.286930e+00  3.650000e+01
   endloop
 endfacet
 facet normal -3.575250e-01 -9.339036e-01 -0.000000e+00
   outer loop
     vertex -5.345389e-01 -2.315977e+00  3.900000e+01
     vertex -6.104145e-01 -2.286930e+00  3.650000e+01
     vertex -5.345389e-01 -2.315977e+00  3.650000e+01
   endloop
 endfacet
 facet normal -3.575250e-01 -9.339036e-01 -3.026243e-19
   outer loop
     vertex -5.345389e-01 -2.315977e+00  3.900000e+01
     vertex -6.104145e-01 -2.286930e+00  3.900000e+01
     vertex -6.104145e-01 -2.286930e+00  3.650000e+01
   endloop
 endfacet
 facet normal -3.321044e-01 -9.432426e-01  6.116722e-19
   outer loop
     vertex -4.579046e-01 -2.342960e+00  3.900000e+01
     vertex -5.345389e-01 -2.315977e+00  3.900000e+01
     vertex -5.345389e-01 -2.315977e+00  3.650000e+01
   endloop
 endfacet
 facet normal -3.321044e-01 -9.432426e-01 -0.000000e+00
   outer loop
     vertex -4.579046e-01 -2.342960e+00  3.900000e+01
     vertex -5.345389e-01 -2.315977e+00  3.650000e+01
     vertex -4.579046e-01 -2.342960e+00  3.650000e+01
   endloop
 endfacet
 facet normal -3.064401e-01 -9.518899e-01  4.462435e-19
   outer loop
     vertex -3.805677e-01 -2.367856e+00  3.900000e+01
     vertex -4.579046e-01 -2.342960e+00  3.900000e+01
     vertex -4.579046e-01 -2.342960e+00  3.650000e+01
   endloop
 endfacet
 facet normal -3.064401e-01 -9.518899e-01 -0.000000e+00
   outer loop
     vertex -3.805677e-01 -2.367856e+00  3.900000e+01
     vertex -4.579046e-01 -2.342960e+00  3.650000e+01
     vertex -3.805677e-01 -2.367856e+00  3.650000e+01
   endloop
 endfacet
 facet normal -2.805512e-01 -9.598391e-01 -0.000000e+00
   outer loop
     vertex -3.805677e-01 -2.367856e+00  3.900000e+01
     vertex -3.805677e-01 -2.367856e+00  3.650000e+01
     vertex -3.025850e-01 -2.390650e+00  3.650000e+01
   endloop
 endfacet
 facet normal -2.805512e-01 -9.598391e-01 -0.000000e+00
   outer loop
     vertex -3.025850e-01 -2.390650e+00  3.900000e+01
     vertex -3.805677e-01 -2.367856e+00  3.900000e+01
     vertex -3.025850e-01 -2.390650e+00  3.650000e+01
   endloop
 endfacet
 facet normal -2.544564e-01 -9.670842e-01 -1.069139e-19
   outer loop
     vertex -2.240137e-01 -2.411323e+00  3.900000e+01
     vertex -3.025850e-01 -2.390650e+00  3.900000e+01
     vertex -3.025850e-01 -2.390650e+00  3.650000e+01
   endloop
 endfacet
 facet normal -2.544564e-01 -9.670842e-01 -0.000000e+00
   outer loop
     vertex -2.240137e-01 -2.411323e+00  3.900000e+01
     vertex -3.025850e-01 -2.390650e+00  3.650000e+01
     vertex -2.240137e-01 -2.411323e+00  3.650000e+01
   endloop
 endfacet
 facet normal -2.281751e-01 -9.736201e-01 -1.981132e-19
   outer loop
     vertex -1.449113e-01 -2.429862e+00  3.900000e+01
     vertex -2.240137e-01 -2.411323e+00  3.900000e+01
     vertex -2.240137e-01 -2.411323e+00  3.650000e+01
   endloop
 endfacet
 facet normal -2.281751e-01 -9.736201e-01 -0.000000e+00
   outer loop
     vertex -1.449113e-01 -2.429862e+00  3.900000e+01
     vertex -2.240137e-01 -2.411323e+00  3.650000e+01
     vertex -1.449113e-01 -2.429862e+00  3.650000e+01
   endloop
 endfacet
 facet normal -2.017264e-01 -9.794419e-01  3.645208e-19
   outer loop
     vertex -6.533597e-02 -2.446251e+00  3.900000e+01
     vertex -1.449113e-01 -2.429862e+00  3.900000e+01
     vertex -1.449113e-01 -2.429862e+00  3.650000e+01
   endloop
 endfacet
 facet normal -2.017264e-01 -9.794419e-01 -0.000000e+00
   outer loop
     vertex -6.533597e-02 -2.446251e+00  3.900000e+01
     vertex -1.449113e-01 -2.429862e+00  3.650000e+01
     vertex -6.533597e-02 -2.446251e+00  3.650000e+01
   endloop
 endfacet
 facet normal -1.751297e-01 -9.845454e-01  2.311221e-19
   outer loop
     vertex  1.465401e-02 -2.460480e+00  3.900000e+01
     vertex -6.533597e-02 -2.446251e+00  3.900000e+01
     vertex -6.533597e-02 -2.446251e+00  3.650000e+01
   endloop
 endfacet
 facet normal -1.751297e-01 -9.845454e-01 -0.000000e+00
   outer loop
     vertex  1.465401e-02 -2.460480e+00  3.900000e+01
     vertex -6.533597e-02 -2.446251e+00  3.650000e+01
     vertex  1.465401e-02 -2.460480e+00  3.650000e+01
   endloop
 endfacet
 facet normal -1.484046e-01 -9.889267e-01  2.152641e-20
   outer loop
     vertex  9.499996e-02 -2.472537e+00  3.900000e+01
     vertex  1.465401e-02 -2.460480e+00  3.900000e+01
     vertex  1.465401e-02 -2.460480e+00  3.650000e+01
   endloop
 endfacet
 facet normal -1.484046e-01 -9.889267e-01 -0.000000e+00
   outer loop
     vertex  9.499996e-02 -2.472537e+00  3.900000e+01
     vertex  1.465401e-02 -2.460480e+00  3.650000e+01
     vertex  9.499996e-02 -2.472537e+00  3.650000e+01
   endloop
 endfacet
 facet normal -1.215707e-01 -9.925828e-01 -0.000000e+00
   outer loop
     vertex  9.499996e-02 -2.472537e+00  3.900000e+01
     vertex  9.499996e-02 -2.472537e+00  3.650000e+01
     vertex  1.756429e-01 -2.482414e+00  3.650000e+01
   endloop
 endfacet
 facet normal -1.215707e-01 -9.925828e-01 -0.000000e+00
   outer loop
     vertex  1.756429e-01 -2.482414e+00  3.900000e+01
     vertex  9.499996e-02 -2.472537e+00  3.900000e+01
     vertex  1.756429e-01 -2.482414e+00  3.650000e+01
   endloop
 endfacet
 facet normal -9.464755e-02 -9.955108e-01 -9.227244e-20
   outer loop
     vertex  2.565238e-01 -2.490104e+00  3.900000e+01
     vertex  1.756429e-01 -2.482414e+00  3.900000e+01
     vertex  1.756429e-01 -2.482414e+00  3.650000e+01
   endloop
 endfacet
 facet normal -9.464755e-02 -9.955108e-01 -0.000000e+00
   outer loop
     vertex  2.565238e-01 -2.490104e+00  3.900000e+01
     vertex  1.756429e-01 -2.482414e+00  3.650000e+01
     vertex  2.565238e-01 -2.490104e+00  3.650000e+01
   endloop
 endfacet
 facet normal -6.765502e-02 -9.977088e-01 -4.764196e-20
   outer loop
     vertex  3.375833e-01 -2.495600e+00  3.900000e+01
     vertex  2.565238e-01 -2.490104e+00  3.900000e+01
     vertex  2.565238e-01 -2.490104e+00  3.650000e+01
   endloop
 endfacet
 facet normal -6.765502e-02 -9.977088e-01 -0.000000e+00
   outer loop
     vertex  3.375833e-01 -2.495600e+00  3.900000e+01
     vertex  2.565238e-01 -2.490104e+00  3.650000e+01
     vertex  3.375833e-01 -2.495600e+00  3.650000e+01
   endloop
 endfacet
 facet normal -4.061287e-02 -9.991750e-01 -1.126927e-19
   outer loop
     vertex  4.187618e-01 -2.498900e+00  3.900000e+01
     vertex  3.375833e-01 -2.495600e+00  3.900000e+01
     vertex  3.375833e-01 -2.495600e+00  3.650000e+01
   endloop
 endfacet
 facet normal -4.061287e-02 -9.991750e-01 -0.000000e+00
   outer loop
     vertex  4.187618e-01 -2.498900e+00  3.900000e+01
     vertex  3.375833e-01 -2.495600e+00  3.650000e+01
     vertex  4.187618e-01 -2.498900e+00  3.650000e+01
   endloop
 endfacet
 facet normal -1.354093e-02 -9.999083e-01 -0.000000e+00
   outer loop
     vertex  4.187618e-01 -2.498900e+00  3.900000e+01
     vertex  4.187618e-01 -2.498900e+00  3.650000e+01
     vertex  5.000000e-01 -2.500000e+00  3.650000e+01
   endloop
 endfacet
 facet normal -1.354093e-02 -9.999083e-01 -0.000000e+00
   outer loop
     vertex  5.000000e-01 -2.500000e+00  3.900000e+01
     vertex  4.187618e-01 -2.498900e+00  3.900000e+01
     vertex  5.000000e-01 -2.500000e+00  3.650000e+01
   endloop
 endfacet
 facet normal -9.999083e-01  1.354093e-02  0.000000e+00
   outer loop
     vertex -2.498900e+00  5.408124e+01  3.900000e+01
     vertex -2.498900e+00  5.408124e+01  3.650000e+01
     vertex -2.500000e+00  5.400000e+01  3.650000e+01
   endloop
 endfacet
 facet normal -9.999083e-01  1.354093e-02  1.589122e-20
   outer loop
     vertex -2.498900e+00  5.408124e+01  3.900000e+01
     vertex -2.500000e+00  5.400000e+01  3.650000e+01
     vertex -2.500000e+00  5.400000e+01  3.900000e+01
   endloop
 endfacet
 facet normal -9.991750e-01  4.061287e-02  0.000000e+00
   outer loop
     vertex -2.495600e+00  5.416242e+01  3.900000e+01
     vertex -2.495600e+00  5.416242e+01  3.650000e+01
     vertex -2.498900e+00  5.408124e+01  3.650000e+01
   endloop
 endfacet
 facet normal -9.991750e-01  4.061287e-02  7.184137e-20
   outer loop
     vertex -2.495600e+00  5.416242e+01  3.900000e+01
     vertex -2.498900e+00  5.408124e+01  3.650000e+01
     vertex -2.498900e+00  5.408124e+01  3.900000e+01
   endloop
 endfacet
 facet normal -9.977088e-01  6.765502e-02  0.000000e+00
   outer loop
     vertex -2.490104e+00  5.424348e+01  3.900000e+01
     vertex -2.490104e+00  5.424348e+01  3.650000e+01
     vertex -2.495600e+00  5.416242e+01  3.650000e+01
   endloop
 endfacet
 facet normal -9.977088e-01  6.765502e-02  9.283586e-21
   outer loop
     vertex -2.490104e+00  5.424348e+01  3.900000e+01
     vertex -2.495600e+00  5.416242e+01  3.650000e+01
     vertex -2.495600e+00  5.416242e+01  3.900000e+01
   endloop
 endfacet
 facet normal -9.955108e-01  9.464755e-02  0.000000e+00
   outer loop
     vertex -2.482414e+00  5.432436e+01  3.900000e+01
     vertex -2.482414e+00  5.432436e+01  3.650000e+01
     vertex -2.490104e+00  5.424348e+01  3.650000e+01
   endloop
 endfacet
 facet normal -9.955108e-01  9.464755e-02 -1.826299e-19
   outer loop
     vertex -2.482414e+00  5.432436e+01  3.900000e+01
     vertex -2.490104e+00  5.424348e+01  3.650000e+01
     vertex -2.490104e+00  5.424348e+01  3.900000e+01
   endloop
 endfacet
 facet normal -9.925828e-01  1.215707e-01  0.000000e+00
   outer loop
     vertex -2.472537e+00  5.440500e+01  3.900000e+01
     vertex -2.472537e+00  5.440500e+01  3.650000e+01
     vertex -2.482414e+00  5.432436e+01  3.650000e+01
   endloop
 endfacet
 facet normal -9.889267e-01  1.484046e-01  0.000000e+00
   outer loop
     vertex -2.472537e+00  5.440500e+01  3.900000e+01
     vertex -2.460480e+00  5.448535e+01  3.650000e+01
     vertex -2.472537e+00  5.440500e+01  3.650000e+01
   endloop
 endfacet
 facet normal -9.925828e-01  1.215707e-01  1.389331e-19
   outer loop
     vertex -2.472537e+00  5.440500e+01  3.900000e+01
     vertex -2.482414e+00  5.432436e+01  3.650000e+01
     vertex -2.482414e+00  5.432436e+01  3.900000e+01
   endloop
 endfacet
 facet normal -9.889267e-01  1.484046e-01  0.000000e+00
   outer loop
     vertex -2.460480e+00  5.448535e+01  3.900000e+01
     vertex -2.460480e+00  5.448535e+01  3.650000e+01
     vertex -2.472537e+00  5.440500e+01  3.900000e+01
   endloop
 endfacet
 facet normal -9.845454e-01  1.751297e-01  0.000000e+00
   outer loop
     vertex -2.446251e+00  5.456534e+01  3.900000e+01
     vertex -2.446251e+00  5.456534e+01  3.650000e+01
     vertex -2.460480e+00  5.448535e+01  3.650000e+01
   endloop
 endfacet
 facet normal -9.845454e-01  1.751297e-01  4.586385e-20
   outer loop
     vertex -2.446251e+00  5.456534e+01  3.900000e+01
     vertex -2.460480e+00  5.448535e+01  3.650000e+01
     vertex -2.460480e+00  5.448535e+01  3.900000e+01
   endloop
 endfacet
 facet normal -9.794419e-01  2.017264e-01  0.000000e+00
   outer loop
     vertex -2.429862e+00  5.464491e+01  3.900000e+01
     vertex -2.429862e+00  5.464491e+01  3.650000e+01
     vertex -2.446251e+00  5.456534e+01  3.650000e+01
   endloop
 endfacet
 facet normal -9.794419e-01  2.017264e-01 -5.028291e-19
   outer loop
     vertex -2.429862e+00  5.464491e+01  3.900000e+01
     vertex -2.446251e+00  5.456534e+01  3.650000e+01
     vertex -2.446251e+00  5.456534e+01  3.900000e+01
   endloop
 endfacet
 facet normal -9.736201e-01  2.281751e-01  0.000000e+00
   outer loop
     vertex -2.411323e+00  5.472401e+01  3.900000e+01
     vertex -2.411323e+00  5.472401e+01  3.650000e+01
     vertex -2.429862e+00  5.464491e+01  3.650000e+01
   endloop
 endfacet
 facet normal -9.736201e-01  2.281751e-01  2.341126e-19
   outer loop
     vertex -2.411323e+00  5.472401e+01  3.900000e+01
     vertex -2.429862e+00  5.464491e+01  3.650000e+01
     vertex -2.429862e+00  5.464491e+01  3.900000e+01
   endloop
 endfacet
 facet normal -9.670842e-01  2.544564e-01  0.000000e+00
   outer loop
     vertex -2.390650e+00  5.480259e+01  3.900000e+01
     vertex -2.390650e+00  5.480259e+01  3.650000e+01
     vertex -2.411323e+00  5.472401e+01  3.650000e+01
   endloop
 endfacet
 facet normal -9.670842e-01  2.544564e-01 -3.659552e-19
   outer loop
     vertex -2.390650e+00  5.480259e+01  3.900000e+01
     vertex -2.411323e+00  5.472401e+01  3.650000e+01
     vertex -2.411323e+00  5.472401e+01  3.900000e+01
   endloop
 endfacet
 facet normal -9.598391e-01  2.805512e-01  0.000000e+00
   outer loop
     vertex -2.367856e+00  5.488057e+01  3.900000e+01
     vertex -2.367856e+00  5.488057e+01  3.650000e+01
     vertex -2.390650e+00  5.480259e+01  3.650000e+01
   endloop
 endfacet
 facet normal -9.518899e-01  3.064401e-01  0.000000e+00
   outer loop
     vertex -2.367856e+00  5.488057e+01  3.900000e+01
     vertex -2.342960e+00  5.495790e+01  3.650000e+01
     vertex -2.367856e+00  5.488057e+01  3.650000e+01
   endloop
 endfacet
 facet normal -9.598391e-01  2.805512e-01  4.028342e-19
   outer loop
     vertex -2.367856e+00  5.488057e+01  3.900000e+01
     vertex -2.390650e+00  5.480259e+01  3.650000e+01
     vertex -2.390650e+00  5.480259e+01  3.900000e+01
   endloop
 endfacet
 facet normal -9.518899e-01  3.064401e-01  0.000000e+00
   outer loop
     vertex -2.342960e+00  5.495790e+01  3.900000e+01
     vertex -2.342960e+00  5.495790e+01  3.650000e+01
     vertex -2.367856e+00  5.488057e+01  3.900000e+01
   endloop
 endfacet
 facet normal -9.432426e-01  3.321044e-01  0.000000e+00
   outer loop
     vertex -2.315977e+00  5.503454e+01  3.900000e+01
     vertex -2.315977e+00  5.503454e+01  3.650000e+01
     vertex -2.342960e+00  5.495790e+01  3.650000e+01
   endloop
 endfacet
 facet normal -9.432426e-01  3.321044e-01 -3.516898e-19
   outer loop
     vertex -2.315977e+00  5.503454e+01  3.900000e+01
     vertex -2.342960e+00  5.495790e+01  3.650000e+01
     vertex -2.342960e+00  5.495790e+01  3.900000e+01
   endloop
 endfacet
 facet normal -9.339036e-01  3.575250e-01  0.000000e+00
   outer loop
     vertex -2.286930e+00  5.511041e+01  3.900000e+01
     vertex -2.286930e+00  5.511041e+01  3.650000e+01
     vertex -2.315977e+00  5.503454e+01  3.650000e+01
   endloop
 endfacet
 facet normal -9.339036e-01  3.575250e-01 -2.901940e-19
   outer loop
     vertex -2.286930e+00  5.511041e+01  3.900000e+01
     vertex -2.315977e+00  5.503454e+01  3.650000e+01
     vertex -2.315977e+00  5.503454e+01  3.900000e+01
   endloop
 endfacet
 facet normal -9.238795e-01  3.826834e-01  0.000000e+00
   outer loop
     vertex -2.255839e+00  5.518548e+01  3.900000e+01
     vertex -2.255839e+00  5.518548e+01  3.650000e+01
     vertex -2.286930e+00  5.511041e+01  3.650000e+01
   endloop
 endfacet
 facet normal -9.131779e-01  4.075612e-01  0.000000e+00
   outer loop
     vertex -2.255839e+00  5.518548e+01  3.900000e+01
     vertex -2.222726e+00  5.525967e+01  3.650000e+01
     vertex -2.255839e+00  5.518548e+01  3.650000e+01
   endloop
 endfacet
 facet normal -9.238795e-01  3.826834e-01 -5.574289e-19
   outer loop
     vertex -2.255839e+00  5.518548e+01  3.900000e+01
     vertex -2.286930e+00  5.511041e+01  3.650000e+01
     vertex -2.286930e+00  5.511041e+01  3.900000e+01
   endloop
 endfacet
 facet normal -9.131779e-01  4.075612e-01  0.000000e+00
   outer loop
     vertex -2.222726e+00  5.525967e+01  3.900000e+01
     vertex -2.222726e+00  5.525967e+01  3.650000e+01
     vertex -2.255839e+00  5.518548e+01  3.900000e+01
   endloop
 endfacet
 facet normal -9.018065e-01  4.321400e-01  0.000000e+00
   outer loop
     vertex -2.187617e+00  5.533294e+01  3.900000e+01
     vertex -2.187617e+00  5.533294e+01  3.650000e+01
     vertex -2.222726e+00  5.525967e+01  3.650000e+01
   endloop
 endfacet
 facet normal -9.018065e-01  4.321400e-01  9.304440e-19
   outer loop
     vertex -2.187617e+00  5.533294e+01  3.900000e+01
     vertex -2.222726e+00  5.525967e+01  3.650000e+01
     vertex -2.222726e+00  5.525967e+01  3.900000e+01
   endloop
 endfacet
 facet normal -8.897737e-01  4.564019e-01  0.000000e+00
   outer loop
     vertex -2.150536e+00  5.540523e+01  3.900000e+01
     vertex -2.150536e+00  5.540523e+01  3.650000e+01
     vertex -2.187617e+00  5.533294e+01  3.650000e+01
   endloop
 endfacet
 facet normal -8.897737e-01  4.564019e-01  2.561478e-19
   outer loop
     vertex -2.150536e+00  5.540523e+01  3.900000e+01
     vertex -2.187617e+00  5.533294e+01  3.650000e+01
     vertex -2.187617e+00  5.533294e+01  3.900000e+01
   endloop
 endfacet
 facet normal -8.770884e-01  4.803291e-01  0.000000e+00
   outer loop
     vertex -2.111512e+00  5.547648e+01  3.900000e+01
     vertex -2.111512e+00  5.547648e+01  3.650000e+01
     vertex -2.150536e+00  5.540523e+01  3.650000e+01
   endloop
 endfacet
 facet normal -8.770884e-01  4.803291e-01 -7.490407e-19
   outer loop
     vertex -2.111512e+00  5.547648e+01  3.900000e+01
     vertex -2.150536e+00  5.540523e+01  3.650000e+01
     vertex -2.150536e+00  5.540523e+01  3.900000e+01
   endloop
 endfacet
 facet normal -8.637597e-01  5.039039e-01  0.000000e+00
   outer loop
     vertex -2.070572e+00  5.554666e+01  3.900000e+01
     vertex -2.070572e+00  5.554666e+01  3.650000e+01
     vertex -2.111512e+00  5.547648e+01  3.650000e+01
   endloop
 endfacet
 facet normal -8.637597e-01  5.039039e-01  4.217419e-19
   outer loop
     vertex -2.070572e+00  5.554666e+01  3.900000e+01
     vertex -2.111512e+00  5.547648e+01  3.650000e+01
     vertex -2.111512e+00  5.547648e+01  3.900000e+01
   endloop
 endfacet
 facet normal -8.497975e-01  5.271092e-01  1.036754e-18
   outer loop
     vertex -2.027746e+00  5.561570e+01  3.900000e+01
     vertex -2.070572e+00  5.554666e+01  3.650000e+01
     vertex -2.070572e+00  5.554666e+01  3.900000e+01
   endloop
 endfacet
 facet normal -8.497975e-01  5.271092e-01  0.000000e+00
   outer loop
     vertex -2.027746e+00  5.561570e+01  3.900000e+01
     vertex -2.027746e+00  5.561570e+01  3.650000e+01
     vertex -2.070572e+00  5.554666e+01  3.650000e+01
   endloop
 endfacet
 facet normal -8.352121e-01  5.499279e-01 -4.817207e-19
   outer loop
     vertex -1.983067e+00  5.568356e+01  3.900000e+01
     vertex -2.027746e+00  5.561570e+01  3.650000e+01
     vertex -2.027746e+00  5.561570e+01  3.900000e+01
   endloop
 endfacet
 facet normal -8.352121e-01  5.499279e-01  0.000000e+00
   outer loop
     vertex -1.983067e+00  5.568356e+01  3.900000e+01
     vertex -1.983067e+00  5.568356e+01  3.650000e+01
     vertex -2.027746e+00  5.561570e+01  3.650000e+01
   endloop
 endfacet
 facet normal -8.200141e-01  5.723433e-01 -3.772557e-19
   outer loop
     vertex -1.936567e+00  5.575018e+01  3.900000e+01
     vertex -1.983067e+00  5.568356e+01  3.650000e+01
     vertex -1.983067e+00  5.568356e+01  3.900000e+01
   endloop
 endfacet
 facet normal -8.200141e-01  5.723433e-01  0.000000e+00
   outer loop
     vertex -1.936567e+00  5.575018e+01  3.900000e+01
     vertex -1.936567e+00  5.575018e+01  3.650000e+01
     vertex -1.983067e+00  5.568356e+01  3.650000e+01
   endloop
 endfacet
 facet normal -8.042147e-01  5.943389e-01  5.488263e-20
   outer loop
     vertex -1.888279e+00  5.581552e+01  3.900000e+01
     vertex -1.936567e+00  5.575018e+01  3.650000e+01
     vertex -1.936567e+00  5.575018e+01  3.900000e+01
   endloop
 endfacet
 facet normal -8.042147e-01  5.943389e-01  0.000000e+00
   outer loop
     vertex -1.888279e+00  5.581552e+01  3.900000e+01
     vertex -1.888279e+00  5.581552e+01  3.650000e+01
     vertex -1.936567e+00  5.575018e+01  3.650000e+01
   endloop
 endfacet
 facet normal -7.878255e-01  6.158986e-01  3.733209e-19
   outer loop
     vertex -1.838240e+00  5.587953e+01  3.900000e+01
     vertex -1.888279e+00  5.581552e+01  3.650000e+01
     vertex -1.888279e+00  5.581552e+01  3.900000e+01
   endloop
 endfacet
 facet normal -7.878255e-01  6.158986e-01  0.000000e+00
   outer loop
     vertex -1.838240e+00  5.587953e+01  3.900000e+01
     vertex -1.838240e+00  5.587953e+01  3.650000e+01
     vertex -1.888279e+00  5.581552e+01  3.650000e+01
   endloop
 endfacet
 facet normal -7.708584e-01  6.370065e-01  0.000000e+00
   outer loop
     vertex -1.838240e+00  5.587953e+01  3.900000e+01
     vertex -1.786486e+00  5.594216e+01  3.650000e+01
     vertex -1.838240e+00  5.587953e+01  3.650000e+01
   endloop
 endfacet
 facet normal -7.533260e-01  6.576473e-01  0.000000e+00
   outer loop
     vertex -1.786486e+00  5.594216e+01  3.900000e+01
     vertex -1.733055e+00  5.600336e+01  3.650000e+01
     vertex -1.786486e+00  5.594216e+01  3.650000e+01
   endloop
 endfacet
 facet normal -7.708584e-01  6.370065e-01  0.000000e+00
   outer loop
     vertex -1.786486e+00  5.594216e+01  3.900000e+01
     vertex -1.786486e+00  5.594216e+01  3.650000e+01
     vertex -1.838240e+00  5.587953e+01  3.900000e+01
   endloop
 endfacet
 facet normal -7.533260e-01  6.576473e-01  0.000000e+00
   outer loop
     vertex -1.733055e+00  5.600336e+01  3.900000e+01
     vertex -1.733055e+00  5.600336e+01  3.650000e+01
     vertex -1.786486e+00  5.594216e+01  3.900000e+01
   endloop
 endfacet
 facet normal -7.352410e-01  6.778058e-01  5.444284e-19
   outer loop
     vertex -1.677986e+00  5.606310e+01  3.900000e+01
     vertex -1.733055e+00  5.600336e+01  3.650000e+01
     vertex -1.733055e+00  5.600336e+01  3.900000e+01
   endloop
 endfacet
 facet normal -7.352410e-01  6.778058e-01  0.000000e+00
   outer loop
     vertex -1.677986e+00  5.606310e+01  3.900000e+01
     vertex -1.677986e+00  5.606310e+01  3.650000e+01
     vertex -1.733055e+00  5.600336e+01  3.650000e+01
   endloop
 endfacet
 facet normal -7.166168e-01  6.974671e-01  0.000000e+00
   outer loop
     vertex -1.621320e+00  5.612132e+01  3.900000e+01
     vertex -1.621320e+00  5.612132e+01  3.650000e+01
     vertex -1.677986e+00  5.606310e+01  3.650000e+01
   endloop
 endfacet
 facet normal -7.166168e-01  6.974671e-01  3.951045e-20
   outer loop
     vertex -1.621320e+00  5.612132e+01  3.900000e+01
     vertex -1.677986e+00  5.606310e+01  3.650000e+01
     vertex -1.677986e+00  5.606310e+01  3.900000e+01
   endloop
 endfacet
 facet normal -6.974671e-01  7.166168e-01  0.000000e+00
   outer loop
     vertex -1.563098e+00  5.617799e+01  3.900000e+01
     vertex -1.563098e+00  5.617799e+01  3.650000e+01
     vertex -1.621320e+00  5.612132e+01  3.650000e+01
   endloop
 endfacet
 facet normal -6.974671e-01  7.166168e-01  7.096690e-19
   outer loop
     vertex -1.563098e+00  5.617799e+01  3.900000e+01
     vertex -1.621320e+00  5.612132e+01  3.650000e+01
     vertex -1.621320e+00  5.612132e+01  3.900000e+01
   endloop
 endfacet
 facet normal -6.778058e-01  7.352410e-01  0.000000e+00
   outer loop
     vertex -1.503363e+00  5.623306e+01  3.900000e+01
     vertex -1.503363e+00  5.623306e+01  3.650000e+01
     vertex -1.563098e+00  5.617799e+01  3.650000e+01
   endloop
 endfacet
 facet normal -6.778058e-01  7.352410e-01  1.049430e-18
   outer loop
     vertex -1.503363e+00  5.623306e+01  3.900000e+01
     vertex -1.563098e+00  5.617799e+01  3.650000e+01
     vertex -1.563098e+00  5.617799e+01  3.900000e+01
   endloop
 endfacet
 facet normal -6.576473e-01  7.533260e-01  0.000000e+00
   outer loop
     vertex -1.442159e+00  5.628649e+01  3.900000e+01
     vertex -1.442159e+00  5.628649e+01  3.650000e+01
     vertex -1.503363e+00  5.623306e+01  3.650000e+01
   endloop
 endfacet
 facet normal -6.576473e-01  7.533260e-01 -2.937532e-19
   outer loop
     vertex -1.442159e+00  5.628649e+01  3.900000e+01
     vertex -1.503363e+00  5.623306e+01  3.650000e+01
     vertex -1.503363e+00  5.623306e+01  3.900000e+01
   endloop
 endfacet
 facet normal -6.370065e-01  7.708584e-01  0.000000e+00
   outer loop
     vertex -1.379530e+00  5.633824e+01  3.900000e+01
     vertex -1.379530e+00  5.633824e+01  3.650000e+01
     vertex -1.442159e+00  5.628649e+01  3.650000e+01
   endloop
 endfacet
 facet normal -6.370065e-01  7.708584e-01 -6.746484e-19
   outer loop
     vertex -1.379530e+00  5.633824e+01  3.900000e+01
     vertex -1.442159e+00  5.628649e+01  3.650000e+01
     vertex -1.442159e+00  5.628649e+01  3.900000e+01
   endloop
 endfacet
 facet normal -6.158986e-01  7.878255e-01  0.000000e+00
   outer loop
     vertex -1.315523e+00  5.638828e+01  3.900000e+01
     vertex -1.315523e+00  5.638828e+01  3.650000e+01
     vertex -1.379530e+00  5.633824e+01  3.650000e+01
   endloop
 endfacet
 facet normal -6.158986e-01  7.878255e-01 -7.320749e-19
   outer loop
     vertex -1.315523e+00  5.638828e+01  3.900000e+01
     vertex -1.379530e+00  5.633824e+01  3.650000e+01
     vertex -1.379530e+00  5.633824e+01  3.900000e+01
   endloop
 endfacet
 facet normal -5.943389e-01  8.042147e-01  0.000000e+00
   outer loop
     vertex -1.250184e+00  5.643657e+01  3.900000e+01
     vertex -1.250184e+00  5.643657e+01  3.650000e+01
     vertex -1.315523e+00  5.638828e+01  3.650000e+01
   endloop
 endfacet
 facet normal -5.943389e-01  8.042147e-01 -4.482969e-19
   outer loop
     vertex -1.250184e+00  5.643657e+01  3.900000e+01
     vertex -1.315523e+00  5.638828e+01  3.650000e+01
     vertex -1.315523e+00  5.638828e+01  3.900000e+01
   endloop
 endfacet
 facet normal -5.723433e-01  8.200141e-01  0.000000e+00
   outer loop
     vertex -1.183561e+00  5.648307e+01  3.900000e+01
     vertex -1.183561e+00  5.648307e+01  3.650000e+01
     vertex -1.250184e+00  5.643657e+01  3.650000e+01
   endloop
 endfacet
 facet normal -5.723433e-01  8.200141e-01 -7.920701e-19
   outer loop
     vertex -1.183561e+00  5.648307e+01  3.900000e+01
     vertex -1.250184e+00  5.643657e+01  3.650000e+01
     vertex -1.250184e+00  5.643657e+01  3.900000e+01
   endloop
 endfacet
 facet normal -5.499279e-01  8.352121e-01  0.000000e+00
   outer loop
     vertex -1.115704e+00  5.652775e+01  3.900000e+01
     vertex -1.115704e+00  5.652775e+01  3.650000e+01
     vertex -1.183561e+00  5.648307e+01  3.650000e+01
   endloop
 endfacet
 facet normal -5.499279e-01  8.352121e-01  2.035127e-19
   outer loop
     vertex -1.115704e+00  5.652775e+01  3.900000e+01
     vertex -1.183561e+00  5.648307e+01  3.650000e+01
     vertex -1.183561e+00  5.648307e+01  3.900000e+01
   endloop
 endfacet
 facet normal -5.271092e-01  8.497975e-01  0.000000e+00
   outer loop
     vertex -1.046662e+00  5.657057e+01  3.900000e+01
     vertex -1.046662e+00  5.657057e+01  3.650000e+01
     vertex -1.115704e+00  5.652775e+01  3.650000e+01
   endloop
 endfacet
 facet normal -5.271092e-01  8.497975e-01  8.275380e-19
   outer loop
     vertex -1.046662e+00  5.657057e+01  3.900000e+01
     vertex -1.115704e+00  5.652775e+01  3.650000e+01
     vertex -1.115704e+00  5.652775e+01  3.900000e+01
   endloop
 endfacet
 facet normal -5.039039e-01  8.637597e-01  0.000000e+00
   outer loop
     vertex -9.764849e-01  5.661151e+01  3.900000e+01
     vertex -9.764849e-01  5.661151e+01  3.650000e+01
     vertex -1.046662e+00  5.657057e+01  3.650000e+01
   endloop
 endfacet
 facet normal -4.803291e-01  8.770884e-01  0.000000e+00
   outer loop
     vertex -9.764849e-01  5.661151e+01  3.900000e+01
     vertex -9.052253e-01  5.665054e+01  3.650000e+01
     vertex -9.764849e-01  5.661151e+01  3.650000e+01
   endloop
 endfacet
 facet normal -5.039039e-01  8.637597e-01  5.758472e-19
   outer loop
     vertex -9.764849e-01  5.661151e+01  3.900000e+01
     vertex -1.046662e+00  5.657057e+01  3.650000e+01
     vertex -1.046662e+00  5.657057e+01  3.900000e+01
   endloop
 endfacet
 facet normal -4.803291e-01  8.770884e-01  0.000000e+00
   outer loop
     vertex -9.052253e-01  5.665054e+01  3.900000e+01
     vertex -9.052253e-01  5.665054e+01  3.650000e+01
     vertex -9.764849e-01  5.661151e+01  3.900000e+01
   endloop
 endfacet
 facet normal -4.564019e-01  8.897737e-01  0.000000e+00
   outer loop
     vertex -8.329351e-01  5.668762e+01  3.900000e+01
     vertex -8.329351e-01  5.668762e+01  3.650000e+01
     vertex -9.052253e-01  5.665054e+01  3.650000e+01
   endloop
 endfacet
 facet normal -4.564019e-01  8.897737e-01  2.024103e-19
   outer loop
     vertex -8.329351e-01  5.668762e+01  3.900000e+01
     vertex -9.052253e-01  5.665054e+01  3.650000e+01
     vertex -9.052253e-01  5.665054e+01  3.900000e+01
   endloop
 endfacet
 facet normal -4.321400e-01  9.018065e-01  0.000000e+00
   outer loop
     vertex -7.596673e-01  5.672273e+01  3.900000e+01
     vertex -7.596673e-01  5.672273e+01  3.650000e+01
     vertex -8.329351e-01  5.668762e+01  3.650000e+01
   endloop
 endfacet
 facet normal -4.321400e-01  9.018065e-01 -7.494204e-19
   outer loop
     vertex -7.596673e-01  5.672273e+01  3.900000e+01
     vertex -8.329351e-01  5.668762e+01  3.650000e+01
     vertex -8.329351e-01  5.668762e+01  3.900000e+01
   endloop
 endfacet
 facet normal -4.075612e-01  9.131779e-01  0.000000e+00
   outer loop
     vertex -6.854756e-01  5.675584e+01  3.900000e+01
     vertex -6.854756e-01  5.675584e+01  3.650000e+01
     vertex -7.596673e-01  5.672273e+01  3.650000e+01
   endloop
 endfacet
 facet normal -3.826834e-01  9.238795e-01  0.000000e+00
   outer loop
     vertex -6.854756e-01  5.675584e+01  3.900000e+01
     vertex -6.104145e-01  5.678693e+01  3.650000e+01
     vertex -6.854756e-01  5.675584e+01  3.650000e+01
   endloop
 endfacet
 facet normal -4.075612e-01  9.131779e-01 -8.803821e-19
   outer loop
     vertex -6.854756e-01  5.675584e+01  3.900000e+01
     vertex -7.596673e-01  5.672273e+01  3.650000e+01
     vertex -7.596673e-01  5.672273e+01  3.900000e+01
   endloop
 endfacet
 facet normal -3.826834e-01  9.238795e-01  0.000000e+00
   outer loop
     vertex -6.104145e-01  5.678693e+01  3.900000e+01
     vertex -6.104145e-01  5.678693e+01  3.650000e+01
     vertex -6.854756e-01  5.675584e+01  3.900000e+01
   endloop
 endfacet
 facet normal -3.575250e-01  9.339036e-01  0.000000e+00
   outer loop
     vertex -5.345389e-01  5.681598e+01  3.900000e+01
     vertex -5.345389e-01  5.681598e+01  3.650000e+01
     vertex -6.104145e-01  5.678693e+01  3.650000e+01
   endloop
 endfacet
 facet normal -3.575250e-01  9.339036e-01 -9.199089e-19
   outer loop
     vertex -5.345389e-01  5.681598e+01  3.900000e+01
     vertex -6.104145e-01  5.678693e+01  3.650000e+01
     vertex -6.104145e-01  5.678693e+01  3.900000e+01
   endloop
 endfacet
 facet normal -3.321044e-01  9.432426e-01 -1.314932e-19
   outer loop
     vertex -4.579046e-01  5.684296e+01  3.900000e+01
     vertex -5.345389e-01  5.681598e+01  3.650000e+01
     vertex -5.345389e-01  5.681598e+01  3.900000e+01
   endloop
 endfacet
 facet normal -3.321044e-01  9.432426e-01  0.000000e+00
   outer loop
     vertex -4.579046e-01  5.684296e+01  3.900000e+01
     vertex -4.579046e-01  5.684296e+01  3.650000e+01
     vertex -5.345389e-01  5.681598e+01  3.650000e+01
   endloop
 endfacet
 facet normal -3.064401e-01  9.518899e-01  0.000000e+00
   outer loop
     vertex -4.579046e-01  5.684296e+01  3.900000e+01
     vertex -3.805677e-01  5.686786e+01  3.650000e+01
     vertex -4.579046e-01  5.684296e+01  3.650000e+01
   endloop
 endfacet
 facet normal -3.064401e-01  9.518899e-01  0.000000e+00
   outer loop
     vertex -3.805677e-01  5.686786e+01  3.900000e+01
     vertex -3.805677e-01  5.686786e+01  3.650000e+01
     vertex -4.579046e-01  5.684296e+01  3.900000e+01
   endloop
 endfacet
 facet normal -2.805512e-01  9.598391e-01  2.127538e-20
   outer loop
     vertex -3.025850e-01  5.689065e+01  3.900000e+01
     vertex -3.805677e-01  5.686786e+01  3.650000e+01
     vertex -3.805677e-01  5.686786e+01  3.900000e+01
   endloop
 endfacet
 facet normal -2.805512e-01  9.598391e-01  0.000000e+00
   outer loop
     vertex -3.025850e-01  5.689065e+01  3.900000e+01
     vertex -3.025850e-01  5.689065e+01  3.650000e+01
     vertex -3.805677e-01  5.686786e+01  3.650000e+01
   endloop
 endfacet
 facet normal -2.544564e-01  9.670842e-01 -1.681766e-19
   outer loop
     vertex -2.240137e-01  5.691132e+01  3.900000e+01
     vertex -3.025850e-01  5.689065e+01  3.650000e+01
     vertex -3.025850e-01  5.689065e+01  3.900000e+01
   endloop
 endfacet
 facet normal -2.544564e-01  9.670842e-01  0.000000e+00
   outer loop
     vertex -2.240137e-01  5.691132e+01  3.900000e+01
     vertex -2.240137e-01  5.691132e+01  3.650000e+01
     vertex -3.025850e-01  5.689065e+01  3.650000e+01
   endloop
 endfacet
 facet normal -2.281751e-01  9.736201e-01  1.877396e-19
   outer loop
     vertex -1.449113e-01  5.692986e+01  3.900000e+01
     vertex -2.240137e-01  5.691132e+01  3.650000e+01
     vertex -2.240137e-01  5.691132e+01  3.900000e+01
   endloop
 endfacet
 facet normal -2.281751e-01  9.736201e-01  0.000000e+00
   outer loop
     vertex -1.449113e-01  5.692986e+01  3.900000e+01
     vertex -1.449113e-01  5.692986e+01  3.650000e+01
     vertex -2.240137e-01  5.691132e+01  3.650000e+01
   endloop
 endfacet
 facet normal -2.017264e-01  9.794419e-01  6.340810e-20
   outer loop
     vertex -6.533597e-02  5.694625e+01  3.900000e+01
     vertex -1.449113e-01  5.692986e+01  3.650000e+01
     vertex -1.449113e-01  5.692986e+01  3.900000e+01
   endloop
 endfacet
 facet normal -2.017264e-01  9.794419e-01  0.000000e+00
   outer loop
     vertex -6.533597e-02  5.694625e+01  3.900000e+01
     vertex -6.533597e-02  5.694625e+01  3.650000e+01
     vertex -1.449113e-01  5.692986e+01  3.650000e+01
   endloop
 endfacet
 facet normal -1.751297e-01  9.845454e-01  0.000000e+00
   outer loop
     vertex -6.533597e-02  5.694625e+01  3.900000e+01
     vertex  1.465401e-02  5.696048e+01  3.650000e+01
     vertex -6.533597e-02  5.694625e+01  3.650000e+01
   endloop
 endfacet
 facet normal -1.751297e-01  9.845454e-01  0.000000e+00
   outer loop
     vertex  1.465401e-02  5.696048e+01  3.900000e+01
     vertex  1.465401e-02  5.696048e+01  3.650000e+01
     vertex -6.533597e-02  5.694625e+01  3.900000e+01
   endloop
 endfacet
 facet normal -1.484046e-01  9.889267e-01  1.745371e-19
   outer loop
     vertex  9.499996e-02  5.697254e+01  3.900000e+01
     vertex  1.465401e-02  5.696048e+01  3.650000e+01
     vertex  1.465401e-02  5.696048e+01  3.900000e+01
   endloop
 endfacet
 facet normal -1.484046e-01  9.889267e-01  0.000000e+00
   outer loop
     vertex  9.499996e-02  5.697254e+01  3.900000e+01
     vertex  9.499996e-02  5.697254e+01  3.650000e+01
     vertex  1.465401e-02  5.696048e+01  3.650000e+01
   endloop
 endfacet
 facet normal -1.215707e-01  9.925828e-01  0.000000e+00
   outer loop
     vertex  9.499996e-02  5.697254e+01  3.900000e+01
     vertex  1.756429e-01  5.698241e+01  3.650000e+01
     vertex  9.499996e-02  5.697254e+01  3.650000e+01
   endloop
 endfacet
 facet normal -1.215707e-01  9.925828e-01  0.000000e+00
   outer loop
     vertex  1.756429e-01  5.698241e+01  3.900000e+01
     vertex  1.756429e-01  5.698241e+01  3.650000e+01
     vertex  9.499996e-02  5.697254e+01  3.900000e+01
   endloop
 endfacet
 facet normal -9.464755e-02  9.955108e-01  0.000000e+00
   outer loop
     vertex  1.756429e-01  5.698241e+01  3.900000e+01
     vertex  2.565238e-01  5.699010e+01  3.650000e+01
     vertex  1.756429e-01  5.698241e+01  3.650000e+01
   endloop
 endfacet
 facet normal -9.464755e-02  9.955108e-01  0.000000e+00
   outer loop
     vertex  2.565238e-01  5.699010e+01  3.900000e+01
     vertex  2.565238e-01  5.699010e+01  3.650000e+01
     vertex  1.756429e-01  5.698241e+01  3.900000e+01
   endloop
 endfacet
 facet normal -6.765502e-02  9.977088e-01 -7.231380e-20
   outer loop
     vertex  3.375833e-01  5.699560e+01  3.900000e+01
     vertex  2.565238e-01  5.699010e+01  3.650000e+01
     vertex  2.565238e-01  5.699010e+01  3.900000e+01
   endloop
 endfacet
 facet normal -6.765502e-02  9.977088e-01  0.000000e+00
   outer loop
     vertex  3.375833e-01  5.699560e+01  3.900000e+01
     vertex  3.375833e-01  5.699560e+01  3.650000e+01
     vertex  2.565238e-01  5.699010e+01  3.650000e+01
   endloop
 endfacet
 facet normal -4.061287e-02  9.991750e-01  0.000000e+00
   outer loop
     vertex  3.375833e-01  5.699560e+01  3.900000e+01
     vertex  4.187618e-01  5.699890e+01  3.650000e+01
     vertex  3.375833e-01  5.699560e+01  3.650000e+01
   endloop
 endfacet
 facet normal -4.061287e-02  9.991750e-01  0.000000e+00
   outer loop
     vertex  4.187618e-01  5.699890e+01  3.900000e+01
     vertex  4.187618e-01  5.699890e+01  3.650000e+01
     vertex  3.375833e-01  5.699560e+01  3.900000e+01
   endloop
 endfacet
 facet normal -1.354093e-02  9.999083e-01 -3.174113e-21
   outer loop
     vertex  5.000000e-01  5.700000e+01  3.900000e+01
     vertex  4.187618e-01  5.699890e+01  3.650000e+01
     vertex  4.187618e-01  5.699890e+01  3.900000e+01
   endloop
 endfacet
 facet normal -1.354093e-02  9.999083e-01  0.000000e+00
   outer loop
     vertex  5.000000e-01  5.700000e+01  3.900000e+01
     vertex  5.000000e-01  5.700000e+01  3.650000e+01
     vertex  4.187618e-01  5.699890e+01  3.650000e+01
   endloop
 endfacet
 facet normal  0.000000e+00  0.000000e+00 -1.000000e+00
   outer loop
     vertex  2.000000e-01  2.000000e-01  3.650000e+01
     vertex -2.498900e+00  4.187618e-01  3.650000e+01
     vertex -2.500000e+00  5.000000e-01  3.650000e+01
   endloop
 endfacet
 facet normal  0.000000e+00  0.000000e+00 -1.000000e+00
   outer loop
     vertex  2.000000e-01  2.000000e-01  3.650000e+01
     vertex -2.495600e+00  3.375833e-01  3.650000e+01
     vertex -2.498900e+00  4.187618e-01  3.650000e+01
   endloop
 endfacet
 facet normal  0.000000e+00  0.000000e+00 -1.000000e+00
   outer loop
     vertex  2.000000e-01  2.000000e-01  3.650000e+01
     vertex -2.490104e+00  2.565238e-01  3.650000e+01
     vertex -2.495600e+00  3.375833e-01  3.650000e+01
   endloop
 endfacet
 facet normal -0.000000e+00  0.000000e+00 -1.000000e+00
   outer loop
     vertex  2.000000e-01  2.000000e-01  3.650000e+01
     vertex -2.482414e+00  1.756429e-01  3.650000e+01
     vertex -2.490104e+00  2.565238e-01  3.650000e+01
   endloop
 endfacet
 facet normal  0.000000e+00  0.000000e+00 -1.000000e+00
   outer loop
     vertex  2.000000e-01  2.000000e-01  3.650000e+01
     vertex -2.472537e+00  9.499996e-02  3.650000e+01
     vertex -2.482414e+00  1.756429e-01  3.650000e+01
   endloop
 endfacet
 facet normal  0.000000e+00  0.000000e+00 -1.000000e+00
   outer loop
     vertex  2.000000e-01  2.000000e-01  3.650000e+01
     vertex -2.460480e+00  1.465401e-02  3.650000e+01
     vertex -2.472537e+00  9.499996e-02  3.650000e+01
   endloop
 endfacet
 facet normal  0.000000e+00  0.000000e+00 -1.000000e+00
   outer loop
     vertex  2.000000e-01  2.000000e-01  3.650000e+01
     vertex -2.446251e+00 -6.533597e-02  3.650000e+01
     vertex -2.460480e+00  1.465401e-02  3.650000e+01
   endloop
 endfacet
 facet normal  0.000000e+00  0.000000e+00 -1.000000e+00
   outer loop
     vertex  2.000000e-01  2.000000e-01  3.650000e+01
     vertex -2.429862e+00 -1.449113e-01  3.650000e+01
     vertex -2.446251e+00 -6.533597e-02  3.650000e+01
   endloop
 endfacet
 facet normal  0.000000e+00  0.000000e+00 -1.000000e+00
   outer loop
     vertex  2.000000e-01  2.000000e-01  3.650000e+01
     vertex -2.411323e+00 -2.240137e-01  3.650000e+01
     vertex -2.429862e+00 -1.449113e-01  3.650000e+01
   endloop
 endfacet
 facet normal  0.000000e+00  0.000000e+00 -1.000000e+00
   outer loop
     vertex  2.000000e-01  2.000000e-01  3.650000e+01
     vertex -2.390650e+00 -3.025850e-01  3.650000e+01
     vertex -2.411323e+00 -2.240137e-01  3.650000e+01
   endloop
 endfacet
 facet normal  0.000000e+00  0.000000e+00 -1.000000e+00
   outer loop
     vertex  2.000000e-01  2.000000e-01  3.650000e+01
     vertex -2.367856e+00 -3.805677e-01  3.650000e+01
     vertex -2.390650e+00 -3.025850e-01  3.650000e+01
   endloop
 endfacet
 facet normal  0.000000e+00  0.000000e+00 -1.000000e+00
   outer loop
     vertex  2.000000e-01  2.000000e-01  3.650000e+01
     vertex -2.342960e+00 -4.579046e-01  3.650000e+01
     vertex -2.367856e+00 -3.805677e-01  3.650000e+01
   endloop
 endfacet
 facet normal  0.000000e+00  0.000000e+00 -1.000000e+00
   outer loop
     vertex  2.000000e-01  2.000000e-01  3.650000e+01
     vertex -2.315977e+00 -5.345389e-01  3.650000e+01
     vertex -2.342960e+00 -4.579046e-01  3.650000e+01
   endloop
 endfacet
 facet normal  0.000000e+00  0.000000e+00 -1.000000e+00
   outer loop
     vertex  2.000000e-01  2.000000e-01  3.650000e+01
     vertex -2.286930e+00 -6.104145e-01  3.650000e+01
     vertex -2.315977e+00 -5.345389e-01  3.650000e+01
   endloop
 endfacet
 facet normal  0.000000e+00  0.000000e+00 -1.000000e+00
   outer loop
     vertex  2.000000e-01  2.000000e-01  3.650000e+01
     vertex -2.255839e+00 -6.854756e-01  3.650000e+01
     vertex -2.286930e+00 -6.104145e-01  3.650000e+01
   endloop
 endfacet
 facet normal  0.000000e+00  0.000000e+00 -1.000000e+00
   outer loop
     vertex  2.000000e-01  2.000000e-01  3.650000e+01
     vertex -2.222726e+00 -7.596673e-01  3.650000e+01
     vertex -2.255839e+00 -6.854756e-01  3.650000e+01
   endloop
 endfacet
 facet normal  0.000000e+00  0.000000e+00 -1.000000e+00
   outer loop
     vertex  2.000000e-01  2.000000e-01  3.650000e+01
     vertex -2.187617e+00 -8.329351e-01  3.650000e+01
     vertex -2.222726e+00 -7.596673e-01  3.650000e+01
   endloop
 endfacet
 facet normal  0.000000e+00  0.000000e+00 -1.000000e+00
   outer loop
     vertex  2.000000e-01  2.000000e-01  3.650000e+01
     vertex -2.150536e+00 -9.052253e-01  3.650000e+01
     vertex -2.187617e+00 -8.329351e-01  3.650000e+01
   endloop
 endfacet
 facet normal  0.000000e+00  0.000000e+00 -1.000000e+00
   outer loop
     vertex  2.000000e-01  2.000000e-01  3.650000e+01
     vertex -2.111512e+00 -9.764849e-01  3.650000e+01
     vertex -2.150536e+00 -9.052253e-01  3.650000e+01
   endloop
 endfacet
 facet normal  0.000000e+00  0.000000e+00 -1.000000e+00
   outer loop
     vertex  2.000000e-01  2.000000e-01  3.650000e+01
     vertex -2.070572e+00 -1.046662e+00  3.650000e+01
     vertex -2.111512e+00 -9.764849e-01  3.650000e+01
   endloop
 endfacet
 facet normal  0.000000e+00  0.000000e+00 -1.000000e+00
   outer loop
     vertex  2.000000e-01  2.000000e-01  3.650000e+01
     vertex -2.027746e+00 -1.115704e+00  3.650000e+01
     vertex -2.070572e+00 -1.046662e+00  3.650000e+01
   endloop
 endfacet
 facet normal  0.000000e+00  0.000000e+00 -1.000000e+00
   outer loop
     vertex  2.000000e-01  2.000000e-01  3.650000e+01
     vertex -1.983067e+00 -1.183561e+00  3.650000e+01
     vertex -2.027746e+00 -1.115704e+00  3.650000e+01
   endloop
 endfacet
 facet normal  0.000000e+00  0.000000e+00 -1.000000e+00
   outer loop
     vertex  2.000000e-01  2.000000e-01  3.650000e+01
     vertex -1.936567e+00 -1.250184e+00  3.650000e+01
     vertex -1.983067e+00 -1.183561e+00  3.650000e+01
   endloop
 endfacet
 facet normal  0.000000e+00  0.000000e+00 -1.000000e+00
   outer loop
     vertex  2.000000e-01  2.000000e-01  3.650000e+01
     vertex -1.888279e+00 -1.315523e+00  3.650000e+01
     vertex -1.936567e+00 -1.250184e+00  3.650000e+01
   endloop
 endfacet
 facet normal  0.000000e+00  0.000000e+00 -1.000000e+00
   outer loop
     vertex  2.000000e-01  2.000000e-01  3.650000e+01
     vertex -1.838240e+00 -1.379530e+00  3.650000e+01
     vertex -1.888279e+00 -1.315523e+00  3.650000e+01
   endloop
 endfacet
 facet normal  0.000000e+00  0.000000e+00 -1.000000e+00
   outer loop
     vertex  2.000000e-01  2.000000e-01  3.650000e+01
     vertex -1.786486e+00 -1.442159e+00  3.650000e+01
     vertex -1.838240e+00 -1.379530e+00  3.650000e+01
   endloop
 endfacet
 facet normal  0.000000e+00  0.000000e+00 -1.000000e+00
   outer loop
     vertex  2.000000e-01  2.000000e-01  3.650000e+01
     vertex -1.733055e+00 -1.503363e+00  3.650000e+01
     vertex -1.786486e+00 -1.442159e+00  3.650000e+01
   endloop
 endfacet
 facet normal  0.000000e+00  0.000000e+00 -1.000000e+00
   outer loop
     vertex  2.000000e-01  2.000000e-01  3.650000e+01
     vertex -1.677986e+00 -1.563098e+00  3.650000e+01
     vertex -1.733055e+00 -1.503363e+00  3.650000e+01
   endloop
 endfacet
 facet normal  0.000000e+00  0.000000e+00 -1.000000e+00
   outer loop
     vertex  2.000000e-01  2.000000e-01  3.650000e+01
     vertex -1.621320e+00 -1.621320e+00  3.650000e+01
     vertex -1.677986e+00 -1.563098e+00  3.650000e+01
   endloop
 endfacet
 facet normal  0.000000e+00  0.000000e+00 -1.000000e+00
   outer loop
     vertex  2.000000e-01  2.000000e-01  3.650000e+01
     vertex -1.563098e+00 -1.677986e+00  3.650000e+01
     vertex -1.621320e+00 -1.621320e+00  3.650000e+01
   endloop
 endfacet
 facet normal  0.000000e+00  0.000000e+00 -1.000000e+00
   outer loop
     vertex  2.000000e-01  2.000000e-01  3.650000e+01
     vertex -1.503363e+00 -1.733055e+00  3.650000e+01
     vertex -1.563098e+00 -1.677986e+00  3.650000e+01
   endloop
 endfacet
 facet normal  0.000000e+00  0.000000e+00 -1.000000e+00
   outer loop
     vertex  2.000000e-01  2.000000e-01  3.650000e+01
     vertex -1.442159e+00 -1.786486e+00  3.650000e+01
     vertex -1.503363e+00 -1.733055e+00  3.650000e+01
   endloop
 endfacet
 facet normal  0.000000e+00  0.000000e+00 -1.000000e+00
   outer loop
     vertex  2.000000e-01  2.000000e-01  3.650000e+01
     vertex -1.379530e+00 -1.838240e+00  3.650000e+01
     vertex -1.442159e+00 -1.786486e+00  3.650000e+01
   endloop
 endfacet
 facet normal  0.000000e+00  0.000000e+00 -1.000000e+00
   outer loop
     vertex  2.000000e-01  2.000000e-01  3.650000e+01
     vertex -1.315523e+00 -1.888279e+00  3.650000e+01
     vertex -1.379530e+00 -1.838240e+00  3.650000e+01
   endloop
 endfacet
 facet normal  0.000000e+00  0.000000e+00 -1.000000e+00
   outer loop
     vertex  2.000000e-01  2.000000e-01  3.650000e+01
     vertex -1.250184e+00 -1.936567e+00  3.650000e+01
     vertex -1.315523e+00 -1.888279e+00  3.650000e+01
   endloop
 endfacet
 facet normal  0.000000e+00  0.000000e+00 -1.000000e+00
   outer loop
     vertex  2.000000e-01  2.000000e-01  3.650000e+01
     vertex -1.183561e+00 -1.983067e+00  3.650000e+01
     vertex -1.250184e+00 -1.936567e+00  3.650000e+01
   endloop
 endfacet
 facet normal  0.000000e+00  0.000000e+00 -1.000000e+00
   outer loop
     vertex  2.000000e-01  2.000000e-01  3.650000e+01
     vertex -1.115704e+00 -2.027746e+00  3.650000e+01
     vertex -1.183561e+00 -1.983067e+00  3.650000e+01
   endloop
 endfacet
 facet normal  0.000000e+00  0.000000e+00 -1.000000e+00
   outer loop
     vertex  2.000000e-01  2.000000e-01  3.650000e+01
     vertex -1.046662e+00 -2.070572e+00  3.650000e+01
     vertex -1.115704e+00 -2.027746e+00  3.650000e+01
   endloop
 endfacet
 facet normal  0.000000e+00  0.000000e+00 -1.000000e+00
   outer loop
     vertex  2.000000e-01  2.000000e-01  3.650000e+01
     vertex -9.764849e-01 -2.111512e+00  3.650000e+01
     vertex -1.046662e+00 -2.070572e+00  3.650000e+01
   endloop
 endfacet
 facet normal  0.000000e+00  0.000000e+00 -1.000000e+00
   outer loop
     vertex  2.000000e-01  2.000000e-01  3.650000e+01
     vertex -9.052253e-01 -2.150536e+00  3.650000e+01
     vertex -9.764849e-01 -2.111512e+00  3.650000e+01
   endloop
 endfacet
 facet normal  0.000000e+00  0.000000e+00 -1.000000e+00
   outer loop
     vertex  2.000000e-01  2.000000e-01  3.650000e+01
     vertex -8.329351e-01 -2.187617e+00  3.650000e+01
     vertex -9.052253e-01 -2.150536e+00  3.650000e+01
   endloop
 endfacet
 facet normal  0.000000e+00  0.000000e+00 -1.000000e+00
   outer loop
     vertex  2.000000e-01  2.000000e-01  3.650000e+01
     vertex -7.596673e-01 -2.222726e+00  3.650000e+01
     vertex -8.329351e-01 -2.187617e+00  3.650000e+01
   endloop
 endfacet
 facet normal  0.000000e+00  0.000000e+00 -1.000000e+00
   outer loop
     vertex  2.000000e-01  2.000000e-01  3.650000e+01
     vertex -6.854756e-01 -2.255839e+00  3.650000e+01
     vertex -7.596673e-01 -2.222726e+00  3.650000e+01
   endloop
 endfacet
 facet normal  0.000000e+00  0.000000e+00 -1.000000e+00
   outer loop
     vertex  2.000000e-01  2.000000e-01  3.650000e+01
     vertex -6.104145e-01 -2.286930e+00  3.650000e+01
     vertex -6.854756e-01 -2.255839e+00  3.650000e+01
   endloop
 endfacet
 facet normal  0.000000e+00  0.000000e+00 -1.000000e+00
   outer loop
     vertex  2.000000e-01  2.000000e-01  3.650000e+01
     vertex -5.345389e-01 -2.315977e+00  3.650000e+01
     vertex -6.104145e-01 -2.286930e+00  3.650000e+01
   endloop
 endfacet
 facet normal  0.000000e+00  0.000000e+00 -1.000000e+00
   outer loop
     vertex  2.000000e-01  2.000000e-01  3.650000e+01
     vertex -4.579046e-01 -2.342960e+00  3.650000e+01
     vertex -5.345389e-01 -2.315977e+00  3.650000e+01
   endloop
 endfacet
 facet normal  0.000000e+00  0.000000e+00 -1.000000e+00
   outer loop
     vertex  2.000000e-01  2.000000e-01  3.650000e+01
     vertex -3.805677e-01 -2.367856e+00  3.650000e+01
     vertex -4.579046e-01 -2.342960e+00  3.650000e+01
   endloop
 endfacet
 facet normal  0.000000e+00  0.000000e+00 -1.000000e+00
   outer loop
     vertex  2.000000e-01  2.000000e-01  3.650000e+01
     vertex -3.025850e-01 -2.390650e+00  3.650000e+01
     vertex -3.805677e-01 -2.367856e+00  3.650000e+01
   endloop
 endfacet
 facet normal  0.000000e+00  0.000000e+00 -1.000000e+00
   outer loop
     vertex  2.000000e-01  2.000000e-01  3.650000e+01
     vertex -2.240137e-01 -2.411323e+00  3.650000e+01
     vertex -3.025850e-01 -2.390650e+00  3.650000e+01
   endloop
 endfacet
 facet normal  0.000000e+00  0.000000e+00 -1.000000e+00
   outer loop
     vertex  2.000000e-01  2.000000e-01  3.650000e+01
     vertex -1.449113e-01 -2.429862e+00  3.650000e+01
     vertex -2.240137e-01 -2.411323e+00  3.650000e+01
   endloop
 endfacet
 facet normal  0.000000e+00  0.000000e+00 -1.000000e+00
   outer loop
     vertex  2.000000e-01  2.000000e-01  3.650000e+01
     vertex -6.533597e-02 -2.446251e+00  3.650000e+01
     vertex -1.449113e-01 -2.429862e+00  3.650000e+01
   endloop
 endfacet
 facet normal  0.000000e+00  0.000000e+00 -1.000000e+00
   outer loop
     vertex  2.000000e-01  2.000000e-01  3.650000e+01
     vertex  1.465401e-02 -2.460480e+00  3.650000e+01
     vertex -6.533597e-02 -2.446251e+00  3.650000e+01
   endloop
 endfacet
 facet normal  0.000000e+00  0.000000e+00 -1.000000e+00
   outer loop
     vertex  2.000000e-01  2.000000e-01  3.650000e+01
     vertex  9.499996e-02 -2.472537e+00  3.650000e+01
     vertex  1.465401e-02 -2.460480e+00  3.650000e+01
   endloop
 endfacet
 facet normal  0.000000e+00  0.000000e+00 -1.000000e+00
   outer loop
     vertex  2.000000e-01  2.000000e-01  3.650000e+01
     vertex  1.756429e-01 -2.482414e+00  3.650000e+01
     vertex  9.499996e-02 -2.472537e+00  3.650000e+01
   endloop
 endfacet
 facet normal  0.000000e+00 -0.000000e+00 -1.000000e+00
   outer loop
     vertex  2.000000e-01  2.000000e-01  3.650000e+01
     vertex  2.565238e-01 -2.490104e+00  3.650000e+01
     vertex  1.756429e-01 -2.482414e+00  3.650000e+01
   endloop
 endfacet
 facet normal  0.000000e+00  0.000000e+00 -1.000000e+00
   outer loop
     vertex  2.000000e-01  2.000000e-01  3.650000e+01
     vertex  3.375833e-01 -2.495600e+00  3.650000e+01
     vertex  2.565238e-01 -2.490104e+00  3.650000e+01
   endloop
 endfacet
 facet normal  0.000000e+00  0.000000e+00 -1.000000e+00
   outer loop
     vertex  2.000000e-01  2.000000e-01  3.650000e+01
     vertex  4.187618e-01 -2.498900e+00  3.650000e+01
     vertex  3.375833e-01 -2.495600e+00  3.650000e+01
   endloop
 endfacet
 facet normal  0.000000e+00  0.000000e+00 -1.000000e+00
   outer loop
     vertex  2.000000e-01  2.000000e-01  3.650000e+01
     vertex  5.000000e-01 -2.500000e+00  3.650000e+01
     vertex  4.187618e-01 -2.498900e+00  3.650000e+01
   endloop
 endfacet
 facet normal  0.000000e+00  0.000000e+00 -1.000000e+00
   outer loop
     vertex  2.000000e-01  5.430000e+01  3.650000e+01
     vertex -1.936567e+00  5.575018e+01  3.650000e+01
     vertex -1.888279e+00  5.581552e+01  3.650000e+01
   endloop
 endfacet
 facet normal  0.000000e+00  0.000000e+00 -1.000000e+00
   outer loop
     vertex  2.000000e-01  5.430000e+01  3.650000e+01
     vertex -1.888279e+00  5.581552e+01  3.650000e+01
     vertex -1.838240e+00  5.587953e+01  3.650000e+01
   endloop
 endfacet
 facet normal  0.000000e+00  0.000000e+00 -1.000000e+00
   outer loop
     vertex  2.000000e-01  5.430000e+01  3.650000e+01
     vertex -1.838240e+00  5.587953e+01  3.650000e+01
     vertex -1.786486e+00  5.594216e+01  3.650000e+01
   endloop
 endfacet
 facet normal  0.000000e+00  0.000000e+00 -1.000000e+00
   outer loop
     vertex  2.000000e-01  5.430000e+01  3.650000e+01
     vertex -1.786486e+00  5.594216e+01  3.650000e+01
     vertex -1.733055e+00  5.600336e+01  3.650000e+01
   endloop
 endfacet
 facet normal  0.000000e+00  0.000000e+00 -1.000000e+00
   outer loop
     vertex  2.000000e-01  5.430000e+01  3.650000e+01
     vertex -1.733055e+00  5.600336e+01  3.650000e+01
     vertex -1.677986e+00  5.606310e+01  3.650000e+01
   endloop
 endfacet
 facet normal  0.000000e+00  0.000000e+00 -1.000000e+00
   outer loop
     vertex  2.000000e-01  5.430000e+01  3.650000e+01
     vertex -2.500000e+00  5.400000e+01  3.650000e+01
     vertex -2.498900e+00  5.408124e+01  3.650000e+01
   endloop
 endfacet
 facet normal  0.000000e+00  0.000000e+00 -1.000000e+00
   outer loop
     vertex  2.000000e-01  5.430000e+01  3.650000e+01
     vertex -2.498900e+00  5.408124e+01  3.650000e+01
     vertex -2.495600e+00  5.416242e+01  3.650000e+01
   endloop
 endfacet
 facet normal  0.000000e+00  0.000000e+00 -1.000000e+00
   outer loop
     vertex  2.000000e-01  5.430000e+01  3.650000e+01
     vertex -2.495600e+00  5.416242e+01  3.650000e+01
     vertex -2.490104e+00  5.424348e+01  3.650000e+01
   endloop
 endfacet
 facet normal -0.000000e+00  0.000000e+00 -1.000000e+00
   outer loop
     vertex  2.000000e-01  5.430000e+01  3.650000e+01
     vertex -2.490104e+00  5.424348e+01  3.650000e+01
     vertex -2.482414e+00  5.432436e+01  3.650000e+01
   endloop
 endfacet
 facet normal  0.000000e+00  0.000000e+00 -1.000000e+00
   outer loop
     vertex  2.000000e-01  5.430000e+01  3.650000e+01
     vertex -2.482414e+00  5.432436e+01  3.650000e+01
     vertex -2.472537e+00  5.440500e+01  3.650000e+01
   endloop
 endfacet
 facet normal  0.000000e+00  0.000000e+00 -1.000000e+00
   outer loop
     vertex  2.000000e-01  5.430000e+01  3.650000e+01
     vertex -2.472537e+00  5.440500e+01  3.650000e+01
     vertex -2.460480e+00  5.448535e+01  3.650000e+01
   endloop
 endfacet
 facet normal  0.000000e+00  0.000000e+00 -1.000000e+00
   outer loop
     vertex  2.000000e-01  5.430000e+01  3.650000e+01
     vertex -2.460480e+00  5.448535e+01  3.650000e+01
     vertex -2.446251e+00  5.456534e+01  3.650000e+01
   endloop
 endfacet
 facet normal  0.000000e+00  0.000000e+00 -1.000000e+00
   outer loop
     vertex  2.000000e-01  5.430000e+01  3.650000e+01
     vertex -2.446251e+00  5.456534e+01  3.650000e+01
     vertex -2.429862e+00  5.464491e+01  3.650000e+01
   endloop
 endfacet
 facet normal  0.000000e+00  0.000000e+00 -1.000000e+00
   outer loop
     vertex  2.000000e-01  5.430000e+01  3.650000e+01
     vertex -2.429862e+00  5.464491e+01  3.650000e+01
     vertex -2.411323e+00  5.472401e+01  3.650000e+01
   endloop
 endfacet
 facet normal  0.000000e+00  0.000000e+00 -1.000000e+00
   outer loop
     vertex  2.000000e-01  5.430000e+01  3.650000e+01
     vertex -2.411323e+00  5.472401e+01  3.650000e+01
     vertex -2.390650e+00  5.480259e+01  3.650000e+01
   endloop
 endfacet
 facet normal  0.000000e+00  0.000000e+00 -1.000000e+00
   outer loop
     vertex  2.000000e-01  5.430000e+01  3.650000e+01
     vertex -2.390650e+00  5.480259e+01  3.650000e+01
     vertex -2.367856e+00  5.488057e+01  3.650000e+01
   endloop
 endfacet
 facet normal  0.000000e+00  0.000000e+00 -1.000000e+00
   outer loop
     vertex  2.000000e-01  5.430000e+01  3.650000e+01
     vertex -2.367856e+00  5.488057e+01  3.650000e+01
     vertex -2.342960e+00  5.495790e+01  3.650000e+01
   endloop
 endfacet
 facet normal  0.000000e+00  0.000000e+00 -1.000000e+00
   outer loop
     vertex  2.000000e-01  5.430000e+01  3.650000e+01
     vertex -2.342960e+00  5.495790e+01  3.650000e+01
     vertex -2.315977e+00  5.503454e+01  3.650000e+01
   endloop
 endfacet
 facet normal  0.000000e+00  0.000000e+00 -1.000000e+00
   outer loop
     vertex  2.000000e-01  5.430000e+01  3.650000e+01
     vertex -2.315977e+00  5.503454e+01  3.650000e+01
     vertex -2.286930e+00  5.511041e+01  3.650000e+01
   endloop
 endfacet
 facet normal  0.000000e+00  0.000000e+00 -1.000000e+00
   outer loop
     vertex  2.000000e-01  5.430000e+01  3.650000e+01
     vertex -2.286930e+00  5.511041e+01  3.650000e+01
     vertex -2.255839e+00  5.518548e+01  3.650000e+01
   endloop
 endfacet
 facet normal  0.000000e+00  0.000000e+00 -1.000000e+00
   outer loop
     vertex  2.000000e-01  5.430000e+01  3.650000e+01
     vertex -2.255839e+00  5.518548e+01  3.650000e+01
     vertex -2.222726e+00  5.525967e+01  3.650000e+01
   endloop
 endfacet
 facet normal  0.000000e+00  0.000000e+00 -1.000000e+00
   outer loop
     vertex  2.000000e-01  5.430000e+01  3.650000e+01
     vertex -2.222726e+00  5.525967e+01  3.650000e+01
     vertex -2.187617e+00  5.533294e+01  3.650000e+01
   endloop
 endfacet
 facet normal  0.000000e+00  0.000000e+00 -1.000000e+00
   outer loop
     vertex  2.000000e-01  5.430000e+01  3.650000e+01
     vertex -2.187617e+00  5.533294e+01  3.650000e+01
     vertex -2.150536e+00  5.540523e+01  3.650000e+01
   endloop
 endfacet
 facet normal  0.000000e+00  0.000000e+00 -1.000000e+00
   outer loop
     vertex  2.000000e-01  5.430000e+01  3.650000e+01
     vertex -2.150536e+00  5.540523e+01  3.650000e+01
     vertex -2.111512e+00  5.547648e+01  3.650000e+01
   endloop
 endfacet
 facet normal  0.000000e+00  0.000000e+00 -1.000000e+00
   outer loop
     vertex  2.000000e-01  5.430000e+01  3.650000e+01
     vertex -2.111512e+00  5.547648e+01  3.650000e+01
     vertex -2.070572e+00  5.554666e+01  3.650000e+01
   endloop
 endfacet
 facet normal  0.000000e+00  0.000000e+00 -1.000000e+00
   outer loop
     vertex  2.000000e-01  5.430000e+01  3.650000e+01
     vertex -2.070572e+00  5.554666e+01  3.650000e+01
     vertex -2.027746e+00  5.561570e+01  3.650000e+01
   endloop
 endfacet
 facet normal  0.000000e+00  0.000000e+00 -1.000000e+00
   outer loop
     vertex  2.000000e-01  5.430000e+01  3.650000e+01
     vertex -2.027746e+00  5.561570e+01  3.650000e+01
     vertex -1.983067e+00  5.568356e+01  3.650000e+01
   endloop
 endfacet
 facet normal  0.000000e+00  0.000000e+00 -1.000000e+00
   outer loop
     vertex  2.000000e-01  5.430000e+01  3.650000e+01
     vertex -1.983067e+00  5.568356e+01  3.650000e+01
     vertex -1.936567e+00  5.575018e+01  3.650000e+01
   endloop
 endfacet
 facet normal  0.000000e+00 -0.000000e+00 -1.000000e+00
   outer loop
     vertex -1.621320e+00  5.612132e+01  3.650000e+01
     vertex  2.000000e-01  5.430000e+01  3.650000e+01
     vertex -1.677986e+00  5.606310e+01  3.650000e+01
   endloop
 endfacet
 facet normal  0.000000e+00 -0.000000e+00 -1.000000e+00
   outer loop
     vertex -1.563098e+00  5.617799e+01  3.650000e+01
     vertex  2.000000e-01  5.430000e+01  3.650000e+01
     vertex -1.621320e+00  5.612132e+01  3.650000e+01
   endloop
 endfacet
 facet normal  0.000000e+00 -0.000000e+00 -1.000000e+00
   outer loop
     vertex -1.503363e+00  5.623306e+01  3.650000e+01
     vertex  2.000000e-01  5.430000e+01  3.650000e+01
     vertex -1.563098e+00  5.617799e+01  3.650000e+01
   endloop
 endfacet
 facet normal  0.000000e+00 -0.000000e+00 -1.000000e+00
   outer loop
     vertex -1.442159e+00  5.628649e+01  3.650000e+01
     vertex  2.000000e-01  5.430000e+01  3.650000e+01
     vertex -1.503363e+00  5.623306e+01  3.650000e+01
   endloop
 endfacet
 facet normal  0.000000e+00 -0.000000e+00 -1.000000e+00
   outer loop
     vertex -1.379530e+00  5.633824e+01  3.650000e+01
     vertex  2.000000e-01  5.430000e+01  3.650000e+01
     vertex -1.442159e+00  5.628649e+01  3.650000e+01
   endloop
 endfacet
 facet normal  0.000000e+00 -0.000000e+00 -1.000000e+00
   outer loop
     vertex -1.315523e+00  5.638828e+01  3.650000e+01
     vertex  2.000000e-01  5.430000e+01  3.650000e+01
     vertex -1.379530e+00  5.633824e+01  3.650000e+01
   endloop
 endfacet
 facet normal  0.000000e+00 -0.000000e+00 -1.000000e+00
   outer loop
     vertex -1.250184e+00  5.643657e+01  3.650000e+01
     vertex  2.000000e-01  5.430000e+01  3.650000e+01
     vertex -1.315523e+00  5.638828e+01  3.650000e+01
   endloop
 endfacet
 facet normal  0.000000e+00 -0.000000e+00 -1.000000e+00
   outer loop
     vertex -1.183561e+00  5.648307e+01  3.650000e+01
     vertex  2.000000e-01  5.430000e+01  3.650000e+01
     vertex -1.250184e+00  5.643657e+01  3.650000e+01
   endloop
 endfacet
 facet normal  0.000000e+00 -0.000000e+00 -1.000000e+00
   outer loop
     vertex -1.115704e+00  5.652775e+01  3.650000e+01
     vertex  2.000000e-01  5.430000e+01  3.650000e+01
     vertex -1.183561e+00  5.648307e+01  3.650000e+01
   endloop
 endfacet
 facet normal  0.000000e+00 -0.000000e+00 -1.000000e+00
   outer loop
     vertex -1.046662e+00  5.657057e+01  3.650000e+01
     vertex  2.000000e-01  5.430000e+01  3.650000e+01
     vertex -1.115704e+00  5.652775e+01  3.650000e+01
   endloop
 endfacet
 facet normal  0.000000e+00 -0.000000e+00 -1.000000e+00
   outer loop
     vertex -9.764849e-01  5.661151e+01  3.650000e+01
     vertex  2.000000e-01  5.430000e+01  3.650000e+01
     vertex -1.046662e+00  5.657057e+01  3.650000e+01
   endloop
 endfacet
 facet normal  0.000000e+00 -0.000000e+00 -1.000000e+00
   outer loop
     vertex -9.052253e-01  5.665054e+01  3.650000e+01
     vertex  2.000000e-01  5.430000e+01  3.650000e+01
     vertex -9.764849e-01  5.661151e+01  3.650000e+01
   endloop
 endfacet
 facet normal  0.000000e+00 -0.000000e+00 -1.000000e+00
   outer loop
     vertex -8.329351e-01  5.668762e+01  3.650000e+01
     vertex  2.000000e-01  5.430000e+01  3.650000e+01
     vertex -9.052253e-01  5.665054e+01  3.650000e+01
   endloop
 endfacet
 facet normal  0.000000e+00 -0.000000e+00 -1.000000e+00
   outer loop
     vertex -7.596673e-01  5.672273e+01  3.650000e+01
     vertex  2.000000e-01  5.430000e+01  3.650000e+01
     vertex -8.329351e-01  5.668762e+01  3.650000e+01
   endloop
 endfacet
 facet normal  0.000000e+00 -0.000000e+00 -1.000000e+00
   outer loop
     vertex -6.854756e-01  5.675584e+01  3.650000e+01
     vertex  2.000000e-01  5.430000e+01  3.650000e+01
     vertex -7.596673e-01  5.672273e+01  3.650000e+01
   endloop
 endfacet
 facet normal  0.000000e+00 -0.000000e+00 -1.000000e+00
   outer loop
     vertex -6.104145e-01  5.678693e+01  3.650000e+01
     vertex  2.000000e-01  5.430000e+01  3.650000e+01
     vertex -6.854756e-01  5.675584e+01  3.650000e+01
   endloop
 endfacet
 facet normal  0.000000e+00 -0.000000e+00 -1.000000e+00
   outer loop
     vertex -5.345389e-01  5.681598e+01  3.650000e+01
     vertex  2.000000e-01  5.430000e+01  3.650000e+01
     vertex -6.104145e-01  5.678693e+01  3.650000e+01
   endloop
 endfacet
 facet normal  0.000000e+00 -0.000000e+00 -1.000000e+00
   outer loop
     vertex -4.579046e-01  5.684296e+01  3.650000e+01
     vertex  2.000000e-01  5.430000e+01  3.650000e+01
     vertex -5.345389e-01  5.681598e+01  3.650000e+01
   endloop
 endfacet
 facet normal  0.000000e+00 -0.000000e+00 -1.000000e+00
   outer loop
     vertex -3.805677e-01  5.686786e+01  3.650000e+01
     vertex  2.000000e-01  5.430000e+01  3.650000e+01
     vertex -4.579046e-01  5.684296e+01  3.650000e+01
   endloop
 endfacet
 facet normal  0.000000e+00 -0.000000e+00 -1.000000e+00
   outer loop
     vertex -3.025850e-01  5.689065e+01  3.650000e+01
     vertex  2.000000e-01  5.430000e+01  3.650000e+01
     vertex -3.805677e-01  5.686786e+01  3.650000e+01
   endloop
 endfacet
 facet normal  0.000000e+00 -0.000000e+00 -1.000000e+00
   outer loop
     vertex -2.240137e-01  5.691132e+01  3.650000e+01
     vertex  2.000000e-01  5.430000e+01  3.650000e+01
     vertex -3.025850e-01  5.689065e+01  3.650000e+01
   endloop
 endfacet
 facet normal  0.000000e+00 -0.000000e+00 -1.000000e+00
   outer loop
     vertex -1.449113e-01  5.692986e+01  3.650000e+01
     vertex  2.000000e-01  5.430000e+01  3.650000e+01
     vertex -2.240137e-01  5.691132e+01  3.650000e+01
   endloop
 endfacet
 facet normal  0.000000e+00 -0.000000e+00 -1.000000e+00
   outer loop
     vertex -6.533597e-02  5.694625e+01  3.650000e+01
     vertex  2.000000e-01  5.430000e+01  3.650000e+01
     vertex -1.449113e-01  5.692986e+01  3.650000e+01
   endloop
 endfacet
 facet normal  0.000000e+00 -0.000000e+00 -1.000000e+00
   outer loop
     vertex  1.465401e-02  5.696048e+01  3.650000e+01
     vertex  2.000000e-01  5.430000e+01  3.650000e+01
     vertex -6.533597e-02  5.694625e+01  3.650000e+01
   endloop
 endfacet
 facet normal  0.000000e+00 -0.000000e+00 -1.000000e+00
   outer loop
     vertex  9.499996e-02  5.697254e+01  3.650000e+01
     vertex  2.000000e-01  5.430000e+01  3.650000e+01
     vertex  1.465401e-02  5.696048e+01  3.650000e+01
   endloop
 endfacet
 facet normal  0.000000e+00 -0.000000e+00 -1.000000e+00
   outer loop
     vertex  1.756429e-01  5.698241e+01  3.650000e+01
     vertex  2.000000e-01  5.430000e+01  3.650000e+01
     vertex  9.499996e-02  5.697254e+01  3.650000e+01
   endloop
 endfacet
 facet normal  0.000000e+00  0.000000e+00 -1.000000e+00
   outer loop
     vertex  2.565238e-01  5.699010e+01  3.650000e+01
     vertex  2.000000e-01  5.430000e+01  3.650000e+01
     vertex  1.756429e-01  5.698241e+01  3.650000e+01
   endloop
 endfacet
 facet normal  0.000000e+00  0.000000e+00 -1.000000e+00
   outer loop
     vertex  3.375833e-01  5.699560e+01  3.650000e+01
     vertex  2.000000e-01  5.430000e+01  3.650000e+01
     vertex  2.565238e-01  5.699010e+01  3.650000e+01
   endloop
 endfacet
 facet normal  0.000000e+00  0.000000e+00 -1.000000e+00
   outer loop
     vertex  4.187618e-01  5.699890e+01  3.650000e+01
     vertex  2.000000e-01  5.430000e+01  3.650000e+01
     vertex  3.375833e-01  5.699560e+01  3.650000e+01
   endloop
 endfacet
 facet normal  0.000000e+00  0.000000e+00 -1.000000e+00
   outer loop
     vertex  5.000000e-01  5.700000e+01  3.650000e+01
     vertex  2.000000e-01  5.430000e+01  3.650000e+01
     vertex  4.187618e-01  5.699890e+01  3.650000e+01
   endloop
 endfacet
 facet normal  0.000000e+00  0.000000e+00 -1.000000e+00
   outer loop
     vertex  7.805000e+01  2.000000e-01  3.650000e+01
     vertex  7.915523e+01 -2.150536e+00  3.650000e+01
     vertex  7.908294e+01 -2.187617e+00  3.650000e+01
   endloop
 endfacet
 facet normal  0.000000e+00  0.000000e+00 -1.000000e+00
   outer loop
     vertex  7.805000e+01  2.000000e-01  3.650000e+01
     vertex  7.908294e+01 -2.187617e+00  3.650000e+01
     vertex  7.900967e+01 -2.222726e+00  3.650000e+01
   endloop
 endfacet
 facet normal  0.000000e+00  0.000000e+00 -1.000000e+00
   outer loop
     vertex  7.805000e+01  2.000000e-01  3.650000e+01
     vertex  7.900967e+01 -2.222726e+00  3.650000e+01
     vertex  7.893548e+01 -2.255839e+00  3.650000e+01
   endloop
 endfacet
 facet normal  0.000000e+00  0.000000e+00 -1.000000e+00
   outer loop
     vertex  7.805000e+01  2.000000e-01  3.650000e+01
     vertex  7.893548e+01 -2.255839e+00  3.650000e+01
     vertex  7.886041e+01 -2.286930e+00  3.650000e+01
   endloop
 endfacet
 facet normal  0.000000e+00  0.000000e+00 -1.000000e+00
   outer loop
     vertex  7.805000e+01  2.000000e-01  3.650000e+01
     vertex  7.886041e+01 -2.286930e+00  3.650000e+01
     vertex  7.878454e+01 -2.315977e+00  3.650000e+01
   endloop
 endfacet
 facet normal  0.000000e+00  0.000000e+00 -1.000000e+00
   outer loop
     vertex  7.805000e+01  2.000000e-01  3.650000e+01
     vertex  7.878454e+01 -2.315977e+00  3.650000e+01
     vertex  7.870790e+01 -2.342960e+00  3.650000e+01
   endloop
 endfacet
 facet normal  0.000000e+00  0.000000e+00 -1.000000e+00
   outer loop
     vertex  7.805000e+01  2.000000e-01  3.650000e+01
     vertex  7.870790e+01 -2.342960e+00  3.650000e+01
     vertex  7.863057e+01 -2.367856e+00  3.650000e+01
   endloop
 endfacet
 facet normal  0.000000e+00  0.000000e+00 -1.000000e+00
   outer loop
     vertex  7.805000e+01  2.000000e-01  3.650000e+01
     vertex  7.863057e+01 -2.367856e+00  3.650000e+01
     vertex  7.855259e+01 -2.390650e+00  3.650000e+01
   endloop
 endfacet
 facet normal  0.000000e+00  0.000000e+00 -1.000000e+00
   outer loop
     vertex  7.805000e+01  2.000000e-01  3.650000e+01
     vertex  7.855259e+01 -2.390650e+00  3.650000e+01
     vertex  7.847401e+01 -2.411323e+00  3.650000e+01
   endloop
 endfacet
 facet normal  0.000000e+00  0.000000e+00 -1.000000e+00
   outer loop
     vertex  7.805000e+01  2.000000e-01  3.650000e+01
     vertex  7.847401e+01 -2.411323e+00  3.650000e+01
     vertex  7.839491e+01 -2.429862e+00  3.650000e+01
   endloop
 endfacet
 facet normal  0.000000e+00  0.000000e+00 -1.000000e+00
   outer loop
     vertex  7.805000e+01  2.000000e-01  3.650000e+01
     vertex  7.839491e+01 -2.429862e+00  3.650000e+01
     vertex  7.831534e+01 -2.446251e+00  3.650000e+01
   endloop
 endfacet
 facet normal  0.000000e+00  0.000000e+00 -1.000000e+00
   outer loop
     vertex  7.805000e+01  2.000000e-01  3.650000e+01
     vertex  7.831534e+01 -2.446251e+00  3.650000e+01
     vertex  7.823535e+01 -2.460480e+00  3.650000e+01
   endloop
 endfacet
 facet normal  0.000000e+00  0.000000e+00 -1.000000e+00
   outer loop
     vertex  7.805000e+01  2.000000e-01  3.650000e+01
     vertex  7.823535e+01 -2.460480e+00  3.650000e+01
     vertex  7.815500e+01 -2.472537e+00  3.650000e+01
   endloop
 endfacet
 facet normal  0.000000e+00  0.000000e+00 -1.000000e+00
   outer loop
     vertex  7.805000e+01  2.000000e-01  3.650000e+01
     vertex  7.815500e+01 -2.472537e+00  3.650000e+01
     vertex  7.807436e+01 -2.482414e+00  3.650000e+01
   endloop
 endfacet
 facet normal  0.000000e+00 -0.000000e+00 -1.000000e+00
   outer loop
     vertex  7.805000e+01  2.000000e-01  3.650000e+01
     vertex  7.807436e+01 -2.482414e+00  3.650000e+01
     vertex  7.799348e+01 -2.490104e+00  3.650000e+01
   endloop
 endfacet
 facet normal  0.000000e+00  0.000000e+00 -1.000000e+00
   outer loop
     vertex  7.805000e+01  2.000000e-01  3.650000e+01
     vertex  7.799348e+01 -2.490104e+00  3.650000e+01
     vertex  7.791242e+01 -2.495600e+00  3.650000e+01
   endloop
 endfacet
 facet normal  0.000000e+00  0.000000e+00 -1.000000e+00
   outer loop
     vertex  7.805000e+01  2.000000e-01  3.650000e+01
     vertex  7.791242e+01 -2.495600e+00  3.650000e+01
     vertex  7.783124e+01 -2.498900e+00  3.650000e+01
   endloop
 endfacet
 facet normal  0.000000e+00  0.000000e+00 -1.000000e+00
   outer loop
     vertex  7.805000e+01  2.000000e-01  3.650000e+01
     vertex  7.783124e+01 -2.498900e+00  3.650000e+01
     vertex  7.775000e+01 -2.500000e+00  3.650000e+01
   endloop
 endfacet
 facet normal  0.000000e+00  0.000000e+00 -1.000000e+00
   outer loop
     vertex  7.805000e+01  2.000000e-01  3.650000e+01
     vertex  7.987132e+01 -1.621320e+00  3.650000e+01
     vertex  7.981310e+01 -1.677986e+00  3.650000e+01
   endloop
 endfacet
 facet normal  0.000000e+00  0.000000e+00 -1.000000e+00
   outer loop
     vertex  7.805000e+01  2.000000e-01  3.650000e+01
     vertex  7.981310e+01 -1.677986e+00  3.650000e+01
     vertex  7.975336e+01 -1.733055e+00  3.650000e+01
   endloop
 endfacet
 facet normal  0.000000e+00  0.000000e+00 -1.000000e+00
   outer loop
     vertex  7.805000e+01  2.000000e-01  3.650000e+01
     vertex  7.975336e+01 -1.733055e+00  3.650000e+01
     vertex  7.969216e+01 -1.786486e+00  3.650000e+01
   endloop
 endfacet
 facet normal  0.000000e+00  0.000000e+00 -1.000000e+00
   outer loop
     vertex  7.805000e+01  2.000000e-01  3.650000e+01
     vertex  7.969216e+01 -1.786486e+00  3.650000e+01
     vertex  7.962953e+01 -1.838240e+00  3.650000e+01
   endloop
 endfacet
 facet normal  0.000000e+00  0.000000e+00 -1.000000e+00
   outer loop
     vertex  7.805000e+01  2.000000e-01  3.650000e+01
     vertex  7.962953e+01 -1.838240e+00  3.650000e+01
     vertex  7.956552e+01 -1.888279e+00  3.650000e+01
   endloop
 endfacet
 facet normal  0.000000e+00  0.000000e+00 -1.000000e+00
   outer loop
     vertex  7.805000e+01  2.000000e-01  3.650000e+01
     vertex  7.956552e+01 -1.888279e+00  3.650000e+01
     vertex  7.950018e+01 -1.936567e+00  3.650000e+01
   endloop
 endfacet
 facet normal  0.000000e+00  0.000000e+00 -1.000000e+00
   outer loop
     vertex  7.805000e+01  2.000000e-01  3.650000e+01
     vertex  7.950018e+01 -1.936567e+00  3.650000e+01
     vertex  7.943356e+01 -1.983067e+00  3.650000e+01
   endloop
 endfacet
 facet normal  0.000000e+00  0.000000e+00 -1.000000e+00
   outer loop
     vertex  7.805000e+01  2.000000e-01  3.650000e+01
     vertex  7.943356e+01 -1.983067e+00  3.650000e+01
     vertex  7.936570e+01 -2.027746e+00  3.650000e+01
   endloop
 endfacet
 facet normal  0.000000e+00  0.000000e+00 -1.000000e+00
   outer loop
     vertex  7.805000e+01  2.000000e-01  3.650000e+01
     vertex  7.936570e+01 -2.027746e+00  3.650000e+01
     vertex  7.929666e+01 -2.070572e+00  3.650000e+01
   endloop
 endfacet
 facet normal  0.000000e+00  0.000000e+00 -1.000000e+00
   outer loop
     vertex  7.805000e+01  2.000000e-01  3.650000e+01
     vertex  7.929666e+01 -2.070572e+00  3.650000e+01
     vertex  7.922648e+01 -2.111512e+00  3.650000e+01
   endloop
 endfacet
 facet normal  0.000000e+00  0.000000e+00 -1.000000e+00
   outer loop
     vertex  7.805000e+01  2.000000e-01  3.650000e+01
     vertex  7.922648e+01 -2.111512e+00  3.650000e+01
     vertex  7.915523e+01 -2.150536e+00  3.650000e+01
   endloop
 endfacet
 facet normal -0.000000e+00  0.000000e+00 -1.000000e+00
   outer loop
     vertex  7.992799e+01 -1.563098e+00  3.650000e+01
     vertex  7.987132e+01 -1.621320e+00  3.650000e+01
     vertex  7.805000e+01  2.000000e-01  3.650000e+01
   endloop
 endfacet
 facet normal -0.000000e+00  0.000000e+00 -1.000000e+00
   outer loop
     vertex  7.998306e+01 -1.503363e+00  3.650000e+01
     vertex  7.992799e+01 -1.563098e+00  3.650000e+01
     vertex  7.805000e+01  2.000000e-01  3.650000e+01
   endloop
 endfacet
 facet normal -0.000000e+00  0.000000e+00 -1.000000e+00
   outer loop
     vertex  8.003649e+01 -1.442159e+00  3.650000e+01
     vertex  7.998306e+01 -1.503363e+00  3.650000e+01
     vertex  7.805000e+01  2.000000e-01  3.650000e+01
   endloop
 endfacet
 facet normal -0.000000e+00  0.000000e+00 -1.000000e+00
   outer loop
     vertex  8.008824e+01 -1.379530e+00  3.650000e+01
     vertex  8.003649e+01 -1.442159e+00  3.650000e+01
     vertex  7.805000e+01  2.000000e-01  3.650000e+01
   endloop
 endfacet
 facet normal -0.000000e+00  0.000000e+00 -1.000000e+00
   outer loop
     vertex  8.013828e+01 -1.315523e+00  3.650000e+01
     vertex  8.008824e+01 -1.379530e+00  3.650000e+01
     vertex  7.805000e+01  2.000000e-01  3.650000e+01
   endloop
 endfacet
 facet normal -0.000000e+00  0.000000e+00 -1.000000e+00
   outer loop
     vertex  8.018657e+01 -1.250184e+00  3.650000e+01
     vertex  8.013828e+01 -1.315523e+00  3.650000e+01
     vertex  7.805000e+01  2.000000e-01  3.650000e+01
   endloop
 endfacet
 facet normal -0.000000e+00  0.000000e+00 -1.000000e+00
   outer loop
     vertex  8.023307e+01 -1.183561e+00  3.650000e+01
     vertex  8.018657e+01 -1.250184e+00  3.650000e+01
     vertex  7.805000e+01  2.000000e-01  3.650000e+01
   endloop
 endfacet
 facet normal -0.000000e+00  0.000000e+00 -1.000000e+00
   outer loop
     vertex  8.027775e+01 -1.115704e+00  3.650000e+01
     vertex  8.023307e+01 -1.183561e+00  3.650000e+01
     vertex  7.805000e+01  2.000000e-01  3.650000e+01
   endloop
 endfacet
 facet normal -0.000000e+00  0.000000e+00 -1.000000e+00
   outer loop
     vertex  8.032057e+01 -1.046662e+00  3.650000e+01
     vertex  8.027775e+01 -1.115704e+00  3.650000e+01
     vertex  7.805000e+01  2.000000e-01  3.650000e+01
   endloop
 endfacet
 facet normal -0.000000e+00  0.000000e+00 -1.000000e+00
   outer loop
     vertex  8.036151e+01 -9.764849e-01  3.650000e+01
     vertex  8.032057e+01 -1.046662e+00  3.650000e+01
     vertex  7.805000e+01  2.000000e-01  3.650000e+01
   endloop
 endfacet
 facet normal -0.000000e+00  0.000000e+00 -1.000000e+00
   outer loop
     vertex  8.040054e+01 -9.052253e-01  3.650000e+01
     vertex  8.036151e+01 -9.764849e-01  3.650000e+01
     vertex  7.805000e+01  2.000000e-01  3.650000e+01
   endloop
 endfacet
 facet normal -0.000000e+00  0.000000e+00 -1.000000e+00
   outer loop
     vertex  8.043762e+01 -8.329351e-01  3.650000e+01
     vertex  8.040054e+01 -9.052253e-01  3.650000e+01
     vertex  7.805000e+01  2.000000e-01  3.650000e+01
   endloop
 endfacet
 facet normal -0.000000e+00  0.000000e+00 -1.000000e+00
   outer loop
     vertex  8.047273e+01 -7.596673e-01  3.650000e+01
     vertex  8.043762e+01 -8.329351e-01  3.650000e+01
     vertex  7.805000e+01  2.000000e-01  3.650000e+01
   endloop
 endfacet
 facet normal -0.000000e+00  0.000000e+00 -1.000000e+00
   outer loop
     vertex  8.050584e+01 -6.854756e-01  3.650000e+01
     vertex  8.047273e+01 -7.596673e-01  3.650000e+01
     vertex  7.805000e+01  2.000000e-01  3.650000e+01
   endloop
 endfacet
 facet normal -0.000000e+00  0.000000e+00 -1.000000e+00
   outer loop
     vertex  8.053693e+01 -6.104145e-01  3.650000e+01
     vertex  8.050584e+01 -6.854756e-01  3.650000e+01
     vertex  7.805000e+01  2.000000e-01  3.650000e+01
   endloop
 endfacet
 facet normal -0.000000e+00  0.000000e+00 -1.000000e+00
   outer loop
     vertex  8.056598e+01 -5.345389e-01  3.650000e+01
     vertex  8.053693e+01 -6.104145e-01  3.650000e+01
     vertex  7.805000e+01  2.000000e-01  3.650000e+01
   endloop
 endfacet
 facet normal -0.000000e+00  0.000000e+00 -1.000000e+00
   outer loop
     vertex  8.059296e+01 -4.579046e-01  3.650000e+01
     vertex  8.056598e+01 -5.345389e-01  3.650000e+01
     vertex  7.805000e+01  2.000000e-01  3.650000e+01
   endloop
 endfacet
 facet normal -0.000000e+00  0.000000e+00 -1.000000e+00
   outer loop
     vertex  8.061786e+01 -3.805677e-01  3.650000e+01
     vertex  8.059296e+01 -4.579046e-01  3.650000e+01
     vertex  7.805000e+01  2.000000e-01  3.650000e+01
   endloop
 endfacet
 facet normal -0.000000e+00  0.000000e+00 -1.000000e+00
   outer loop
     vertex  8.064065e+01 -3.025850e-01  3.650000e+01
     vertex  8.061786e+01 -3.805677e-01  3.650000e+01
     vertex  7.805000e+01  2.000000e-01  3.650000e+01
   endloop
 endfacet
 facet normal -0.000000e+00  0.000000e+00 -1.000000e+00
   outer loop
     vertex  8.066132e+01 -2.240137e-01  3.650000e+01
     vertex  8.064065e+01 -3.025850e-01  3.650000e+01
     vertex  7.805000e+01  2.000000e-01  3.650000e+01
   endloop
 endfacet
 facet normal -0.000000e+00  0.000000e+00 -1.000000e+00
   outer loop
     vertex  8.067986e+01 -1.449113e-01  3.650000e+01
     vertex  8.066132e+01 -2.240137e-01  3.650000e+01
     vertex  7.805000e+01  2.000000e-01  3.650000e+01
   endloop
 endfacet
 facet normal -0.000000e+00  0.000000e+00 -1.000000e+00
   outer loop
     vertex  8.069625e+01 -6.533597e-02  3.650000e+01
     vertex  8.067986e+01 -1.449113e-01  3.650000e+01
     vertex  7.805000e+01  2.000000e-01  3.650000e+01
   endloop
 endfacet
 facet normal -0.000000e+00  0.000000e+00 -1.000000e+00
   outer loop
     vertex  8.071048e+01  1.465401e-02  3.650000e+01
     vertex  8.069625e+01 -6.533597e-02  3.650000e+01
     vertex  7.805000e+01  2.000000e-01  3.650000e+01
   endloop
 endfacet
 facet normal -0.000000e+00  0.000000e+00 -1.000000e+00
   outer loop
     vertex  8.072254e+01  9.499996e-02  3.650000e+01
     vertex  8.071048e+01  1.465401e-02  3.650000e+01
     vertex  7.805000e+01  2.000000e-01  3.650000e+01
   endloop
 endfacet
 facet normal -0.000000e+00  0.000000e+00 -1.000000e+00
   outer loop
     vertex  8.073241e+01  1.756429e-01  3.650000e+01
     vertex  8.072254e+01  9.499996e-02  3.650000e+01
     vertex  7.805000e+01  2.000000e-01  3.650000e+01
   endloop
 endfacet
 facet normal  0.000000e+00  0.000000e+00 -1.000000e+00
   outer loop
     vertex  8.074010e+01  2.565238e-01  3.650000e+01
     vertex  8.073241e+01  1.756429e-01  3.650000e+01
     vertex  7.805000e+01  2.000000e-01  3.650000e+01
   endloop
 endfacet
 facet normal  0.000000e+00  0.000000e+00 -1.000000e+00
   outer loop
     vertex  8.074560e+01  3.375833e-01  3.650000e+01
     vertex  8.074010e+01  2.565238e-01  3.650000e+01
     vertex  7.805000e+01  2.000000e-01  3.650000e+01
   endloop
 endfacet
 facet normal  0.000000e+00  0.000000e+00 -1.000000e+00
   outer loop
     vertex  8.074890e+01  4.187618e-01  3.650000e+01
     vertex  8.074560e+01  3.375833e-01  3.650000e+01
     vertex  7.805000e+01  2.000000e-01  3.650000e+01
   endloop
 endfacet
 facet normal  0.000000e+00  0.000000e+00 -1.000000e+00
   outer loop
     vertex  8.075000e+01  5.000000e-01  3.650000e+01
     vertex  8.074890e+01  4.187618e-01  3.650000e+01
     vertex  7.805000e+01  2.000000e-01  3.650000e+01
   endloop
 endfacet
 facet normal  0.000000e+00 -0.000000e+00 -1.000000e+00
   outer loop
     vertex  7.655000e+01  2.425000e+01  3.650000e+01
     vertex  7.655000e+01  1.700000e+00  3.650000e+01
     vertex  1.700000e+00  1.700000e+00  3.650000e+01
   endloop
 endfacet
 facet normal  0.000000e+00 -0.000000e+00 -1.000000e+00
   outer loop
     vertex  7.655000e+01  3.025000e+01  3.650000e+01
     vertex  7.655000e+01  2.425000e+01  3.650000e+01
     vertex  1.700000e+00  1.700000e+00  3.650000e+01
   endloop
 endfacet
 facet normal -0.000000e+00  0.000000e+00 -1.000000e+00
   outer loop
     vertex  7.655000e+01  3.025000e+01  3.650000e+01
     vertex  1.700000e+00  1.700000e+00  3.650000e+01
     vertex  1.700000e+00  5.280000e+01  3.650000e+01
   endloop
 endfacet
 facet normal  0.000000e+00  0.000000e+00 -1.000000e+00
   outer loop
     vertex  7.655000e+01  3.025000e+01  3.650000e+01
     vertex  7.805000e+01  2.425000e+01  3.650000e+01
     vertex  7.655000e+01  2.425000e+01  3.650000e+01
   endloop
 endfacet
 facet normal -0.000000e+00 -0.000000e+00 -1.000000e+00
   outer loop
     vertex  7.805000e+01  3.025000e+01  3.650000e+01
     vertex  7.805000e+01  2.425000e+01  3.650000e+01
     vertex  7.655000e+01  3.025000e+01  3.650000e+01
   endloop
 endfacet
 facet normal -0.000000e+00 -0.000000e+00 -1.000000e+00
   outer loop
     vertex  7.655000e+01  5.280000e+01  3.650000e+01
     vertex  7.655000e+01  3.025000e+01  3.650000e+01
     vertex  1.700000e+00  5.280000e+01  3.650000e+01
   endloop
 endfacet
 facet normal -0.000000e+00 -0.000000e+00 -1.000000e+00
   outer loop
     vertex  8.074890e+01  5.408124e+01  3.650000e+01
     vertex  8.075000e+01  5.400000e+01  3.650000e+01
     vertex  7.805000e+01  5.430000e+01  3.650000e+01
   endloop
 endfacet
 facet normal -0.000000e+00 -0.000000e+00 -1.000000e+00
   outer loop
     vertex  7.783124e+01  5.699890e+01  3.650000e+01
     vertex  7.805000e+01  5.430000e+01  3.650000e+01
     vertex  7.775000e+01  5.700000e+01  3.650000e+01
   endloop
 endfacet
 facet normal -0.000000e+00 -0.000000e+00 -1.000000e+00
   outer loop
     vertex  8.074560e+01  5.416242e+01  3.650000e+01
     vertex  8.074890e+01  5.408124e+01  3.650000e+01
     vertex  7.805000e+01  5.430000e+01  3.650000e+01
   endloop
 endfacet
 facet normal -0.000000e+00 -0.000000e+00 -1.000000e+00
   outer loop
     vertex  7.791242e+01  5.699560e+01  3.650000e+01
     vertex  7.805000e+01  5.430000e+01  3.650000e+01
     vertex  7.783124e+01  5.699890e+01  3.650000e+01
   endloop
 endfacet
 facet normal -0.000000e+00 -0.000000e+00 -1.000000e+00
   outer loop
     vertex  8.074010e+01  5.424348e+01  3.650000e+01
     vertex  8.074560e+01  5.416242e+01  3.650000e+01
     vertex  7.805000e+01  5.430000e+01  3.650000e+01
   endloop
 endfacet
 facet normal -0.000000e+00 -0.000000e+00 -1.000000e+00
   outer loop
     vertex  7.799348e+01  5.699010e+01  3.650000e+01
     vertex  7.805000e+01  5.430000e+01  3.650000e+01
     vertex  7.791242e+01  5.699560e+01  3.650000e+01
   endloop
 endfacet
 facet normal  0.000000e+00 -0.000000e+00 -1.000000e+00
   outer loop
     vertex  8.073241e+01  5.432436e+01  3.650000e+01
     vertex  8.074010e+01  5.424348e+01  3.650000e+01
     vertex  7.805000e+01  5.430000e+01  3.650000e+01
   endloop
 endfacet
 facet normal -0.000000e+00  0.000000e+00 -1.000000e+00
   outer loop
     vertex  7.807436e+01  5.698241e+01  3.650000e+01
     vertex  7.805000e+01  5.430000e+01  3.650000e+01
     vertex  7.799348e+01  5.699010e+01  3.650000e+01
   endloop
 endfacet
 facet normal  0.000000e+00 -0.000000e+00 -1.000000e+00
   outer loop
     vertex  8.072254e+01  5.440500e+01  3.650000e+01
     vertex  8.073241e+01  5.432436e+01  3.650000e+01
     vertex  7.805000e+01  5.430000e+01  3.650000e+01
   endloop
 endfacet
 facet normal -0.000000e+00  0.000000e+00 -1.000000e+00
   outer loop
     vertex  7.815500e+01  5.697254e+01  3.650000e+01
     vertex  7.805000e+01  5.430000e+01  3.650000e+01
     vertex  7.807436e+01  5.698241e+01  3.650000e+01
   endloop
 endfacet
 facet normal  0.000000e+00 -0.000000e+00 -1.000000e+00
   outer loop
     vertex  8.071048e+01  5.448535e+01  3.650000e+01
     vertex  8.072254e+01  5.440500e+01  3.650000e+01
     vertex  7.805000e+01  5.430000e+01  3.650000e+01
   endloop
 endfacet
 facet normal -0.000000e+00  0.000000e+00 -1.000000e+00
   outer loop
     vertex  7.823535e+01  5.696048e+01  3.650000e+01
     vertex  7.805000e+01  5.430000e+01  3.650000e+01
     vertex  7.815500e+01  5.697254e+01  3.650000e+01
   endloop
 endfacet
 facet normal  0.000000e+00 -0.000000e+00 -1.000000e+00
   outer loop
     vertex  8.069625e+01  5.456534e+01  3.650000e+01
     vertex  8.071048e+01  5.448535e+01  3.650000e+01
     vertex  7.805000e+01  5.430000e+01  3.650000e+01
   endloop
 endfacet
 facet normal -0.000000e+00  0.000000e+00 -1.000000e+00
   outer loop
     vertex  7.831534e+01  5.694625e+01  3.650000e+01
     vertex  7.805000e+01  5.430000e+01  3.650000e+01
     vertex  7.823535e+01  5.696048e+01  3.650000e+01
   endloop
 endfacet
 facet normal -0.000000e+00  0.000000e+00 -1.000000e+00
   outer loop
     vertex  7.839491e+01  5.692986e+01  3.650000e+01
     vertex  7.805000e+01  5.430000e+01  3.650000e+01
     vertex  7.831534e+01  5.694625e+01  3.650000e+01
   endloop
 endfacet
 facet normal  0.000000e+00 -0.000000e+00 -1.000000e+00
   outer loop
     vertex  8.067986e+01  5.464491e+01  3.650000e+01
     vertex  8.069625e+01  5.456534e+01  3.650000e+01
     vertex  7.805000e+01  5.430000e+01  3.650000e+01
   endloop
 endfacet
 facet normal -0.000000e+00  0.000000e+00 -1.000000e+00
   outer loop
     vertex  7.847401e+01  5.691132e+01  3.650000e+01
     vertex  7.805000e+01  5.430000e+01  3.650000e+01
     vertex  7.839491e+01  5.692986e+01  3.650000e+01
   endloop
 endfacet
 facet normal  0.000000e+00 -0.000000e+00 -1.000000e+00
   outer loop
     vertex  8.066132e+01  5.472401e+01  3.650000e+01
     vertex  8.067986e+01  5.464491e+01  3.650000e+01
     vertex  7.805000e+01  5.430000e+01  3.650000e+01
   endloop
 endfacet
 facet normal -0.000000e+00  0.000000e+00 -1.000000e+00
   outer loop
     vertex  7.855259e+01  5.689065e+01  3.650000e+01
     vertex  7.805000e+01  5.430000e+01  3.650000e+01
     vertex  7.847401e+01  5.691132e+01  3.650000e+01
   endloop
 endfacet
 facet normal  0.000000e+00 -0.000000e+00 -1.000000e+00
   outer loop
     vertex  8.064065e+01  5.480259e+01  3.650000e+01
     vertex  8.066132e+01  5.472401e+01  3.650000e+01
     vertex  7.805000e+01  5.430000e+01  3.650000e+01
   endloop
 endfacet
 facet normal -0.000000e+00  0.000000e+00 -1.000000e+00
   outer loop
     vertex  7.863057e+01  5.686786e+01  3.650000e+01
     vertex  7.805000e+01  5.430000e+01  3.650000e+01
     vertex  7.855259e+01  5.689065e+01  3.650000e+01
   endloop
 endfacet
 facet normal  0.000000e+00 -0.000000e+00 -1.000000e+00
   outer loop
     vertex  8.061786e+01  5.488057e+01  3.650000e+01
     vertex  8.064065e+01  5.480259e+01  3.650000e+01
     vertex  7.805000e+01  5.430000e+01  3.650000e+01
   endloop
 endfacet
 facet normal -0.000000e+00  0.000000e+00 -1.000000e+00
   outer loop
     vertex  7.870790e+01  5.684296e+01  3.650000e+01
     vertex  7.805000e+01  5.430000e+01  3.650000e+01
     vertex  7.863057e+01  5.686786e+01  3.650000e+01
   endloop
 endfacet
 facet normal  0.000000e+00 -0.000000e+00 -1.000000e+00
   outer loop
     vertex  8.059296e+01  5.495790e+01  3.650000e+01
     vertex  8.061786e+01  5.488057e+01  3.650000e+01
     vertex  7.805000e+01  5.430000e+01  3.650000e+01
   endloop
 endfacet
 facet normal -0.000000e+00  0.000000e+00 -1.000000e+00
   outer loop
     vertex  7.878454e+01  5.681598e+01  3.650000e+01
     vertex  7.805000e+01  5.430000e+01  3.650000e+01
     vertex  7.870790e+01  5.684296e+01  3.650000e+01
   endloop
 endfacet
 facet normal  0.000000e+00 -0.000000e+00 -1.000000e+00
   outer loop
     vertex  8.056598e+01  5.503454e+01  3.650000e+01
     vertex  8.059296e+01  5.495790e+01  3.650000e+01
     vertex  7.805000e+01  5.430000e+01  3.650000e+01
   endloop
 endfacet
 facet normal -0.000000e+00  0.000000e+00 -1.000000e+00
   outer loop
     vertex  7.886041e+01  5.678693e+01  3.650000e+01
     vertex  7.805000e+01  5.430000e+01  3.650000e+01
     vertex  7.878454e+01  5.681598e+01  3.650000e+01
   endloop
 endfacet
 facet normal  0.000000e+00 -0.000000e+00 -1.000000e+00
   outer loop
     vertex  8.053693e+01  5.511041e+01  3.650000e+01
     vertex  8.056598e+01  5.503454e+01  3.650000e+01
     vertex  7.805000e+01  5.430000e+01  3.650000e+01
   endloop
 endfacet
 facet normal -0.000000e+00  0.000000e+00 -1.000000e+00
   outer loop
     vertex  7.893548e+01  5.675584e+01  3.650000e+01
     vertex  7.805000e+01  5.430000e+01  3.650000e+01
     vertex  7.886041e+01  5.678693e+01  3.650000e+01
   endloop
 endfacet
 facet normal  0.000000e+00 -0.000000e+00 -1.000000e+00
   outer loop
     vertex  8.050584e+01  5.518548e+01  3.650000e+01
     vertex  8.053693e+01  5.511041e+01  3.650000e+01
     vertex  7.805000e+01  5.430000e+01  3.650000e+01
   endloop
 endfacet
 facet normal -0.000000e+00  0.000000e+00 -1.000000e+00
   outer loop
     vertex  7.900967e+01  5.672273e+01  3.650000e+01
     vertex  7.805000e+01  5.430000e+01  3.650000e+01
     vertex  7.893548e+01  5.675584e+01  3.650000e+01
   endloop
 endfacet
 facet normal  0.000000e+00 -0.000000e+00 -1.000000e+00
   outer loop
     vertex  8.047273e+01  5.525967e+01  3.650000e+01
     vertex  8.050584e+01  5.518548e+01  3.650000e+01
     vertex  7.805000e+01  5.430000e+01  3.650000e+01
   endloop
 endfacet
 facet normal -0.000000e+00  0.000000e+00 -1.000000e+00
   outer loop
     vertex  7.908294e+01  5.668762e+01  3.650000e+01
     vertex  7.805000e+01  5.430000e+01  3.650000e+01
     vertex  7.900967e+01  5.672273e+01  3.650000e+01
   endloop
 endfacet
 facet normal  0.000000e+00 -0.000000e+00 -1.000000e+00
   outer loop
     vertex  8.043762e+01  5.533294e+01  3.650000e+01
     vertex  8.047273e+01  5.525967e+01  3.650000e+01
     vertex  7.805000e+01  5.430000e+01  3.650000e+01
   endloop
 endfacet
 facet normal -0.000000e+00  0.000000e+00 -1.000000e+00
   outer loop
     vertex  7.915523e+01  5.665054e+01  3.650000e+01
     vertex  7.805000e+01  5.430000e+01  3.650000e+01
     vertex  7.908294e+01  5.668762e+01  3.650000e+01
   endloop
 endfacet
 facet normal  0.000000e+00 -0.000000e+00 -1.000000e+00
   outer loop
     vertex  8.040054e+01  5.540523e+01  3.650000e+01
     vertex  8.043762e+01  5.533294e+01  3.650000e+01
     vertex  7.805000e+01  5.430000e+01  3.650000e+01
   endloop
 endfacet
 facet normal -0.000000e+00  0.000000e+00 -1.000000e+00
   outer loop
     vertex  7.922648e+01  5.661151e+01  3.650000e+01
     vertex  7.805000e+01  5.430000e+01  3.650000e+01
     vertex  7.915523e+01  5.665054e+01  3.650000e+01
   endloop
 endfacet
 facet normal  0.000000e+00 -0.000000e+00 -1.000000e+00
   outer loop
     vertex  8.036151e+01  5.547648e+01  3.650000e+01
     vertex  8.040054e+01  5.540523e+01  3.650000e+01
     vertex  7.805000e+01  5.430000e+01  3.650000e+01
   endloop
 endfacet
 facet normal -0.000000e+00  0.000000e+00 -1.000000e+00
   outer loop
     vertex  7.929666e+01  5.657057e+01  3.650000e+01
     vertex  7.805000e+01  5.430000e+01  3.650000e+01
     vertex  7.922648e+01  5.661151e+01  3.650000e+01
   endloop
 endfacet
 facet normal  0.000000e+00 -0.000000e+00 -1.000000e+00
   outer loop
     vertex  8.032057e+01  5.554666e+01  3.650000e+01
     vertex  8.036151e+01  5.547648e+01  3.650000e+01
     vertex  7.805000e+01  5.430000e+01  3.650000e+01
   endloop
 endfacet
 facet normal  0.000000e+00 -0.000000e+00 -1.000000e+00
   outer loop
     vertex  8.027775e+01  5.561570e+01  3.650000e+01
     vertex  8.032057e+01  5.554666e+01  3.650000e+01
     vertex  7.805000e+01  5.430000e+01  3.650000e+01
   endloop
 endfacet
 facet normal -0.000000e+00  0.000000e+00 -1.000000e+00
   outer loop
     vertex  7.936570e+01  5.652775e+01  3.650000e+01
     vertex  7.805000e+01  5.430000e+01  3.650000e+01
     vertex  7.929666e+01  5.657057e+01  3.650000e+01
   endloop
 endfacet
 facet normal -0.000000e+00  0.000000e+00 -1.000000e+00
   outer loop
     vertex  7.943356e+01  5.648307e+01  3.650000e+01
     vertex  7.805000e+01  5.430000e+01  3.650000e+01
     vertex  7.936570e+01  5.652775e+01  3.650000e+01
   endloop
 endfacet
 facet normal  0.000000e+00 -0.000000e+00 -1.000000e+00
   outer loop
     vertex  8.023307e+01  5.568356e+01  3.650000e+01
     vertex  8.027775e+01  5.561570e+01  3.650000e+01
     vertex  7.805000e+01  5.430000e+01  3.650000e+01
   endloop
 endfacet
 facet normal -0.000000e+00  0.000000e+00 -1.000000e+00
   outer loop
     vertex  7.950018e+01  5.643657e+01  3.650000e+01
     vertex  7.805000e+01  5.430000e+01  3.650000e+01
     vertex  7.943356e+01  5.648307e+01  3.650000e+01
   endloop
 endfacet
 facet normal  0.000000e+00 -0.000000e+00 -1.000000e+00
   outer loop
     vertex  8.018657e+01  5.575018e+01  3.650000e+01
     vertex  8.023307e+01  5.568356e+01  3.650000e+01
     vertex  7.805000e+01  5.430000e+01  3.650000e+01
   endloop
 endfacet
 facet normal -0.000000e+00  0.000000e+00 -1.000000e+00
   outer loop
     vertex  7.956552e+01  5.638828e+01  3.650000e+01
     vertex  7.805000e+01  5.430000e+01  3.650000e+01
     vertex  7.950018e+01  5.643657e+01  3.650000e+01
   endloop
 endfacet
 facet normal  0.000000e+00 -0.000000e+00 -1.000000e+00
   outer loop
     vertex  8.013828e+01  5.581552e+01  3.650000e+01
     vertex  8.018657e+01  5.575018e+01  3.650000e+01
     vertex  7.805000e+01  5.430000e+01  3.650000e+01
   endloop
 endfacet
 facet normal -0.000000e+00  0.000000e+00 -1.000000e+00
   outer loop
     vertex  7.962953e+01  5.633824e+01  3.650000e+01
     vertex  7.805000e+01  5.430000e+01  3.650000e+01
     vertex  7.956552e+01  5.638828e+01  3.650000e+01
   endloop
 endfacet
 facet normal  0.000000e+00 -0.000000e+00 -1.000000e+00
   outer loop
     vertex  8.008824e+01  5.587953e+01  3.650000e+01
     vertex  8.013828e+01  5.581552e+01  3.650000e+01
     vertex  7.805000e+01  5.430000e+01  3.650000e+01
   endloop
 endfacet
 facet normal -0.000000e+00  0.000000e+00 -1.000000e+00
   outer loop
     vertex  7.969216e+01  5.628649e+01  3.650000e+01
     vertex  7.805000e+01  5.430000e+01  3.650000e+01
     vertex  7.962953e+01  5.633824e+01  3.650000e+01
   endloop
 endfacet
 facet normal  0.000000e+00 -0.000000e+00 -1.000000e+00
   outer loop
     vertex  8.003649e+01  5.594216e+01  3.650000e+01
     vertex  8.008824e+01  5.587953e+01  3.650000e+01
     vertex  7.805000e+01  5.430000e+01  3.650000e+01
   endloop
 endfacet
 facet normal -0.000000e+00  0.000000e+00 -1.000000e+00
   outer loop
     vertex  7.975336e+01  5.623306e+01  3.650000e+01
     vertex  7.805000e+01  5.430000e+01  3.650000e+01
     vertex  7.969216e+01  5.628649e+01  3.650000e+01
   endloop
 endfacet
 facet normal  0.000000e+00 -0.000000e+00 -1.000000e+00
   outer loop
     vertex  7.998306e+01  5.600336e+01  3.650000e+01
     vertex  8.003649e+01  5.594216e+01  3.650000e+01
     vertex  7.805000e+01  5.430000e+01  3.650000e+01
   endloop
 endfacet
 facet normal  0.000000e+00 -0.000000e+00 -1.000000e+00
   outer loop
     vertex  7.992799e+01  5.606310e+01  3.650000e+01
     vertex  7.998306e+01  5.600336e+01  3.650000e+01
     vertex  7.805000e+01  5.430000e+01  3.650000e+01
   endloop
 endfacet
 facet normal -0.000000e+00  0.000000e+00 -1.000000e+00
   outer loop
     vertex  7.981310e+01  5.617799e+01  3.650000e+01
     vertex  7.805000e+01  5.430000e+01  3.650000e+01
     vertex  7.975336e+01  5.623306e+01  3.650000e+01
   endloop
 endfacet
 facet normal -0.000000e+00  0.000000e+00 -1.000000e+00
   outer loop
     vertex  7.987132e+01  5.612132e+01  3.650000e+01
     vertex  7.805000e+01  5.430000e+01  3.650000e+01
     vertex  7.981310e+01  5.617799e+01  3.650000e+01
   endloop
 endfacet
 facet normal  0.000000e+00 -0.000000e+00 -1.000000e+00
   outer loop
     vertex  7.987132e+01  5.612132e+01  3.650000e+01
     vertex  7.992799e+01  5.606310e+01  3.650000e+01
     vertex  7.805000e+01  5.430000e+01  3.650000e+01
   endloop
 endfacet
 facet normal  0.000000e+00  0.000000e+00 -1.000000e+00
   outer loop
     vertex  8.075000e+01  5.000000e-01  3.650000e+01
     vertex  7.805000e+01  3.025000e+01  3.650000e+01
     vertex  8.075000e+01  5.400000e+01  3.650000e+01
   endloop
 endfacet
 facet normal  0.000000e+00  0.000000e+00 -1.000000e+00
   outer loop
     vertex  8.075000e+01  5.000000e-01  3.650000e+01
     vertex  7.805000e+01  2.425000e+01  3.650000e+01
     vertex  7.805000e+01  3.025000e+01  3.650000e+01
   endloop
 endfacet
 facet normal -0.000000e+00  0.000000e+00 -1.000000e+00
   outer loop
     vertex  7.805000e+01  2.000000e-01  3.650000e+01
     vertex  5.000000e-01 -2.500000e+00  3.650000e+01
     vertex  2.000000e-01  2.000000e-01  3.650000e+01
   endloop
 endfacet
 facet normal  0.000000e+00  0.000000e+00 -1.000000e+00
   outer loop
     vertex  7.805000e+01  2.000000e-01  3.650000e+01
     vertex  7.775000e+01 -2.500000e+00  3.650000e+01
     vertex  5.000000e-01 -2.500000e+00  3.650000e+01
   endloop
 endfacet
 facet normal  0.000000e+00  0.000000e+00 -1.000000e+00
   outer loop
     vertex  2.000000e-01  2.000000e-01  3.650000e+01
     vertex -2.500000e+00  5.400000e+01  3.650000e+01
     vertex  2.000000e-01  5.430000e+01  3.650000e+01
   endloop
 endfacet
 facet normal  0.000000e+00  0.000000e+00 -1.000000e+00
   outer loop
     vertex  2.000000e-01  2.000000e-01  3.650000e+01
     vertex -2.500000e+00  5.000000e-01  3.650000e+01
     vertex -2.500000e+00  5.400000e+01  3.650000e+01
   endloop
 endfacet
 facet normal  0.000000e+00  0.000000e+00 -1.000000e+00
   outer loop
     vertex  2.000000e-01  5.430000e+01  3.650000e+01
     vertex  7.775000e+01  5.700000e+01  3.650000e+01
     vertex  7.805000e+01  5.430000e+01  3.650000e+01
   endloop
 endfacet
 facet normal  0.000000e+00  0.000000e+00 -1.000000e+00
   outer loop
     vertex  2.000000e-01  5.430000e+01  3.650000e+01
     vertex  5.000000e-01  5.700000e+01  3.650000e+01
     vertex  7.775000e+01  5.700000e+01  3.650000e+01
   endloop
 endfacet
 facet normal  0.000000e+00  0.000000e+00 -1.000000e+00
   outer loop
     vertex  7.805000e+01  5.430000e+01  3.650000e+01
     vertex  8.075000e+01  5.400000e+01  3.650000e+01
     vertex  7.805000e+01  3.025000e+01  3.650000e+01
   endloop
 endfacet
 facet normal  0.000000e+00  0.000000e+00 -1.000000e+00
   outer loop
     vertex  7.805000e+01  2.425000e+01  3.650000e+01
     vertex  8.075000e+01  5.000000e-01  3.650000e+01
     vertex  7.805000e+01  2.000000e-01  3.650000e+01
   endloop
 endfacet
 facet normal  0.000000e+00 -1.000000e+00 -0.000000e+00
   outer loop
     vertex  7.775000e+01 -2.500000e+00  3.900000e+01
     vertex  5.000000e-01 -2.500000e+00  3.650000e+01
     vertex  7.775000e+01 -2.500000e+00  3.650000e+01
   endloop
 endfacet
 facet normal -0.000000e+00 -1.000000e+00  0.000000e+00
   outer loop
     vertex  7.775000e+01 -2.500000e+00  3.900000e+01
     vertex  5.000000e-01 -2.500000e+00  3.900000e+01
     vertex  5.000000e-01 -2.500000e+00  3.650000e+01
   endloop
 endfacet
 facet normal  0.000000e+00  1.000000e+00  0.000000e+00
   outer loop
     vertex  7.775000e+01  5.700000e+01  3.900000e+01
     vertex  7.775000e+01  5.700000e+01  3.650000e+01
     vertex  5.000000e-01  5.700000e+01  3.650000e+01
   endloop
 endfacet
 facet normal  0.000000e+00  1.000000e+00  0.000000e+00
   outer loop
     vertex  7.775000e+01  5.700000e+01  3.900000e+01
     vertex  5.000000e-01  5.700000e+01  3.650000e+01
     vertex  5.000000e-01  5.700000e+01  3.900000e+01
   endloop
 endfacet
 facet normal  9.999083e-01 -1.354093e-02  0.000000e+00
   outer loop
     vertex  8.074890e+01  4.187618e-01  3.900000e+01
     vertex  8.074890e+01  4.187618e-01  3.650000e+01
     vertex  8.075000e+01  5.000000e-01  3.650000e+01
   endloop
 endfacet
 facet normal  9.999083e-01 -1.354093e-02 -5.020242e-21
   outer loop
     vertex  8.074890e+01  4.187618e-01  3.900000e+01
     vertex  8.075000e+01  5.000000e-01  3.650000e+01
     vertex  8.075000e+01  5.000000e-01  3.900000e+01
   endloop
 endfacet
 facet normal  9.991750e-01 -4.061287e-02  0.000000e+00
   outer loop
     vertex  8.074560e+01  3.375833e-01  3.900000e+01
     vertex  8.074560e+01  3.375833e-01  3.650000e+01
     vertex  8.074890e+01  4.187618e-01  3.650000e+01
   endloop
 endfacet
 facet normal  9.991750e-01 -4.061287e-02 -1.264406e-19
   outer loop
     vertex  8.074560e+01  3.375833e-01  3.900000e+01
     vertex  8.074890e+01  4.187618e-01  3.650000e+01
     vertex  8.074890e+01  4.187618e-01  3.900000e+01
   endloop
 endfacet
 facet normal  9.977088e-01 -6.765502e-02  0.000000e+00
   outer loop
     vertex  8.074010e+01  2.565238e-01  3.900000e+01
     vertex  8.074010e+01  2.565238e-01  3.650000e+01
     vertex  8.074560e+01  3.375833e-01  3.650000e+01
   endloop
 endfacet
 facet normal  9.977088e-01 -6.765502e-02 -7.344927e-20
   outer loop
     vertex  8.074010e+01  2.565238e-01  3.900000e+01
     vertex  8.074560e+01  3.375833e-01  3.650000e+01
     vertex  8.074560e+01  3.375833e-01  3.900000e+01
   endloop
 endfacet
 facet normal  9.955108e-01 -9.464755e-02  0.000000e+00
   outer loop
     vertex  8.073241e+01  1.756429e-01  3.900000e+01
     vertex  8.073241e+01  1.756429e-01  3.650000e+01
     vertex  8.074010e+01  2.565238e-01  3.650000e+01
   endloop
 endfacet
 facet normal  9.955108e-01 -9.464755e-02  1.169983e-19
   outer loop
     vertex  8.073241e+01  1.756429e-01  3.900000e+01
     vertex  8.074010e+01  2.565238e-01  3.650000e+01
     vertex  8.074010e+01  2.565238e-01  3.900000e+01
   endloop
 endfacet
 facet normal  9.925828e-01 -1.215707e-01  0.000000e+00
   outer loop
     vertex  8.072254e+01  9.499996e-02  3.900000e+01
     vertex  8.072254e+01  9.499996e-02  3.650000e+01
     vertex  8.073241e+01  1.756429e-01  3.650000e+01
   endloop
 endfacet
 facet normal  9.925828e-01 -1.215707e-01 -7.676640e-20
   outer loop
     vertex  8.072254e+01  9.499996e-02  3.900000e+01
     vertex  8.073241e+01  1.756429e-01  3.650000e+01
     vertex  8.073241e+01  1.756429e-01  3.900000e+01
   endloop
 endfacet
 facet normal  9.889267e-01 -1.484046e-01  0.000000e+00
   outer loop
     vertex  8.071048e+01  1.465401e-02  3.900000e+01
     vertex  8.071048e+01  1.465401e-02  3.650000e+01
     vertex  8.072254e+01  9.499996e-02  3.650000e+01
   endloop
 endfacet
 facet normal  9.889267e-01 -1.484046e-01 -2.495809e-19
   outer loop
     vertex  8.071048e+01  1.465401e-02  3.900000e+01
     vertex  8.072254e+01  9.499996e-02  3.650000e+01
     vertex  8.072254e+01  9.499996e-02  3.900000e+01
   endloop
 endfacet
 facet normal  9.845454e-01 -1.751297e-01  0.000000e+00
   outer loop
     vertex  8.069625e+01 -6.533597e-02  3.900000e+01
     vertex  8.069625e+01 -6.533597e-02  3.650000e+01
     vertex  8.071048e+01  1.465401e-02  3.650000e+01
   endloop
 endfacet
 facet normal  9.845454e-01 -1.751297e-01 -4.619483e-19
   outer loop
     vertex  8.069625e+01 -6.533597e-02  3.900000e+01
     vertex  8.071048e+01  1.465401e-02  3.650000e+01
     vertex  8.071048e+01  1.465401e-02  3.900000e+01
   endloop
 endfacet
 facet normal  9.794419e-01 -2.017264e-01  0.000000e+00
   outer loop
     vertex  8.067986e+01 -1.449113e-01  3.900000e+01
     vertex  8.067986e+01 -1.449113e-01  3.650000e+01
     vertex  8.069625e+01 -6.533597e-02  3.650000e+01
   endloop
 endfacet
 facet normal  9.794419e-01 -2.017264e-01 -4.436540e-19
   outer loop
     vertex  8.067986e+01 -1.449113e-01  3.900000e+01
     vertex  8.069625e+01 -6.533597e-02  3.650000e+01
     vertex  8.069625e+01 -6.533597e-02  3.900000e+01
   endloop
 endfacet
 facet normal  9.736201e-01 -2.281751e-01  0.000000e+00
   outer loop
     vertex  8.066132e+01 -2.240137e-01  3.900000e+01
     vertex  8.066132e+01 -2.240137e-01  3.650000e+01
     vertex  8.067986e+01 -1.449113e-01  3.650000e+01
   endloop
 endfacet
 facet normal  9.736201e-01 -2.281751e-01  1.877396e-19
   outer loop
     vertex  8.066132e+01 -2.240137e-01  3.900000e+01
     vertex  8.067986e+01 -1.449113e-01  3.650000e+01
     vertex  8.067986e+01 -1.449113e-01  3.900000e+01
   endloop
 endfacet
 facet normal  9.670842e-01 -2.544564e-01  0.000000e+00
   outer loop
     vertex  8.064065e+01 -3.025850e-01  3.900000e+01
     vertex  8.064065e+01 -3.025850e-01  3.650000e+01
     vertex  8.066132e+01 -2.240137e-01  3.650000e+01
   endloop
 endfacet
 facet normal  9.598391e-01 -2.805512e-01  0.000000e+00
   outer loop
     vertex  8.064065e+01 -3.025850e-01  3.900000e+01
     vertex  8.061786e+01 -3.805677e-01  3.650000e+01
     vertex  8.064065e+01 -3.025850e-01  3.650000e+01
   endloop
 endfacet
 facet normal  9.670842e-01 -2.544564e-01  5.029847e-20
   outer loop
     vertex  8.064065e+01 -3.025850e-01  3.900000e+01
     vertex  8.066132e+01 -2.240137e-01  3.650000e+01
     vertex  8.066132e+01 -2.240137e-01  3.900000e+01
   endloop
 endfacet
 facet normal  9.598391e-01 -2.805512e-01  0.000000e+00
   outer loop
     vertex  8.061786e+01 -3.805677e-01  3.900000e+01
     vertex  8.061786e+01 -3.805677e-01  3.650000e+01
     vertex  8.064065e+01 -3.025850e-01  3.900000e+01
   endloop
 endfacet
 facet normal  9.518899e-01 -3.064401e-01  0.000000e+00
   outer loop
     vertex  8.059296e+01 -4.579046e-01  3.900000e+01
     vertex  8.059296e+01 -4.579046e-01  3.650000e+01
     vertex  8.061786e+01 -3.805677e-01  3.650000e+01
   endloop
 endfacet
 facet normal  9.518899e-01 -3.064401e-01  1.424155e-19
   outer loop
     vertex  8.059296e+01 -4.579046e-01  3.900000e+01
     vertex  8.061786e+01 -3.805677e-01  3.650000e+01
     vertex  8.061786e+01 -3.805677e-01  3.900000e+01
   endloop
 endfacet
 facet normal  9.432426e-01 -3.321044e-01  0.000000e+00
   outer loop
     vertex  8.056598e+01 -5.345389e-01  3.900000e+01
     vertex  8.056598e+01 -5.345389e-01  3.650000e+01
     vertex  8.059296e+01 -4.579046e-01  3.650000e+01
   endloop
 endfacet
 facet normal  9.432426e-01 -3.321044e-01 -1.314932e-19
   outer loop
     vertex  8.056598e+01 -5.345389e-01  3.900000e+01
     vertex  8.059296e+01 -4.579046e-01  3.650000e+01
     vertex  8.059296e+01 -4.579046e-01  3.900000e+01
   endloop
 endfacet
 facet normal  9.339036e-01 -3.575250e-01  0.000000e+00
   outer loop
     vertex  8.053693e+01 -6.104145e-01  3.900000e+01
     vertex  8.053693e+01 -6.104145e-01  3.650000e+01
     vertex  8.056598e+01 -5.345389e-01  3.650000e+01
   endloop
 endfacet
 facet normal  9.339036e-01 -3.575250e-01 -9.199089e-19
   outer loop
     vertex  8.053693e+01 -6.104145e-01  3.900000e+01
     vertex  8.056598e+01 -5.345389e-01  3.650000e+01
     vertex  8.056598e+01 -5.345389e-01  3.900000e+01
   endloop
 endfacet
 facet normal  9.238795e-01 -3.826834e-01  0.000000e+00
   outer loop
     vertex  8.050584e+01 -6.854756e-01  3.900000e+01
     vertex  8.050584e+01 -6.854756e-01  3.650000e+01
     vertex  8.053693e+01 -6.104145e-01  3.650000e+01
   endloop
 endfacet
 facet normal  9.131779e-01 -4.075612e-01  0.000000e+00
   outer loop
     vertex  8.050584e+01 -6.854756e-01  3.900000e+01
     vertex  8.047273e+01 -7.596673e-01  3.650000e+01
     vertex  8.050584e+01 -6.854756e-01  3.650000e+01
   endloop
 endfacet
 facet normal  9.238795e-01 -3.826834e-01 -9.013121e-19
   outer loop
     vertex  8.050584e+01 -6.854756e-01  3.900000e+01
     vertex  8.053693e+01 -6.104145e-01  3.650000e+01
     vertex  8.053693e+01 -6.104145e-01  3.900000e+01
   endloop
 endfacet
 facet normal  9.131779e-01 -4.075612e-01  0.000000e+00
   outer loop
     vertex  8.047273e+01 -7.596673e-01  3.900000e+01
     vertex  8.047273e+01 -7.596673e-01  3.650000e+01
     vertex  8.050584e+01 -6.854756e-01  3.900000e+01
   endloop
 endfacet
 facet normal  9.018065e-01 -4.321400e-01  0.000000e+00
   outer loop
     vertex  8.043762e+01 -8.329351e-01  3.900000e+01
     vertex  8.043762e+01 -8.329351e-01  3.650000e+01
     vertex  8.047273e+01 -7.596673e-01  3.650000e+01
   endloop
 endfacet
 facet normal  9.018065e-01 -4.321400e-01 -6.982878e-19
   outer loop
     vertex  8.043762e+01 -8.329351e-01  3.900000e+01
     vertex  8.047273e+01 -7.596673e-01  3.650000e+01
     vertex  8.047273e+01 -7.596673e-01  3.900000e+01
   endloop
 endfacet
 facet normal  8.897737e-01 -4.564019e-01  0.000000e+00
   outer loop
     vertex  8.040054e+01 -9.052253e-01  3.900000e+01
     vertex  8.040054e+01 -9.052253e-01  3.650000e+01
     vertex  8.043762e+01 -8.329351e-01  3.650000e+01
   endloop
 endfacet
 facet normal  8.897737e-01 -4.564019e-01  1.062210e-18
   outer loop
     vertex  8.040054e+01 -9.052253e-01  3.900000e+01
     vertex  8.043762e+01 -8.329351e-01  3.650000e+01
     vertex  8.043762e+01 -8.329351e-01  3.900000e+01
   endloop
 endfacet
 facet normal  8.770884e-01 -4.803291e-01  0.000000e+00
   outer loop
     vertex  8.036151e+01 -9.764849e-01  3.900000e+01
     vertex  8.036151e+01 -9.764849e-01  3.650000e+01
     vertex  8.040054e+01 -9.052253e-01  3.650000e+01
   endloop
 endfacet
 facet normal  8.770884e-01 -4.803291e-01 -7.939185e-19
   outer loop
     vertex  8.036151e+01 -9.764849e-01  3.900000e+01
     vertex  8.040054e+01 -9.052253e-01  3.650000e+01
     vertex  8.040054e+01 -9.052253e-01  3.900000e+01
   endloop
 endfacet
 facet normal  8.637597e-01 -5.039039e-01  0.000000e+00
   outer loop
     vertex  8.032057e+01 -1.046662e+00  3.900000e+01
     vertex  8.032057e+01 -1.046662e+00  3.650000e+01
     vertex  8.036151e+01 -9.764849e-01  3.650000e+01
   endloop
 endfacet
 facet normal  8.637597e-01 -5.039039e-01  7.412384e-19
   outer loop
     vertex  8.032057e+01 -1.046662e+00  3.900000e+01
     vertex  8.036151e+01 -9.764849e-01  3.650000e+01
     vertex  8.036151e+01 -9.764849e-01  3.900000e+01
   endloop
 endfacet
 facet normal  8.497975e-01 -5.271092e-01  8.275380e-19
   outer loop
     vertex  8.027775e+01 -1.115704e+00  3.900000e+01
     vertex  8.032057e+01 -1.046662e+00  3.650000e+01
     vertex  8.032057e+01 -1.046662e+00  3.900000e+01
   endloop
 endfacet
 facet normal  8.497975e-01 -5.271092e-01  0.000000e+00
   outer loop
     vertex  8.027775e+01 -1.115704e+00  3.900000e+01
     vertex  8.027775e+01 -1.115704e+00  3.650000e+01
     vertex  8.032057e+01 -1.046662e+00  3.650000e+01
   endloop
 endfacet
 facet normal  8.352121e-01 -5.499279e-01 -7.607679e-19
   outer loop
     vertex  8.023307e+01 -1.183561e+00  3.900000e+01
     vertex  8.027775e+01 -1.115704e+00  3.650000e+01
     vertex  8.027775e+01 -1.115704e+00  3.900000e+01
   endloop
 endfacet
 facet normal  8.352121e-01 -5.499279e-01  0.000000e+00
   outer loop
     vertex  8.023307e+01 -1.183561e+00  3.900000e+01
     vertex  8.023307e+01 -1.183561e+00  3.650000e+01
     vertex  8.027775e+01 -1.115704e+00  3.650000e+01
   endloop
 endfacet
 facet normal  8.200141e-01 -5.723433e-01 -1.596707e-19
   outer loop
     vertex  8.018657e+01 -1.250184e+00  3.900000e+01
     vertex  8.023307e+01 -1.183561e+00  3.650000e+01
     vertex  8.023307e+01 -1.183561e+00  3.900000e+01
   endloop
 endfacet
 facet normal  8.200141e-01 -5.723433e-01  0.000000e+00
   outer loop
     vertex  8.018657e+01 -1.250184e+00  3.900000e+01
     vertex  8.018657e+01 -1.250184e+00  3.650000e+01
     vertex  8.023307e+01 -1.183561e+00  3.650000e+01
   endloop
 endfacet
 facet normal  8.042147e-01 -5.943389e-01  5.046662e-19
   outer loop
     vertex  8.013828e+01 -1.315523e+00  3.900000e+01
     vertex  8.018657e+01 -1.250184e+00  3.650000e+01
     vertex  8.018657e+01 -1.250184e+00  3.900000e+01
   endloop
 endfacet
 facet normal  8.042147e-01 -5.943389e-01  0.000000e+00
   outer loop
     vertex  8.013828e+01 -1.315523e+00  3.900000e+01
     vertex  8.013828e+01 -1.315523e+00  3.650000e+01
     vertex  8.018657e+01 -1.250184e+00  3.650000e+01
   endloop
 endfacet
 facet normal  7.878255e-01 -6.158986e-01 -7.320749e-19
   outer loop
     vertex  8.008824e+01 -1.379530e+00  3.900000e+01
     vertex  8.013828e+01 -1.315523e+00  3.650000e+01
     vertex  8.013828e+01 -1.315523e+00  3.900000e+01
   endloop
 endfacet
 facet normal  7.878255e-01 -6.158986e-01  0.000000e+00
   outer loop
     vertex  8.008824e+01 -1.379530e+00  3.900000e+01
     vertex  8.008824e+01 -1.379530e+00  3.650000e+01
     vertex  8.013828e+01 -1.315523e+00  3.650000e+01
   endloop
 endfacet
 facet normal  7.708584e-01 -6.370065e-01  0.000000e+00
   outer loop
     vertex  8.008824e+01 -1.379530e+00  3.900000e+01
     vertex  8.003649e+01 -1.442159e+00  3.650000e+01
     vertex  8.008824e+01 -1.379530e+00  3.650000e+01
   endloop
 endfacet
 facet normal  7.708584e-01 -6.370065e-01  0.000000e+00
   outer loop
     vertex  8.003649e+01 -1.442159e+00  3.900000e+01
     vertex  8.003649e+01 -1.442159e+00  3.650000e+01
     vertex  8.008824e+01 -1.379530e+00  3.900000e+01
   endloop
 endfacet
 facet normal  7.533260e-01 -6.576473e-01  0.000000e+00
   outer loop
     vertex  7.998306e+01 -1.503363e+00  3.900000e+01
     vertex  7.998306e+01 -1.503363e+00  3.650000e+01
     vertex  8.003649e+01 -1.442159e+00  3.650000e+01
   endloop
 endfacet
 facet normal  7.533260e-01 -6.576473e-01 -1.657400e-19
   outer loop
     vertex  7.998306e+01 -1.503363e+00  3.900000e+01
     vertex  8.003649e+01 -1.442159e+00  3.650000e+01
     vertex  8.003649e+01 -1.442159e+00  3.900000e+01
   endloop
 endfacet
 facet normal  7.352410e-01 -6.778058e-01  0.000000e+00
   outer loop
     vertex  7.992799e+01 -1.563098e+00  3.900000e+01
     vertex  7.992799e+01 -1.563098e+00  3.650000e+01
     vertex  7.998306e+01 -1.503363e+00  3.650000e+01
   endloop
 endfacet
 facet normal  7.352410e-01 -6.778058e-01  2.158918e-19
   outer loop
     vertex  7.992799e+01 -1.563098e+00  3.900000e+01
     vertex  7.998306e+01 -1.503363e+00  3.650000e+01
     vertex  7.998306e+01 -1.503363e+00  3.900000e+01
   endloop
 endfacet
 facet normal  7.166168e-01 -6.974671e-01  0.000000e+00
   outer loop
     vertex  7.987132e+01 -1.621320e+00  3.900000e+01
     vertex  7.987132e+01 -1.621320e+00  3.650000e+01
     vertex  7.992799e+01 -1.563098e+00  3.650000e+01
   endloop
 endfacet
 facet normal  7.166168e-01 -6.974671e-01  5.705136e-19
   outer loop
     vertex  7.987132e+01 -1.621320e+00  3.900000e+01
     vertex  7.992799e+01 -1.563098e+00  3.650000e+01
     vertex  7.992799e+01 -1.563098e+00  3.900000e+01
   endloop
 endfacet
 facet normal  6.974671e-01 -7.166168e-01  0.000000e+00
   outer loop
     vertex  7.981310e+01 -1.677986e+00  3.900000e+01
     vertex  7.981310e+01 -1.677986e+00  3.650000e+01
     vertex  7.987132e+01 -1.621320e+00  3.650000e+01
   endloop
 endfacet
 facet normal  6.778058e-01 -7.352410e-01  0.000000e+00
   outer loop
     vertex  7.981310e+01 -1.677986e+00  3.900000e+01
     vertex  7.975336e+01 -1.733055e+00  3.650000e+01
     vertex  7.981310e+01 -1.677986e+00  3.650000e+01
   endloop
 endfacet
 facet normal  6.974671e-01 -7.166168e-01  7.729410e-19
   outer loop
     vertex  7.981310e+01 -1.677986e+00  3.900000e+01
     vertex  7.987132e+01 -1.621320e+00  3.650000e+01
     vertex  7.987132e+01 -1.621320e+00  3.900000e+01
   endloop
 endfacet
 facet normal  6.778058e-01 -7.352410e-01  0.000000e+00
   outer loop
     vertex  7.975336e+01 -1.733055e+00  3.900000e+01
     vertex  7.975336e+01 -1.733055e+00  3.650000e+01
     vertex  7.981310e+01 -1.677986e+00  3.900000e+01
   endloop
 endfacet
 facet normal  6.576473e-01 -7.533260e-01  0.000000e+00
   outer loop
     vertex  7.969216e+01 -1.786486e+00  3.900000e+01
     vertex  7.969216e+01 -1.786486e+00  3.650000e+01
     vertex  7.975336e+01 -1.733055e+00  3.650000e+01
   endloop
 endfacet
 facet normal  6.370065e-01 -7.708584e-01  0.000000e+00
   outer loop
     vertex  7.969216e+01 -1.786486e+00  3.900000e+01
     vertex  7.962953e+01 -1.838240e+00  3.650000e+01
     vertex  7.969216e+01 -1.786486e+00  3.650000e+01
   endloop
 endfacet
 facet normal  6.576473e-01 -7.533260e-01  4.054735e-19
   outer loop
     vertex  7.969216e+01 -1.786486e+00  3.900000e+01
     vertex  7.975336e+01 -1.733055e+00  3.650000e+01
     vertex  7.975336e+01 -1.733055e+00  3.900000e+01
   endloop
 endfacet
 facet normal  6.370065e-01 -7.708584e-01  0.000000e+00
   outer loop
     vertex  7.962953e+01 -1.838240e+00  3.900000e+01
     vertex  7.962953e+01 -1.838240e+00  3.650000e+01
     vertex  7.969216e+01 -1.786486e+00  3.900000e+01
   endloop
 endfacet
 facet normal  6.158986e-01 -7.878255e-01  0.000000e+00
   outer loop
     vertex  7.956552e+01 -1.888279e+00  3.900000e+01
     vertex  7.956552e+01 -1.888279e+00  3.650000e+01
     vertex  7.962953e+01 -1.838240e+00  3.650000e+01
   endloop
 endfacet
 facet normal  6.158986e-01 -7.878255e-01 -1.545961e-19
   outer loop
     vertex  7.956552e+01 -1.888279e+00  3.900000e+01
     vertex  7.962953e+01 -1.838240e+00  3.650000e+01
     vertex  7.962953e+01 -1.838240e+00  3.900000e+01
   endloop
 endfacet
 facet normal  5.943389e-01 -8.042147e-01  0.000000e+00
   outer loop
     vertex  7.950018e+01 -1.936567e+00  3.900000e+01
     vertex  7.950018e+01 -1.936567e+00  3.650000e+01
     vertex  7.956552e+01 -1.888279e+00  3.650000e+01
   endloop
 endfacet
 facet normal  5.943389e-01 -8.042147e-01 -2.464083e-19
   outer loop
     vertex  7.950018e+01 -1.936567e+00  3.900000e+01
     vertex  7.956552e+01 -1.888279e+00  3.650000e+01
     vertex  7.956552e+01 -1.888279e+00  3.900000e+01
   endloop
 endfacet
 facet normal  5.723433e-01 -8.200141e-01  0.000000e+00
   outer loop
     vertex  7.943356e+01 -1.983067e+00  3.900000e+01
     vertex  7.943356e+01 -1.983067e+00  3.650000e+01
     vertex  7.950018e+01 -1.936567e+00  3.650000e+01
   endloop
 endfacet
 facet normal  5.723433e-01 -8.200141e-01 -8.501557e-19
   outer loop
     vertex  7.943356e+01 -1.983067e+00  3.900000e+01
     vertex  7.950018e+01 -1.936567e+00  3.650000e+01
     vertex  7.950018e+01 -1.936567e+00  3.900000e+01
   endloop
 endfacet
 facet normal  5.499279e-01 -8.352121e-01  0.000000e+00
   outer loop
     vertex  7.936570e+01 -2.027746e+00  3.900000e+01
     vertex  7.936570e+01 -2.027746e+00  3.650000e+01
     vertex  7.943356e+01 -1.983067e+00  3.650000e+01
   endloop
 endfacet
 facet normal  5.499279e-01 -8.352121e-01  6.159930e-19
   outer loop
     vertex  7.936570e+01 -2.027746e+00  3.900000e+01
     vertex  7.943356e+01 -1.983067e+00  3.650000e+01
     vertex  7.943356e+01 -1.983067e+00  3.900000e+01
   endloop
 endfacet
 facet normal  5.271092e-01 -8.497975e-01  0.000000e+00
   outer loop
     vertex  7.929666e+01 -2.070572e+00  3.900000e+01
     vertex  7.929666e+01 -2.070572e+00  3.650000e+01
     vertex  7.936570e+01 -2.027746e+00  3.650000e+01
   endloop
 endfacet
 facet normal  5.039039e-01 -8.637597e-01  0.000000e+00
   outer loop
     vertex  7.929666e+01 -2.070572e+00  3.900000e+01
     vertex  7.922648e+01 -2.111512e+00  3.650000e+01
     vertex  7.929666e+01 -2.070572e+00  3.650000e+01
   endloop
 endfacet
 facet normal  5.271092e-01 -8.497975e-01  2.891075e-19
   outer loop
     vertex  7.929666e+01 -2.070572e+00  3.900000e+01
     vertex  7.936570e+01 -2.027746e+00  3.650000e+01
     vertex  7.936570e+01 -2.027746e+00  3.900000e+01
   endloop
 endfacet
 facet normal  5.039039e-01 -8.637597e-01  0.000000e+00
   outer loop
     vertex  7.922648e+01 -2.111512e+00  3.900000e+01
     vertex  7.922648e+01 -2.111512e+00  3.650000e+01
     vertex  7.929666e+01 -2.070572e+00  3.900000e+01
   endloop
 endfacet
 facet normal  4.803291e-01 -8.770884e-01  0.000000e+00
   outer loop
     vertex  7.915523e+01 -2.150536e+00  3.900000e+01
     vertex  7.915523e+01 -2.150536e+00  3.650000e+01
     vertex  7.922648e+01 -2.111512e+00  3.650000e+01
   endloop
 endfacet
 facet normal  4.564019e-01 -8.897737e-01  0.000000e+00
   outer loop
     vertex  7.915523e+01 -2.150536e+00  3.900000e+01
     vertex  7.908294e+01 -2.187617e+00  3.650000e+01
     vertex  7.915523e+01 -2.150536e+00  3.650000e+01
   endloop
 endfacet
 facet normal  4.803291e-01 -8.770884e-01  9.358476e-19
   outer loop
     vertex  7.915523e+01 -2.150536e+00  3.900000e+01
     vertex  7.922648e+01 -2.111512e+00  3.650000e+01
     vertex  7.922648e+01 -2.111512e+00  3.900000e+01
   endloop
 endfacet
 facet normal  4.564019e-01 -8.897737e-01  0.000000e+00
   outer loop
     vertex  7.908294e+01 -2.187617e+00  3.900000e+01
     vertex  7.908294e+01 -2.187617e+00  3.650000e+01
     vertex  7.915523e+01 -2.150536e+00  3.900000e+01
   endloop
 endfacet
 facet normal  4.321400e-01 -9.018065e-01  0.000000e+00
   outer loop
     vertex  7.900967e+01 -2.222726e+00  3.900000e+01
     vertex  7.900967e+01 -2.222726e+00  3.650000e+01
     vertex  7.908294e+01 -2.187617e+00  3.650000e+01
   endloop
 endfacet
 facet normal  4.321400e-01 -9.018065e-01 -7.057998e-19
   outer loop
     vertex  7.900967e+01 -2.222726e+00  3.900000e+01
     vertex  7.908294e+01 -2.187617e+00  3.650000e+01
     vertex  7.908294e+01 -2.187617e+00  3.900000e+01
   endloop
 endfacet
 facet normal  4.075612e-01 -9.131779e-01  0.000000e+00
   outer loop
     vertex  7.893548e+01 -2.255839e+00  3.900000e+01
     vertex  7.893548e+01 -2.255839e+00  3.650000e+01
     vertex  7.900967e+01 -2.222726e+00  3.650000e+01
   endloop
 endfacet
 facet normal  3.826834e-01 -9.238795e-01  0.000000e+00
   outer loop
     vertex  7.893548e+01 -2.255839e+00  3.900000e+01
     vertex  7.886041e+01 -2.286930e+00  3.650000e+01
     vertex  7.893548e+01 -2.255839e+00  3.650000e+01
   endloop
 endfacet
 facet normal  4.075612e-01 -9.131779e-01 -8.791763e-19
   outer loop
     vertex  7.893548e+01 -2.255839e+00  3.900000e+01
     vertex  7.900967e+01 -2.222726e+00  3.650000e+01
     vertex  7.900967e+01 -2.222726e+00  3.900000e+01
   endloop
 endfacet
 facet normal  3.826834e-01 -9.238795e-01  0.000000e+00
   outer loop
     vertex  7.886041e+01 -2.286930e+00  3.900000e+01
     vertex  7.886041e+01 -2.286930e+00  3.650000e+01
     vertex  7.893548e+01 -2.255839e+00  3.900000e+01
   endloop
 endfacet
 facet normal  3.575250e-01 -9.339036e-01  0.000000e+00
   outer loop
     vertex  7.878454e+01 -2.315977e+00  3.900000e+01
     vertex  7.878454e+01 -2.315977e+00  3.650000e+01
     vertex  7.886041e+01 -2.286930e+00  3.650000e+01
   endloop
 endfacet
 facet normal  3.575250e-01 -9.339036e-01 -2.901940e-19
   outer loop
     vertex  7.878454e+01 -2.315977e+00  3.900000e+01
     vertex  7.886041e+01 -2.286930e+00  3.650000e+01
     vertex  7.886041e+01 -2.286930e+00  3.900000e+01
   endloop
 endfacet
 facet normal  3.321044e-01 -9.432426e-01  9.291141e-19
   outer loop
     vertex  7.870790e+01 -2.342960e+00  3.900000e+01
     vertex  7.878454e+01 -2.315977e+00  3.650000e+01
     vertex  7.878454e+01 -2.315977e+00  3.900000e+01
   endloop
 endfacet
 facet normal  3.321044e-01 -9.432426e-01  0.000000e+00
   outer loop
     vertex  7.870790e+01 -2.342960e+00  3.900000e+01
     vertex  7.870790e+01 -2.342960e+00  3.650000e+01
     vertex  7.878454e+01 -2.315977e+00  3.650000e+01
   endloop
 endfacet
 facet normal  3.064401e-01 -9.518899e-01 -1.882515e-19
   outer loop
     vertex  7.863057e+01 -2.367856e+00  3.900000e+01
     vertex  7.870790e+01 -2.342960e+00  3.650000e+01
     vertex  7.870790e+01 -2.342960e+00  3.900000e+01
   endloop
 endfacet
 facet normal  3.064401e-01 -9.518899e-01  0.000000e+00
   outer loop
     vertex  7.863057e+01 -2.367856e+00  3.900000e+01
     vertex  7.863057e+01 -2.367856e+00  3.650000e+01
     vertex  7.870790e+01 -2.342960e+00  3.650000e+01
   endloop
 endfacet
 facet normal  2.805512e-01 -9.598391e-01  0.000000e+00
   outer loop
     vertex  7.863057e+01 -2.367856e+00  3.900000e+01
     vertex  7.855259e+01 -2.390650e+00  3.650000e+01
     vertex  7.863057e+01 -2.367856e+00  3.650000e+01
   endloop
 endfacet
 facet normal  2.805512e-01 -9.598391e-01  0.000000e+00
   outer loop
     vertex  7.855259e+01 -2.390650e+00  3.900000e+01
     vertex  7.855259e+01 -2.390650e+00  3.650000e+01
     vertex  7.863057e+01 -2.367856e+00  3.900000e+01
   endloop
 endfacet
 facet normal  2.544564e-01 -9.670842e-01 -4.276199e-19
   outer loop
     vertex  7.847401e+01 -2.411323e+00  3.900000e+01
     vertex  7.855259e+01 -2.390650e+00  3.650000e+01
     vertex  7.855259e+01 -2.390650e+00  3.900000e+01
   endloop
 endfacet
 facet normal  2.544564e-01 -9.670842e-01  0.000000e+00
   outer loop
     vertex  7.847401e+01 -2.411323e+00  3.900000e+01
     vertex  7.847401e+01 -2.411323e+00  3.650000e+01
     vertex  7.855259e+01 -2.390650e+00  3.650000e+01
   endloop
 endfacet
 facet normal  2.281751e-01 -9.736201e-01 -2.574766e-19
   outer loop
     vertex  7.839491e+01 -2.429862e+00  3.900000e+01
     vertex  7.847401e+01 -2.411323e+00  3.650000e+01
     vertex  7.847401e+01 -2.411323e+00  3.900000e+01
   endloop
 endfacet
 facet normal  2.281751e-01 -9.736201e-01  0.000000e+00
   outer loop
     vertex  7.839491e+01 -2.429862e+00  3.900000e+01
     vertex  7.839491e+01 -2.429862e+00  3.650000e+01
     vertex  7.847401e+01 -2.411323e+00  3.650000e+01
   endloop
 endfacet
 facet normal  2.017264e-01 -9.794419e-01 -5.028291e-19
   outer loop
     vertex  7.831534e+01 -2.446251e+00  3.900000e+01
     vertex  7.839491e+01 -2.429862e+00  3.650000e+01
     vertex  7.839491e+01 -2.429862e+00  3.900000e+01
   endloop
 endfacet
 facet normal  2.017264e-01 -9.794419e-01  0.000000e+00
   outer loop
     vertex  7.831534e+01 -2.446251e+00  3.900000e+01
     vertex  7.831534e+01 -2.446251e+00  3.650000e+01
     vertex  7.839491e+01 -2.429862e+00  3.650000e+01
   endloop
 endfacet
 facet normal  1.751297e-01 -9.845454e-01  4.949313e-19
   outer loop
     vertex  7.823535e+01 -2.460480e+00  3.900000e+01
     vertex  7.831534e+01 -2.446251e+00  3.650000e+01
     vertex  7.831534e+01 -2.446251e+00  3.900000e+01
   endloop
 endfacet
 facet normal  1.751297e-01 -9.845454e-01  0.000000e+00
   outer loop
     vertex  7.823535e+01 -2.460480e+00  3.900000e+01
     vertex  7.823535e+01 -2.460480e+00  3.650000e+01
     vertex  7.831534e+01 -2.446251e+00  3.650000e+01
   endloop
 endfacet
 facet normal  1.484046e-01 -9.889267e-01 -7.843278e-21
   outer loop
     vertex  7.815500e+01 -2.472537e+00  3.900000e+01
     vertex  7.823535e+01 -2.460480e+00  3.650000e+01
     vertex  7.823535e+01 -2.460480e+00  3.900000e+01
   endloop
 endfacet
 facet normal  1.484046e-01 -9.889267e-01  0.000000e+00
   outer loop
     vertex  7.815500e+01 -2.472537e+00  3.900000e+01
     vertex  7.815500e+01 -2.472537e+00  3.650000e+01
     vertex  7.823535e+01 -2.460480e+00  3.650000e+01
   endloop
 endfacet
 facet normal  1.215707e-01 -9.925828e-01  0.000000e+00
   outer loop
     vertex  7.815500e+01 -2.472537e+00  3.900000e+01
     vertex  7.807436e+01 -2.482414e+00  3.650000e+01
     vertex  7.815500e+01 -2.472537e+00  3.650000e+01
   endloop
 endfacet
 facet normal  1.215707e-01 -9.925828e-01  0.000000e+00
   outer loop
     vertex  7.807436e+01 -2.482414e+00  3.900000e+01
     vertex  7.807436e+01 -2.482414e+00  3.650000e+01
     vertex  7.815500e+01 -2.472537e+00  3.900000e+01
   endloop
 endfacet
 facet normal  9.464755e-02 -9.955108e-01 -1.570063e-19
   outer loop
     vertex  7.799348e+01 -2.490104e+00  3.900000e+01
     vertex  7.807436e+01 -2.482414e+00  3.650000e+01
     vertex  7.807436e+01 -2.482414e+00  3.900000e+01
   endloop
 endfacet
 facet normal  9.464755e-02 -9.955108e-01  0.000000e+00
   outer loop
     vertex  7.799348e+01 -2.490104e+00  3.900000e+01
     vertex  7.799348e+01 -2.490104e+00  3.650000e+01
     vertex  7.807436e+01 -2.482414e+00  3.650000e+01
   endloop
 endfacet
 facet normal  6.765502e-02 -9.977088e-01  1.320304e-19
   outer loop
     vertex  7.791242e+01 -2.495600e+00  3.900000e+01
     vertex  7.799348e+01 -2.490104e+00  3.650000e+01
     vertex  7.799348e+01 -2.490104e+00  3.900000e+01
   endloop
 endfacet
 facet normal  6.765502e-02 -9.977088e-01  0.000000e+00
   outer loop
     vertex  7.791242e+01 -2.495600e+00  3.900000e+01
     vertex  7.791242e+01 -2.495600e+00  3.650000e+01
     vertex  7.799348e+01 -2.490104e+00  3.650000e+01
   endloop
 endfacet
 facet normal  4.061287e-02 -9.991750e-01  6.390947e-20
   outer loop
     vertex  7.783124e+01 -2.498900e+00  3.900000e+01
     vertex  7.791242e+01 -2.495600e+00  3.650000e+01
     vertex  7.791242e+01 -2.495600e+00  3.900000e+01
   endloop
 endfacet
 facet normal  4.061287e-02 -9.991750e-01  0.000000e+00
   outer loop
     vertex  7.783124e+01 -2.498900e+00  3.900000e+01
     vertex  7.783124e+01 -2.498900e+00  3.650000e+01
     vertex  7.791242e+01 -2.495600e+00  3.650000e+01
   endloop
 endfacet
 facet normal  1.354093e-02 -9.999083e-01  0.000000e+00
   outer loop
     vertex  7.783124e+01 -2.498900e+00  3.900000e+01
     vertex  7.775000e+01 -2.500000e+00  3.650000e+01
     vertex  7.783124e+01 -2.498900e+00  3.650000e+01
   endloop
 endfacet
 facet normal  1.354093e-02 -9.999083e-01  0.000000e+00
   outer loop
     vertex  7.775000e+01 -2.500000e+00  3.900000e+01
     vertex  7.775000e+01 -2.500000e+00  3.650000e+01
     vertex  7.783124e+01 -2.498900e+00  3.900000e+01
   endloop
 endfacet
 facet normal  9.999083e-01  1.354093e-02  0.000000e+00
   outer loop
     vertex  8.074890e+01  5.408124e+01  3.900000e+01
     vertex  8.075000e+01  5.400000e+01  3.650000e+01
     vertex  8.074890e+01  5.408124e+01  3.650000e+01
   endloop
 endfacet
 facet normal  9.999083e-01  1.354093e-02 -4.049887e-21
   outer loop
     vertex  8.074890e+01  5.408124e+01  3.900000e+01
     vertex  8.075000e+01  5.400000e+01  3.900000e+01
     vertex  8.075000e+01  5.400000e+01  3.650000e+01
   endloop
 endfacet
 facet normal  9.991750e-01  4.061287e-02  0.000000e+00
   outer loop
     vertex  8.074560e+01  5.416242e+01  3.900000e+01
     vertex  8.074890e+01  5.408124e+01  3.650000e+01
     vertex  8.074560e+01  5.416242e+01  3.650000e+01
   endloop
 endfacet
 facet normal  9.991750e-01  4.061287e-02 -9.167113e-20
   outer loop
     vertex  8.074560e+01  5.416242e+01  3.900000e+01
     vertex  8.074890e+01  5.408124e+01  3.900000e+01
     vertex  8.074890e+01  5.408124e+01  3.650000e+01
   endloop
 endfacet
 facet normal  9.977088e-01  6.765502e-02  0.000000e+00
   outer loop
     vertex  8.074010e+01  5.424348e+01  3.900000e+01
     vertex  8.074560e+01  5.416242e+01  3.650000e+01
     vertex  8.074010e+01  5.424348e+01  3.650000e+01
   endloop
 endfacet
 facet normal  9.977088e-01  6.765502e-02  1.118076e-19
   outer loop
     vertex  8.074010e+01  5.424348e+01  3.900000e+01
     vertex  8.074560e+01  5.416242e+01  3.900000e+01
     vertex  8.074560e+01  5.416242e+01  3.650000e+01
   endloop
 endfacet
 facet normal  9.955108e-01  9.464755e-02  0.000000e+00
   outer loop
     vertex  8.073241e+01  5.432436e+01  3.900000e+01
     vertex  8.074010e+01  5.424348e+01  3.650000e+01
     vertex  8.073241e+01  5.432436e+01  3.650000e+01
   endloop
 endfacet
 facet normal  9.955108e-01  9.464755e-02  1.914662e-19
   outer loop
     vertex  8.073241e+01  5.432436e+01  3.900000e+01
     vertex  8.074010e+01  5.424348e+01  3.900000e+01
     vertex  8.074010e+01  5.424348e+01  3.650000e+01
   endloop
 endfacet
 facet normal  9.925828e-01  1.215707e-01  0.000000e+00
   outer loop
     vertex  8.072254e+01  5.440500e+01  3.900000e+01
     vertex  8.073241e+01  5.432436e+01  3.650000e+01
     vertex  8.072254e+01  5.440500e+01  3.650000e+01
   endloop
 endfacet
 facet normal  9.889267e-01  1.484046e-01  0.000000e+00
   outer loop
     vertex  8.072254e+01  5.440500e+01  3.900000e+01
     vertex  8.072254e+01  5.440500e+01  3.650000e+01
     vertex  8.071048e+01  5.448535e+01  3.650000e+01
   endloop
 endfacet
 facet normal  9.925828e-01  1.215707e-01 -2.983557e-21
   outer loop
     vertex  8.072254e+01  5.440500e+01  3.900000e+01
     vertex  8.073241e+01  5.432436e+01  3.900000e+01
     vertex  8.073241e+01  5.432436e+01  3.650000e+01
   endloop
 endfacet
 facet normal  9.889267e-01  1.484046e-01  0.000000e+00
   outer loop
     vertex  8.071048e+01  5.448535e+01  3.900000e+01
     vertex  8.072254e+01  5.440500e+01  3.900000e+01
     vertex  8.071048e+01  5.448535e+01  3.650000e+01
   endloop
 endfacet
 facet normal  9.845454e-01  1.751297e-01  0.000000e+00
   outer loop
     vertex  8.069625e+01  5.456534e+01  3.900000e+01
     vertex  8.071048e+01  5.448535e+01  3.650000e+01
     vertex  8.069625e+01  5.456534e+01  3.650000e+01
   endloop
 endfacet
 facet normal  9.845454e-01  1.751297e-01 -3.120162e-19
   outer loop
     vertex  8.069625e+01  5.456534e+01  3.900000e+01
     vertex  8.071048e+01  5.448535e+01  3.900000e+01
     vertex  8.071048e+01  5.448535e+01  3.650000e+01
   endloop
 endfacet
 facet normal  9.794419e-01  2.017264e-01  0.000000e+00
   outer loop
     vertex  8.067986e+01  5.464491e+01  3.900000e+01
     vertex  8.069625e+01  5.456534e+01  3.650000e+01
     vertex  8.067986e+01  5.464491e+01  3.650000e+01
   endloop
 endfacet
 facet normal  9.794419e-01  2.017264e-01  1.641509e-19
   outer loop
     vertex  8.067986e+01  5.464491e+01  3.900000e+01
     vertex  8.069625e+01  5.456534e+01  3.900000e+01
     vertex  8.069625e+01  5.456534e+01  3.650000e+01
   endloop
 endfacet
 facet normal  9.736201e-01  2.281751e-01  0.000000e+00
   outer loop
     vertex  8.066132e+01  5.472401e+01  3.900000e+01
     vertex  8.067986e+01  5.464491e+01  3.650000e+01
     vertex  8.066132e+01  5.472401e+01  3.650000e+01
   endloop
 endfacet
 facet normal  9.736201e-01  2.281751e-01 -2.237390e-19
   outer loop
     vertex  8.066132e+01  5.472401e+01  3.900000e+01
     vertex  8.067986e+01  5.464491e+01  3.900000e+01
     vertex  8.067986e+01  5.464491e+01  3.650000e+01
   endloop
 endfacet
 facet normal  9.670842e-01  2.544564e-01  0.000000e+00
   outer loop
     vertex  8.064065e+01  5.480259e+01  3.900000e+01
     vertex  8.066132e+01  5.472401e+01  3.650000e+01
     vertex  8.064065e+01  5.480259e+01  3.650000e+01
   endloop
 endfacet
 facet normal  9.670842e-01  2.544564e-01  1.497798e-19
   outer loop
     vertex  8.064065e+01  5.480259e+01  3.900000e+01
     vertex  8.066132e+01  5.472401e+01  3.900000e+01
     vertex  8.066132e+01  5.472401e+01  3.650000e+01
   endloop
 endfacet
 facet normal  9.598391e-01  2.805512e-01  0.000000e+00
   outer loop
     vertex  8.061786e+01  5.488057e+01  3.900000e+01
     vertex  8.064065e+01  5.480259e+01  3.650000e+01
     vertex  8.061786e+01  5.488057e+01  3.650000e+01
   endloop
 endfacet
 facet normal  9.518899e-01  3.064401e-01  0.000000e+00
   outer loop
     vertex  8.061786e+01  5.488057e+01  3.900000e+01
     vertex  8.061786e+01  5.488057e+01  3.650000e+01
     vertex  8.059296e+01  5.495790e+01  3.650000e+01
   endloop
 endfacet
 facet normal  9.598391e-01  2.805512e-01  4.389483e-19
   outer loop
     vertex  8.061786e+01  5.488057e+01  3.900000e+01
     vertex  8.064065e+01  5.480259e+01  3.900000e+01
     vertex  8.064065e+01  5.480259e+01  3.650000e+01
   endloop
 endfacet
 facet normal  9.518899e-01  3.064401e-01  0.000000e+00
   outer loop
     vertex  8.059296e+01  5.495790e+01  3.900000e+01
     vertex  8.061786e+01  5.488057e+01  3.900000e+01
     vertex  8.059296e+01  5.495790e+01  3.650000e+01
   endloop
 endfacet
 facet normal  9.432426e-01  3.321044e-01  0.000000e+00
   outer loop
     vertex  8.056598e+01  5.503454e+01  3.900000e+01
     vertex  8.059296e+01  5.495790e+01  3.650000e+01
     vertex  8.056598e+01  5.503454e+01  3.650000e+01
   endloop
 endfacet
 facet normal  9.432426e-01  3.321044e-01 -6.593961e-19
   outer loop
     vertex  8.056598e+01  5.503454e+01  3.900000e+01
     vertex  8.059296e+01  5.495790e+01  3.900000e+01
     vertex  8.059296e+01  5.495790e+01  3.650000e+01
   endloop
 endfacet
 facet normal  9.339036e-01  3.575250e-01  0.000000e+00
   outer loop
     vertex  8.053693e+01  5.511041e+01  3.900000e+01
     vertex  8.056598e+01  5.503454e+01  3.650000e+01
     vertex  8.053693e+01  5.511041e+01  3.650000e+01
   endloop
 endfacet
 facet normal  9.339036e-01  3.575250e-01 -6.224326e-19
   outer loop
     vertex  8.053693e+01  5.511041e+01  3.900000e+01
     vertex  8.056598e+01  5.503454e+01  3.900000e+01
     vertex  8.056598e+01  5.503454e+01  3.650000e+01
   endloop
 endfacet
 facet normal  9.238795e-01  3.826834e-01  0.000000e+00
   outer loop
     vertex  8.050584e+01  5.518548e+01  3.900000e+01
     vertex  8.053693e+01  5.511041e+01  3.650000e+01
     vertex  8.050584e+01  5.518548e+01  3.650000e+01
   endloop
 endfacet
 facet normal  9.131779e-01  4.075612e-01  0.000000e+00
   outer loop
     vertex  8.050584e+01  5.518548e+01  3.900000e+01
     vertex  8.050584e+01  5.518548e+01  3.650000e+01
     vertex  8.047273e+01  5.525967e+01  3.650000e+01
   endloop
 endfacet
 facet normal  9.238795e-01  3.826834e-01 -4.862132e-19
   outer loop
     vertex  8.050584e+01  5.518548e+01  3.900000e+01
     vertex  8.053693e+01  5.511041e+01  3.900000e+01
     vertex  8.053693e+01  5.511041e+01  3.650000e+01
   endloop
 endfacet
 facet normal  9.131779e-01  4.075612e-01  0.000000e+00
   outer loop
     vertex  8.047273e+01  5.525967e+01  3.900000e+01
     vertex  8.050584e+01  5.518548e+01  3.900000e+01
     vertex  8.047273e+01  5.525967e+01  3.650000e+01
   endloop
 endfacet
 facet normal  9.018065e-01  4.321400e-01  0.000000e+00
   outer loop
     vertex  8.043762e+01  5.533294e+01  3.900000e+01
     vertex  8.047273e+01  5.525967e+01  3.650000e+01
     vertex  8.043762e+01  5.533294e+01  3.650000e+01
   endloop
 endfacet
 facet normal  9.018065e-01  4.321400e-01 -8.744133e-19
   outer loop
     vertex  8.043762e+01  5.533294e+01  3.900000e+01
     vertex  8.047273e+01  5.525967e+01  3.900000e+01
     vertex  8.047273e+01  5.525967e+01  3.650000e+01
   endloop
 endfacet
 facet normal  8.897737e-01  4.564019e-01  0.000000e+00
   outer loop
     vertex  8.040054e+01  5.540523e+01  3.900000e+01
     vertex  8.043762e+01  5.533294e+01  3.650000e+01
     vertex  8.040054e+01  5.540523e+01  3.650000e+01
   endloop
 endfacet
 facet normal  8.897737e-01  4.564019e-01 -1.062210e-18
   outer loop
     vertex  8.040054e+01  5.540523e+01  3.900000e+01
     vertex  8.043762e+01  5.533294e+01  3.900000e+01
     vertex  8.043762e+01  5.533294e+01  3.650000e+01
   endloop
 endfacet
 facet normal  8.770884e-01  4.803291e-01  0.000000e+00
   outer loop
     vertex  8.036151e+01  5.547648e+01  3.900000e+01
     vertex  8.040054e+01  5.540523e+01  3.650000e+01
     vertex  8.036151e+01  5.547648e+01  3.650000e+01
   endloop
 endfacet
 facet normal  8.770884e-01  4.803291e-01 -2.826072e-19
   outer loop
     vertex  8.036151e+01  5.547648e+01  3.900000e+01
     vertex  8.040054e+01  5.540523e+01  3.900000e+01
     vertex  8.040054e+01  5.540523e+01  3.650000e+01
   endloop
 endfacet
 facet normal  8.637597e-01  5.039039e-01  0.000000e+00
   outer loop
     vertex  8.032057e+01  5.554666e+01  3.900000e+01
     vertex  8.036151e+01  5.547648e+01  3.650000e+01
     vertex  8.032057e+01  5.554666e+01  3.650000e+01
   endloop
 endfacet
 facet normal  8.637597e-01  5.039039e-01 -7.751231e-19
   outer loop
     vertex  8.032057e+01  5.554666e+01  3.900000e+01
     vertex  8.036151e+01  5.547648e+01  3.900000e+01
     vertex  8.036151e+01  5.547648e+01  3.650000e+01
   endloop
 endfacet
 facet normal  8.497975e-01  5.271092e-01 -8.275380e-19
   outer loop
     vertex  8.027775e+01  5.561570e+01  3.900000e+01
     vertex  8.032057e+01  5.554666e+01  3.900000e+01
     vertex  8.032057e+01  5.554666e+01  3.650000e+01
   endloop
 endfacet
 facet normal  8.497975e-01  5.271092e-01  0.000000e+00
   outer loop
     vertex  8.027775e+01  5.561570e+01  3.900000e+01
     vertex  8.032057e+01  5.554666e+01  3.650000e+01
     vertex  8.027775e+01  5.561570e+01  3.650000e+01
   endloop
 endfacet
 facet normal  8.352121e-01  5.499279e-01  3.009181e-19
   outer loop
     vertex  8.023307e+01  5.568356e+01  3.900000e+01
     vertex  8.027775e+01  5.561570e+01  3.900000e+01
     vertex  8.027775e+01  5.561570e+01  3.650000e+01
   endloop
 endfacet
 facet normal  8.352121e-01  5.499279e-01  0.000000e+00
   outer loop
     vertex  8.023307e+01  5.568356e+01  3.900000e+01
     vertex  8.027775e+01  5.561570e+01  3.650000e+01
     vertex  8.023307e+01  5.568356e+01  3.650000e+01
   endloop
 endfacet
 facet normal  8.200141e-01  5.723433e-01  1.479158e-19
   outer loop
     vertex  8.018657e+01  5.575018e+01  3.900000e+01
     vertex  8.023307e+01  5.568356e+01  3.900000e+01
     vertex  8.023307e+01  5.568356e+01  3.650000e+01
   endloop
 endfacet
 facet normal  8.200141e-01  5.723433e-01  0.000000e+00
   outer loop
     vertex  8.018657e+01  5.575018e+01  3.900000e+01
     vertex  8.023307e+01  5.568356e+01  3.650000e+01
     vertex  8.018657e+01  5.575018e+01  3.650000e+01
   endloop
 endfacet
 facet normal  8.042147e-01  5.943389e-01 -9.991621e-19
   outer loop
     vertex  8.013828e+01  5.581552e+01  3.900000e+01
     vertex  8.018657e+01  5.575018e+01  3.900000e+01
     vertex  8.018657e+01  5.575018e+01  3.650000e+01
   endloop
 endfacet
 facet normal  8.042147e-01  5.943389e-01  0.000000e+00
   outer loop
     vertex  8.013828e+01  5.581552e+01  3.900000e+01
     vertex  8.018657e+01  5.575018e+01  3.650000e+01
     vertex  8.013828e+01  5.581552e+01  3.650000e+01
   endloop
 endfacet
 facet normal  7.878255e-01  6.158986e-01 -9.761788e-19
   outer loop
     vertex  8.008824e+01  5.587953e+01  3.900000e+01
     vertex  8.013828e+01  5.581552e+01  3.900000e+01
     vertex  8.013828e+01  5.581552e+01  3.650000e+01
   endloop
 endfacet
 facet normal  7.878255e-01  6.158986e-01  0.000000e+00
   outer loop
     vertex  8.008824e+01  5.587953e+01  3.900000e+01
     vertex  8.013828e+01  5.581552e+01  3.650000e+01
     vertex  8.008824e+01  5.587953e+01  3.650000e+01
   endloop
 endfacet
 facet normal  7.708584e-01  6.370065e-01  0.000000e+00
   outer loop
     vertex  8.008824e+01  5.587953e+01  3.900000e+01
     vertex  8.008824e+01  5.587953e+01  3.650000e+01
     vertex  8.003649e+01  5.594216e+01  3.650000e+01
   endloop
 endfacet
 facet normal  7.533260e-01  6.576473e-01  0.000000e+00
   outer loop
     vertex  8.003649e+01  5.594216e+01  3.900000e+01
     vertex  8.003649e+01  5.594216e+01  3.650000e+01
     vertex  7.998306e+01  5.600336e+01  3.650000e+01
   endloop
 endfacet
 facet normal  7.708584e-01  6.370065e-01  0.000000e+00
   outer loop
     vertex  8.003649e+01  5.594216e+01  3.900000e+01
     vertex  8.008824e+01  5.587953e+01  3.900000e+01
     vertex  8.003649e+01  5.594216e+01  3.650000e+01
   endloop
 endfacet
 facet normal  7.533260e-01  6.576473e-01  0.000000e+00
   outer loop
     vertex  7.998306e+01  5.600336e+01  3.900000e+01
     vertex  8.003649e+01  5.594216e+01  3.900000e+01
     vertex  7.998306e+01  5.600336e+01  3.650000e+01
   endloop
 endfacet
 facet normal  7.352410e-01  6.778058e-01  1.495618e-19
   outer loop
     vertex  7.992799e+01  5.606310e+01  3.900000e+01
     vertex  7.998306e+01  5.600336e+01  3.900000e+01
     vertex  7.998306e+01  5.600336e+01  3.650000e+01
   endloop
 endfacet
 facet normal  7.352410e-01  6.778058e-01  0.000000e+00
   outer loop
     vertex  7.992799e+01  5.606310e+01  3.900000e+01
     vertex  7.998306e+01  5.600336e+01  3.650000e+01
     vertex  7.992799e+01  5.606310e+01  3.650000e+01
   endloop
 endfacet
 facet normal  7.166168e-01  6.974671e-01  0.000000e+00
   outer loop
     vertex  7.987132e+01  5.612132e+01  3.900000e+01
     vertex  7.992799e+01  5.606310e+01  3.650000e+01
     vertex  7.987132e+01  5.612132e+01  3.650000e+01
   endloop
 endfacet
 facet normal  7.166168e-01  6.974671e-01  7.844139e-19
   outer loop
     vertex  7.987132e+01  5.612132e+01  3.900000e+01
     vertex  7.992799e+01  5.606310e+01  3.900000e+01
     vertex  7.992799e+01  5.606310e+01  3.650000e+01
   endloop
 endfacet
 facet normal  6.974671e-01  7.166168e-01  0.000000e+00
   outer loop
     vertex  7.981310e+01  5.617799e+01  3.900000e+01
     vertex  7.987132e+01  5.612132e+01  3.650000e+01
     vertex  7.981310e+01  5.617799e+01  3.650000e+01
   endloop
 endfacet
 facet normal  6.974671e-01  7.166168e-01 -2.635166e-19
   outer loop
     vertex  7.981310e+01  5.617799e+01  3.900000e+01
     vertex  7.987132e+01  5.612132e+01  3.900000e+01
     vertex  7.987132e+01  5.612132e+01  3.650000e+01
   endloop
 endfacet
 facet normal  6.778058e-01  7.352410e-01  0.000000e+00
   outer loop
     vertex  7.975336e+01  5.623306e+01  3.900000e+01
     vertex  7.981310e+01  5.617799e+01  3.650000e+01
     vertex  7.975336e+01  5.623306e+01  3.650000e+01
   endloop
 endfacet
 facet normal  6.778058e-01  7.352410e-01 -3.760839e-19
   outer loop
     vertex  7.975336e+01  5.623306e+01  3.900000e+01
     vertex  7.981310e+01  5.617799e+01  3.900000e+01
     vertex  7.981310e+01  5.617799e+01  3.650000e+01
   endloop
 endfacet
 facet normal  6.576473e-01  7.533260e-01  0.000000e+00
   outer loop
     vertex  7.969216e+01  5.628649e+01  3.900000e+01
     vertex  7.975336e+01  5.623306e+01  3.650000e+01
     vertex  7.969216e+01  5.628649e+01  3.650000e+01
   endloop
 endfacet
 facet normal  6.576473e-01  7.533260e-01  9.871695e-21
   outer loop
     vertex  7.969216e+01  5.628649e+01  3.900000e+01
     vertex  7.975336e+01  5.623306e+01  3.900000e+01
     vertex  7.975336e+01  5.623306e+01  3.650000e+01
   endloop
 endfacet
 facet normal  6.370065e-01  7.708584e-01  0.000000e+00
   outer loop
     vertex  7.962953e+01  5.633824e+01  3.900000e+01
     vertex  7.969216e+01  5.628649e+01  3.650000e+01
     vertex  7.962953e+01  5.633824e+01  3.650000e+01
   endloop
 endfacet
 facet normal  6.370065e-01  7.708584e-01  7.416706e-19
   outer loop
     vertex  7.962953e+01  5.633824e+01  3.900000e+01
     vertex  7.969216e+01  5.628649e+01  3.900000e+01
     vertex  7.969216e+01  5.628649e+01  3.650000e+01
   endloop
 endfacet
 facet normal  6.158986e-01  7.878255e-01  0.000000e+00
   outer loop
     vertex  7.956552e+01  5.638828e+01  3.900000e+01
     vertex  7.962953e+01  5.633824e+01  3.650000e+01
     vertex  7.956552e+01  5.638828e+01  3.650000e+01
   endloop
 endfacet
 facet normal  6.158986e-01  7.878255e-01  8.169529e-19
   outer loop
     vertex  7.956552e+01  5.638828e+01  3.900000e+01
     vertex  7.962953e+01  5.633824e+01  3.900000e+01
     vertex  7.962953e+01  5.633824e+01  3.650000e+01
   endloop
 endfacet
 facet normal  5.943389e-01  8.042147e-01  0.000000e+00
   outer loop
     vertex  7.950018e+01  5.643657e+01  3.900000e+01
     vertex  7.956552e+01  5.638828e+01  3.650000e+01
     vertex  7.950018e+01  5.643657e+01  3.650000e+01
   endloop
 endfacet
 facet normal  5.943389e-01  8.042147e-01 -6.978711e-19
   outer loop
     vertex  7.950018e+01  5.643657e+01  3.900000e+01
     vertex  7.956552e+01  5.638828e+01  3.900000e+01
     vertex  7.956552e+01  5.638828e+01  3.650000e+01
   endloop
 endfacet
 facet normal  5.723433e-01  8.200141e-01  0.000000e+00
   outer loop
     vertex  7.943356e+01  5.648307e+01  3.900000e+01
     vertex  7.950018e+01  5.643657e+01  3.650000e+01
     vertex  7.943356e+01  5.648307e+01  3.650000e+01
   endloop
 endfacet
 facet normal  5.723433e-01  8.200141e-01  7.365259e-19
   outer loop
     vertex  7.943356e+01  5.648307e+01  3.900000e+01
     vertex  7.950018e+01  5.643657e+01  3.900000e+01
     vertex  7.950018e+01  5.643657e+01  3.650000e+01
   endloop
 endfacet
 facet normal  5.499279e-01  8.352121e-01  0.000000e+00
   outer loop
     vertex  7.936570e+01  5.652775e+01  3.900000e+01
     vertex  7.943356e+01  5.648307e+01  3.650000e+01
     vertex  7.936570e+01  5.652775e+01  3.650000e+01
   endloop
 endfacet
 facet normal  5.499279e-01  8.352121e-01  4.053061e-19
   outer loop
     vertex  7.936570e+01  5.652775e+01  3.900000e+01
     vertex  7.943356e+01  5.648307e+01  3.900000e+01
     vertex  7.943356e+01  5.648307e+01  3.650000e+01
   endloop
 endfacet
 facet normal  5.271092e-01  8.497975e-01  0.000000e+00
   outer loop
     vertex  7.929666e+01  5.657057e+01  3.900000e+01
     vertex  7.936570e+01  5.652775e+01  3.650000e+01
     vertex  7.929666e+01  5.657057e+01  3.650000e+01
   endloop
 endfacet
 facet normal  5.271092e-01  8.497975e-01 -7.989173e-20
   outer loop
     vertex  7.929666e+01  5.657057e+01  3.900000e+01
     vertex  7.936570e+01  5.652775e+01  3.900000e+01
     vertex  7.936570e+01  5.652775e+01  3.650000e+01
   endloop
 endfacet
 facet normal  5.039039e-01  8.637597e-01  0.000000e+00
   outer loop
     vertex  7.922648e+01  5.661151e+01  3.900000e+01
     vertex  7.929666e+01  5.657057e+01  3.650000e+01
     vertex  7.922648e+01  5.661151e+01  3.650000e+01
   endloop
 endfacet
 facet normal  4.803291e-01  8.770884e-01  0.000000e+00
   outer loop
     vertex  7.922648e+01  5.661151e+01  3.900000e+01
     vertex  7.922648e+01  5.661151e+01  3.650000e+01
     vertex  7.915523e+01  5.665054e+01  3.650000e+01
   endloop
 endfacet
 facet normal  5.039039e-01  8.637597e-01 -7.751231e-19
   outer loop
     vertex  7.922648e+01  5.661151e+01  3.900000e+01
     vertex  7.929666e+01  5.657057e+01  3.900000e+01
     vertex  7.929666e+01  5.657057e+01  3.650000e+01
   endloop
 endfacet
 facet normal  4.803291e-01  8.770884e-01  0.000000e+00
   outer loop
     vertex  7.915523e+01  5.665054e+01  3.900000e+01
     vertex  7.922648e+01  5.661151e+01  3.900000e+01
     vertex  7.915523e+01  5.665054e+01  3.650000e+01
   endloop
 endfacet
 facet normal  4.564019e-01  8.897737e-01  0.000000e+00
   outer loop
     vertex  7.908294e+01  5.668762e+01  3.900000e+01
     vertex  7.915523e+01  5.665054e+01  3.650000e+01
     vertex  7.908294e+01  5.668762e+01  3.650000e+01
   endloop
 endfacet
 facet normal  4.564019e-01  8.897737e-01  8.024980e-19
   outer loop
     vertex  7.908294e+01  5.668762e+01  3.900000e+01
     vertex  7.915523e+01  5.665054e+01  3.900000e+01
     vertex  7.915523e+01  5.665054e+01  3.650000e+01
   endloop
 endfacet
 facet normal  4.321400e-01  9.018065e-01  0.000000e+00
   outer loop
     vertex  7.900967e+01  5.672273e+01  3.900000e+01
     vertex  7.908294e+01  5.668762e+01  3.650000e+01
     vertex  7.900967e+01  5.672273e+01  3.650000e+01
   endloop
 endfacet
 facet normal  4.321400e-01  9.018065e-01 -3.754972e-19
   outer loop
     vertex  7.900967e+01  5.672273e+01  3.900000e+01
     vertex  7.908294e+01  5.668762e+01  3.900000e+01
     vertex  7.908294e+01  5.668762e+01  3.650000e+01
   endloop
 endfacet
 facet normal  4.075612e-01  9.131779e-01  0.000000e+00
   outer loop
     vertex  7.893548e+01  5.675584e+01  3.900000e+01
     vertex  7.900967e+01  5.672273e+01  3.650000e+01
     vertex  7.893548e+01  5.675584e+01  3.650000e+01
   endloop
 endfacet
 facet normal  3.826834e-01  9.238795e-01  0.000000e+00
   outer loop
     vertex  7.893548e+01  5.675584e+01  3.900000e+01
     vertex  7.893548e+01  5.675584e+01  3.650000e+01
     vertex  7.886041e+01  5.678693e+01  3.650000e+01
   endloop
 endfacet
 facet normal  4.075612e-01  9.131779e-01  5.833459e-19
   outer loop
     vertex  7.893548e+01  5.675584e+01  3.900000e+01
     vertex  7.900967e+01  5.672273e+01  3.900000e+01
     vertex  7.900967e+01  5.672273e+01  3.650000e+01
   endloop
 endfacet
 facet normal  3.826834e-01  9.238795e-01  0.000000e+00
   outer loop
     vertex  7.886041e+01  5.678693e+01  3.900000e+01
     vertex  7.893548e+01  5.675584e+01  3.900000e+01
     vertex  7.886041e+01  5.678693e+01  3.650000e+01
   endloop
 endfacet
 facet normal  3.575250e-01  9.339036e-01  0.000000e+00
   outer loop
     vertex  7.878454e+01  5.681598e+01  3.900000e+01
     vertex  7.886041e+01  5.678693e+01  3.650000e+01
     vertex  7.878454e+01  5.681598e+01  3.650000e+01
   endloop
 endfacet
 facet normal  3.575250e-01  9.339036e-01 -6.224326e-19
   outer loop
     vertex  7.878454e+01  5.681598e+01  3.900000e+01
     vertex  7.886041e+01  5.678693e+01  3.900000e+01
     vertex  7.886041e+01  5.678693e+01  3.650000e+01
   endloop
 endfacet
 facet normal  3.321044e-01  9.432426e-01 -5.026662e-19
   outer loop
     vertex  7.870790e+01  5.684296e+01  3.900000e+01
     vertex  7.878454e+01  5.681598e+01  3.900000e+01
     vertex  7.878454e+01  5.681598e+01  3.650000e+01
   endloop
 endfacet
 facet normal  3.321044e-01  9.432426e-01  0.000000e+00
   outer loop
     vertex  7.870790e+01  5.684296e+01  3.900000e+01
     vertex  7.878454e+01  5.681598e+01  3.650000e+01
     vertex  7.870790e+01  5.684296e+01  3.650000e+01
   endloop
 endfacet
 facet normal  3.064401e-01  9.518899e-01  0.000000e+00
   outer loop
     vertex  7.870790e+01  5.684296e+01  3.900000e+01
     vertex  7.870790e+01  5.684296e+01  3.650000e+01
     vertex  7.863057e+01  5.686786e+01  3.650000e+01
   endloop
 endfacet
 facet normal  3.064401e-01  9.518899e-01  0.000000e+00
   outer loop
     vertex  7.863057e+01  5.686786e+01  3.900000e+01
     vertex  7.870790e+01  5.684296e+01  3.900000e+01
     vertex  7.863057e+01  5.686786e+01  3.650000e+01
   endloop
 endfacet
 facet normal  2.805512e-01  9.598391e-01 -1.608136e-19
   outer loop
     vertex  7.855259e+01  5.689065e+01  3.900000e+01
     vertex  7.863057e+01  5.686786e+01  3.900000e+01
     vertex  7.863057e+01  5.686786e+01  3.650000e+01
   endloop
 endfacet
 facet normal  2.805512e-01  9.598391e-01  0.000000e+00
   outer loop
     vertex  7.855259e+01  5.689065e+01  3.900000e+01
     vertex  7.863057e+01  5.686786e+01  3.650000e+01
     vertex  7.855259e+01  5.689065e+01  3.650000e+01
   endloop
 endfacet
 facet normal  2.544564e-01  9.670842e-01 -5.182311e-19
   outer loop
     vertex  7.847401e+01  5.691132e+01  3.900000e+01
     vertex  7.855259e+01  5.689065e+01  3.900000e+01
     vertex  7.855259e+01  5.689065e+01  3.650000e+01
   endloop
 endfacet
 facet normal  2.544564e-01  9.670842e-01  0.000000e+00
   outer loop
     vertex  7.847401e+01  5.691132e+01  3.900000e+01
     vertex  7.855259e+01  5.689065e+01  3.650000e+01
     vertex  7.847401e+01  5.691132e+01  3.650000e+01
   endloop
 endfacet
 facet normal  2.281751e-01  9.736201e-01  2.678502e-19
   outer loop
     vertex  7.839491e+01  5.692986e+01  3.900000e+01
     vertex  7.847401e+01  5.691132e+01  3.900000e+01
     vertex  7.847401e+01  5.691132e+01  3.650000e+01
   endloop
 endfacet
 facet normal  2.281751e-01  9.736201e-01  0.000000e+00
   outer loop
     vertex  7.839491e+01  5.692986e+01  3.900000e+01
     vertex  7.847401e+01  5.691132e+01  3.650000e+01
     vertex  7.839491e+01  5.692986e+01  3.650000e+01
   endloop
 endfacet
 facet normal  2.017264e-01  9.794419e-01 -3.429111e-19
   outer loop
     vertex  7.831534e+01  5.694625e+01  3.900000e+01
     vertex  7.839491e+01  5.692986e+01  3.900000e+01
     vertex  7.839491e+01  5.692986e+01  3.650000e+01
   endloop
 endfacet
 facet normal  2.017264e-01  9.794419e-01  0.000000e+00
   outer loop
     vertex  7.831534e+01  5.694625e+01  3.900000e+01
     vertex  7.839491e+01  5.692986e+01  3.650000e+01
     vertex  7.831534e+01  5.694625e+01  3.650000e+01
   endloop
 endfacet
 facet normal  1.751297e-01  9.845454e-01  0.000000e+00
   outer loop
     vertex  7.831534e+01  5.694625e+01  3.900000e+01
     vertex  7.831534e+01  5.694625e+01  3.650000e+01
     vertex  7.823535e+01  5.696048e+01  3.650000e+01
   endloop
 endfacet
 facet normal  1.751297e-01  9.845454e-01  0.000000e+00
   outer loop
     vertex  7.823535e+01  5.696048e+01  3.900000e+01
     vertex  7.831534e+01  5.694625e+01  3.900000e+01
     vertex  7.823535e+01  5.696048e+01  3.650000e+01
   endloop
 endfacet
 facet normal  1.484046e-01  9.889267e-01 -9.571562e-20
   outer loop
     vertex  7.815500e+01  5.697254e+01  3.900000e+01
     vertex  7.823535e+01  5.696048e+01  3.900000e+01
     vertex  7.823535e+01  5.696048e+01  3.650000e+01
   endloop
 endfacet
 facet normal  1.484046e-01  9.889267e-01  0.000000e+00
   outer loop
     vertex  7.815500e+01  5.697254e+01  3.900000e+01
     vertex  7.823535e+01  5.696048e+01  3.650000e+01
     vertex  7.815500e+01  5.697254e+01  3.650000e+01
   endloop
 endfacet
 facet normal  1.215707e-01  9.925828e-01  0.000000e+00
   outer loop
     vertex  7.815500e+01  5.697254e+01  3.900000e+01
     vertex  7.815500e+01  5.697254e+01  3.650000e+01
     vertex  7.807436e+01  5.698241e+01  3.650000e+01
   endloop
 endfacet
 facet normal  1.215707e-01  9.925828e-01  0.000000e+00
   outer loop
     vertex  7.807436e+01  5.698241e+01  3.900000e+01
     vertex  7.815500e+01  5.697254e+01  3.900000e+01
     vertex  7.807436e+01  5.698241e+01  3.650000e+01
   endloop
 endfacet
 facet normal  9.464755e-02  9.955108e-01  0.000000e+00
   outer loop
     vertex  7.807436e+01  5.698241e+01  3.900000e+01
     vertex  7.807436e+01  5.698241e+01  3.650000e+01
     vertex  7.799348e+01  5.699010e+01  3.650000e+01
   endloop
 endfacet
 facet normal  9.464755e-02  9.955108e-01  0.000000e+00
   outer loop
     vertex  7.799348e+01  5.699010e+01  3.900000e+01
     vertex  7.807436e+01  5.698241e+01  3.900000e+01
     vertex  7.799348e+01  5.699010e+01  3.650000e+01
   endloop
 endfacet
 facet normal  6.765502e-02  9.977088e-01 -1.112013e-19
   outer loop
     vertex  7.791242e+01  5.699560e+01  3.900000e+01
     vertex  7.799348e+01  5.699010e+01  3.900000e+01
     vertex  7.799348e+01  5.699010e+01  3.650000e+01
   endloop
 endfacet
 facet normal  6.765502e-02  9.977088e-01  0.000000e+00
   outer loop
     vertex  7.791242e+01  5.699560e+01  3.900000e+01
     vertex  7.799348e+01  5.699010e+01  3.650000e+01
     vertex  7.791242e+01  5.699560e+01  3.650000e+01
   endloop
 endfacet
 facet normal  4.061287e-02  9.991750e-01  0.000000e+00
   outer loop
     vertex  7.791242e+01  5.699560e+01  3.900000e+01
     vertex  7.791242e+01  5.699560e+01  3.650000e+01
     vertex  7.783124e+01  5.699890e+01  3.650000e+01
   endloop
 endfacet
 facet normal  4.061287e-02  9.991750e-01  0.000000e+00
   outer loop
     vertex  7.783124e+01  5.699890e+01  3.900000e+01
     vertex  7.791242e+01  5.699560e+01  3.900000e+01
     vertex  7.783124e+01  5.699890e+01  3.650000e+01
   endloop
 endfacet
 facet normal  1.354093e-02  9.999083e-01 -3.063273e-20
   outer loop
     vertex  7.775000e+01  5.700000e+01  3.900000e+01
     vertex  7.783124e+01  5.699890e+01  3.900000e+01
     vertex  7.783124e+01  5.699890e+01  3.650000e+01
   endloop
 endfacet
 facet normal  1.354093e-02  9.999083e-01  0.000000e+00
   outer loop
     vertex  7.775000e+01  5.700000e+01  3.900000e+01
     vertex  7.783124e+01  5.699890e+01  3.650000e+01
     vertex  7.775000e+01  5.700000e+01  3.650000e+01
   endloop
 endfacet
 facet normal  1.000000e+00  0.000000e+00  0.000000e+00
   outer loop
     vertex  8.075000e+01  5.000000e-01  3.900000e+01
     vertex  8.075000e+01  5.000000e-01  3.650000e+01
     vertex  8.075000e+01  5.400000e+01  3.650000e+01
   endloop
 endfacet
 facet normal  1.000000e+00 -0.000000e+00  0.000000e+00
   outer loop
     vertex  8.075000e+01  5.000000e-01  3.900000e+01
     vertex  8.075000e+01  5.400000e+01  3.650000e+01
     vertex  8.075000e+01  5.400000e+01  3.900000e+01
   endloop
 endfacet
 facet normal  0.000000e+00 -1.000000e+00 -0.000000e+00
   outer loop
     vertex  7.805000e+01  2.000000e-01  3.650000e+01
     vertex  2.000000e-01  2.000000e-01  3.350000e+01
     vertex  7.805000e+01  2.000000e-01  3.350000e+01
   endloop
 endfacet
 facet normal -0.000000e+00 -1.000000e+00  0.000000e+00
   outer loop
     vertex  7.805000e+01  2.000000e-01  3.650000e+01
     vertex  2.000000e-01  2.000000e-01  3.650000e+01
     vertex  2.000000e-01  2.000000e-01  3.350000e+01
   endloop
 endfacet
 facet normal  1.000000e+00  0.000000e+00  0.000000e+00
   outer loop
     vertex  7.805000e+01  2.000000e-01  3.350000e+01
     vertex  7.805000e+01  2.425000e+01  3.350000e+01
     vertex  7.805000e+01  2.425000e+01  3.650000e+01
   endloop
 endfacet
 facet normal  1.000000e+00 -0.000000e+00  0.000000e+00
   outer loop
     vertex  7.805000e+01  2.000000e-01  3.650000e+01
     vertex  7.805000e+01  2.000000e-01  3.350000e+01
     vertex  7.805000e+01  2.425000e+01  3.650000e+01
   endloop
 endfacet
 facet normal  0.000000e+00  1.000000e+00  0.000000e+00
   outer loop
     vertex  7.805000e+01  2.425000e+01  3.650000e+01
     vertex  7.805000e+01  2.425000e+01  3.350000e+01
     vertex  7.655000e+01  2.425000e+01  3.350000e+01
   endloop
 endfacet
 facet normal  0.000000e+00  1.000000e+00  0.000000e+00
   outer loop
     vertex  7.805000e+01  2.425000e+01  3.650000e+01
     vertex  7.655000e+01  2.425000e+01  3.350000e+01
     vertex  7.655000e+01  2.425000e+01  3.650000e+01
   endloop
 endfacet
 facet normal -1.000000e+00  0.000000e+00  0.000000e+00
   outer loop
     vertex  7.655000e+01  1.700000e+00  3.650000e+01
     vertex  7.655000e+01  2.425000e+01  3.350000e+01
     vertex  7.655000e+01  1.700000e+00  3.350000e+01
   endloop
 endfacet
 facet normal -1.000000e+00  0.000000e+00  0.000000e+00
   outer loop
     vertex  7.655000e+01  1.700000e+00  3.650000e+01
     vertex  7.655000e+01  2.425000e+01  3.650000e+01
     vertex  7.655000e+01  2.425000e+01  3.350000e+01
   endloop
 endfacet
 facet normal  0.000000e+00  1.000000e+00  0.000000e+00
   outer loop
     vertex  7.655000e+01  1.700000e+00  3.350000e+01
     vertex  1.700000e+00  1.700000e+00  3.350000e+01
     vertex  1.700000e+00  1.700000e+00  3.650000e+01
   endloop
 endfacet
 facet normal  0.000000e+00  1.000000e+00  0.000000e+00
   outer loop
     vertex  7.655000e+01  1.700000e+00  3.650000e+01
     vertex  7.655000e+01  1.700000e+00  3.350000e+01
     vertex  1.700000e+00  1.700000e+00  3.650000e+01
   endloop
 endfacet
 facet normal  1.000000e+00  0.000000e+00  0.000000e+00
   outer loop
     vertex  1.700000e+00  1.700000e+00  3.350000e+01
     vertex  1.700000e+00  5.280000e+01  3.350000e+01
     vertex  1.700000e+00  5.280000e+01  3.650000e+01
   endloop
 endfacet
 facet normal  1.000000e+00 -0.000000e+00  0.000000e+00
   outer loop
     vertex  1.700000e+00  1.700000e+00  3.650000e+01
     vertex  1.700000e+00  1.700000e+00  3.350000e+01
     vertex  1.700000e+00  5.280000e+01  3.650000e+01
   endloop
 endfacet
 facet normal  0.000000e+00 -1.000000e+00  0.000000e+00
   outer loop
     vertex  7.655000e+01  5.280000e+01  3.350000e+01
     vertex  1.700000e+00  5.280000e+01  3.650000e+01
     vertex  1.700000e+00  5.280000e+01  3.350000e+01
   endloop
 endfacet
 facet normal -0.000000e+00 -1.000000e+00 -0.000000e+00
   outer loop
     vertex  7.655000e+01  5.280000e+01  3.650000e+01
     vertex  1.700000e+00  5.280000e+01  3.650000e+01
     vertex  7.655000e+01  5.280000e+01  3.350000e+01
   endloop
 endfacet
 facet normal -1.000000e+00  0.000000e+00  0.000000e+00
   outer loop
     vertex  7.655000e+01  3.025000e+01  3.350000e+01
     vertex  7.655000e+01  5.280000e+01  3.650000e+01
     vertex  7.655000e+01  5.280000e+01  3.350000e+01
   endloop
 endfacet
 facet normal -1.000000e+00  0.000000e+00  0.000000e+00
   outer loop
     vertex  7.655000e+01  3.025000e+01  3.650000e+01
     vertex  7.655000e+01  5.280000e+01  3.650000e+01
     vertex  7.655000e+01  3.025000e+01  3.350000e+01
   endloop
 endfacet
 facet normal  0.000000e+00 -1.000000e+00 -0.000000e+00
   outer loop
     vertex  7.805000e+01  3.025000e+01  3.650000e+01
     vertex  7.655000e+01  3.025000e+01  3.350000e+01
     vertex  7.805000e+01  3.025000e+01  3.350000e+01
   endloop
 endfacet
 facet normal -0.000000e+00 -1.000000e+00  0.000000e+00
   outer loop
     vertex  7.805000e+01  3.025000e+01  3.650000e+01
     vertex  7.655000e+01  3.025000e+01  3.650000e+01
     vertex  7.655000e+01  3.025000e+01  3.350000e+01
   endloop
 endfacet
 facet normal  1.000000e+00  0.000000e+00  0.000000e+00
   outer loop
     vertex  7.805000e+01  3.025000e+01  3.650000e+01
     vertex  7.805000e+01  3.025000e+01  3.350000e+01
     vertex  7.805000e+01  5.430000e+01  3.350000e+01
   endloop
 endfacet
 facet normal  1.000000e+00 -0.000000e+00  0.000000e+00
   outer loop
     vertex  7.805000e+01  3.025000e+01  3.650000e+01
     vertex  7.805000e+01  5.430000e+01  3.350000e+01
     vertex  7.805000e+01  5.430000e+01  3.650000e+01
   endloop
 endfacet
 facet normal  0.000000e+00  1.000000e+00  0.000000e+00
   outer loop
     vertex  7.805000e+01  5.430000e+01  3.650000e+01
     vertex  7.805000e+01  5.430000e+01  3.350000e+01
     vertex  2.000000e-01  5.430000e+01  3.350000e+01
   endloop
 endfacet
 facet normal  0.000000e+00  1.000000e+00  0.000000e+00
   outer loop
     vertex  7.805000e+01  5.430000e+01  3.650000e+01
     vertex  2.000000e-01  5.430000e+01  3.350000e+01
     vertex  2.000000e-01  5.430000e+01  3.650000e+01
   endloop
 endfacet
 facet normal -1.000000e+00  0.000000e+00  0.000000e+00
   outer loop
     vertex  2.000000e-01  2.000000e-01  3.650000e+01
     vertex  2.000000e-01  5.430000e+01  3.350000e+01
     vertex  2.000000e-01  2.000000e-01  3.350000e+01
   endloop
 endfacet
 facet normal -1.000000e+00  0.000000e+00  0.000000e+00
   outer loop
     vertex  2.000000e-01  2.000000e-01  3.650000e+01
     vertex  2.000000e-01  5.430000e+01  3.650000e+01
     vertex  2.000000e-01  5.430000e+01  3.350000e+01
   endloop
 endfacet
 facet normal  0.000000e+00  0.000000e+00 -1.000000e+00
   outer loop
     vertex  2.000000e-01  5.430000e+01  3.350000e+01
     vertex  1.700000e+00  1.700000e+00  3.350000e+01
     vertex  2.000000e-01  2.000000e-01  3.350000e+01
   endloop
 endfacet
 facet normal -0.000000e+00 -0.000000e+00 -1.000000e+00
   outer loop
     vertex  1.700000e+00  5.280000e+01  3.350000e+01
     vertex  1.700000e+00  1.700000e+00  3.350000e+01
     vertex  2.000000e-01  5.430000e+01  3.350000e+01
   endloop
 endfacet
 facet normal  0.000000e+00  0.000000e+00 -1.000000e+00
   outer loop
     vertex  7.805000e+01  2.000000e-01  3.350000e+01
     vertex  1.700000e+00  1.700000e+00  3.350000e+01
     vertex  7.655000e+01  1.700000e+00  3.350000e+01
   endloop
 endfacet
 facet normal  0.000000e+00  0.000000e+00 -1.000000e+00
   outer loop
     vertex  7.805000e+01  2.000000e-01  3.350000e+01
     vertex  2.000000e-01  2.000000e-01  3.350000e+01
     vertex  1.700000e+00  1.700000e+00  3.350000e+01
   endloop
 endfacet
 facet normal -0.000000e+00  0.000000e+00 -1.000000e+00
   outer loop
     vertex  7.805000e+01  2.425000e+01  3.350000e+01
     vertex  7.655000e+01  1.700000e+00  3.350000e+01
     vertex  7.655000e+01  2.425000e+01  3.350000e+01
   endloop
 endfacet
 facet normal  0.000000e+00 -0.000000e+00 -1.000000e+00
   outer loop
     vertex  7.805000e+01  2.425000e+01  3.350000e+01
     vertex  7.805000e+01  2.000000e-01  3.350000e+01
     vertex  7.655000e+01  1.700000e+00  3.350000e+01
   endloop
 endfacet
 facet normal  0.000000e+00  0.000000e+00 -1.000000e+00
   outer loop
     vertex  7.655000e+01  5.280000e+01  3.350000e+01
     vertex  7.805000e+01  3.025000e+01  3.350000e+01
     vertex  7.655000e+01  3.025000e+01  3.350000e+01
   endloop
 endfacet
 facet normal  0.000000e+00 -0.000000e+00 -1.000000e+00
   outer loop
     vertex  7.805000e+01  5.430000e+01  3.350000e+01
     vertex  7.805000e+01  3.025000e+01  3.350000e+01
     vertex  7.655000e+01  5.280000e+01  3.350000e+01
   endloop
 endfacet
 facet normal -0.000000e+00  0.000000e+00 -1.000000e+00
   outer loop
     vertex  7.805000e+01  5.430000e+01  3.350000e+01
     vertex  1.700000e+00  5.280000e+01  3.350000e+01
     vertex  2.000000e-01  5.430000e+01  3.350000e+01
   endloop
 endfacet
 facet normal  0.000000e+00  0.000000e+00 -1.000000e+00
   outer loop
     vertex  7.805000e+01  5.430000e+01  3.350000e+01
     vertex  7.655000e+01  5.280000e+01  3.350000e+01
     vertex  1.700000e+00  5.280000e+01  3.350000e+01
   endloop
 endfacet
endsolid
