solid 
 facet normal -1.000000e+00  0.000000e+00  0.000000e+00
   outer loop
     vertex -2.500000e+00  5.000000e-01  3.650000e+01
     vertex -2.500000e+00  5.400000e+01 -2.500000e+00
     vertex -2.500000e+00  5.000000e-01 -2.500000e+00
   endloop
 endfacet
 facet normal -1.000000e+00  0.000000e+00  0.000000e+00
   outer loop
     vertex -2.500000e+00  5.000000e-01  3.650000e+01
     vertex -2.500000e+00  5.400000e+01  3.650000e+01
     vertex -2.500000e+00  5.400000e+01 -2.500000e+00
   endloop
 endfacet
 facet normal  0.000000e+00  0.000000e+00  1.000000e+00
   outer loop
     vertex  0.000000e+00  0.000000e+00  3.650000e+01
     vertex -2.500000e+00  5.000000e-01  3.650000e+01
     vertex -2.498900e+00  4.187618e-01  3.650000e+01
   endloop
 endfacet
 facet normal  0.000000e+00  0.000000e+00  1.000000e+00
   outer loop
     vertex  0.000000e+00  0.000000e+00  3.650000e+01
     vertex -2.498900e+00  4.187618e-01  3.650000e+01
     vertex -2.495600e+00  3.375833e-01  3.650000e+01
   endloop
 endfacet
 facet normal  0.000000e+00  0.000000e+00  1.000000e+00
   outer loop
     vertex  0.000000e+00  0.000000e+00  3.650000e+01
     vertex -2.495600e+00  3.375833e-01  3.650000e+01
     vertex -2.490104e+00  2.565238e-01  3.650000e+01
   endloop
 endfacet
 facet normal  0.000000e+00  0.000000e+00  1.000000e+00
   outer loop
     vertex  0.000000e+00  0.000000e+00  3.650000e+01
     vertex -2.490104e+00  2.565238e-01  3.650000e+01
     vertex -2.482414e+00  1.756429e-01  3.650000e+01
   endloop
 endfacet
 facet normal  0.000000e+00  0.000000e+00  1.000000e+00
   outer loop
     vertex  0.000000e+00  0.000000e+00  3.650000e+01
     vertex -2.482414e+00  1.756429e-01  3.650000e+01
     vertex -2.472537e+00  9.499996e-02  3.650000e+01
   endloop
 endfacet
 facet normal  0.000000e+00  0.000000e+00  1.000000e+00
   outer loop
     vertex  0.000000e+00  0.000000e+00  3.650000e+01
     vertex -2.472537e+00  9.499996e-02  3.650000e+01
     vertex -2.460480e+00  1.465401e-02  3.650000e+01
   endloop
 endfacet
 facet normal  0.000000e+00  0.000000e+00  1.000000e+00
   outer loop
     vertex  0.000000e+00  0.000000e+00  3.650000e+01
     vertex -2.460480e+00  1.465401e-02  3.650000e+01
     vertex -2.446251e+00 -6.533597e-02  3.650000e+01
   endloop
 endfacet
 facet normal  0.000000e+00  0.000000e+00  1.000000e+00
   outer loop
     vertex  0.000000e+00  0.000000e+00  3.650000e+01
     vertex -2.446251e+00 -6.533597e-02  3.650000e+01
     vertex -2.429862e+00 -1.449113e-01  3.650000e+01
   endloop
 endfacet
 facet normal  0.000000e+00  0.000000e+00  1.000000e+00
   outer loop
     vertex  0.000000e+00  0.000000e+00  3.650000e+01
     vertex -2.429862e+00 -1.449113e-01  3.650000e+01
     vertex -2.411323e+00 -2.240137e-01  3.650000e+01
   endloop
 endfacet
 facet normal  0.000000e+00  0.000000e+00  1.000000e+00
   outer loop
     vertex  0.000000e+00  0.000000e+00  3.650000e+01
     vertex -2.411323e+00 -2.240137e-01  3.650000e+01
     vertex -2.390650e+00 -3.025850e-01  3.650000e+01
   endloop
 endfacet
 facet normal  0.000000e+00  0.000000e+00  1.000000e+00
   outer loop
     vertex  0.000000e+00  0.000000e+00  3.650000e+01
     vertex -2.390650e+00 -3.025850e-01  3.650000e+01
     vertex -2.367856e+00 -3.805677e-01  3.650000e+01
   endloop
 endfacet
 facet normal  0.000000e+00  0.000000e+00  1.000000e+00
   outer loop
     vertex  0.000000e+00  0.000000e+00  3.650000e+01
     vertex -2.367856e+00 -3.805677e-01  3.650000e+01
     vertex -2.342960e+00 -4.579046e-01  3.650000e+01
   endloop
 endfacet
 facet normal  0.000000e+00  0.000000e+00  1.000000e+00
   outer loop
     vertex  0.000000e+00  0.000000e+00  3.650000e+01
     vertex -2.342960e+00 -4.579046e-01  3.650000e+01
     vertex -2.315977e+00 -5.345389e-01  3.650000e+01
   endloop
 endfacet
 facet normal  0.000000e+00  0.000000e+00  1.000000e+00
   outer loop
     vertex  0.000000e+00  0.000000e+00  3.650000e+01
     vertex -2.315977e+00 -5.345389e-01  3.650000e+01
     vertex -2.286930e+00 -6.104145e-01  3.650000e+01
   endloop
 endfacet
 facet normal  0.000000e+00  0.000000e+00  1.000000e+00
   outer loop
     vertex  0.000000e+00  0.000000e+00  3.650000e+01
     vertex -2.286930e+00 -6.104145e-01  3.650000e+01
     vertex -2.255839e+00 -6.854756e-01  3.650000e+01
   endloop
 endfacet
 facet normal  0.000000e+00  0.000000e+00  1.000000e+00
   outer loop
     vertex  0.000000e+00  0.000000e+00  3.650000e+01
     vertex -2.255839e+00 -6.854756e-01  3.650000e+01
     vertex -2.222726e+00 -7.596673e-01  3.650000e+01
   endloop
 endfacet
 facet normal  0.000000e+00  0.000000e+00  1.000000e+00
   outer loop
     vertex  0.000000e+00  0.000000e+00  3.650000e+01
     vertex -2.222726e+00 -7.596673e-01  3.650000e+01
     vertex -2.187617e+00 -8.329351e-01  3.650000e+01
   endloop
 endfacet
 facet normal  0.000000e+00  0.000000e+00  1.000000e+00
   outer loop
     vertex  0.000000e+00  0.000000e+00  3.650000e+01
     vertex -2.187617e+00 -8.329351e-01  3.650000e+01
     vertex -2.150536e+00 -9.052253e-01  3.650000e+01
   endloop
 endfacet
 facet normal  0.000000e+00  0.000000e+00  1.000000e+00
   outer loop
     vertex  0.000000e+00  0.000000e+00  3.650000e+01
     vertex -2.150536e+00 -9.052253e-01  3.650000e+01
     vertex -2.111512e+00 -9.764849e-01  3.650000e+01
   endloop
 endfacet
 facet normal  0.000000e+00  0.000000e+00  1.000000e+00
   outer loop
     vertex  0.000000e+00  0.000000e+00  3.650000e+01
     vertex -2.111512e+00 -9.764849e-01  3.650000e+01
     vertex -2.070572e+00 -1.046662e+00  3.650000e+01
   endloop
 endfacet
 facet normal  0.000000e+00  0.000000e+00  1.000000e+00
   outer loop
     vertex  0.000000e+00  0.000000e+00  3.650000e+01
     vertex -2.070572e+00 -1.046662e+00  3.650000e+01
     vertex -2.027746e+00 -1.115704e+00  3.650000e+01
   endloop
 endfacet
 facet normal  0.000000e+00  0.000000e+00  1.000000e+00
   outer loop
     vertex  0.000000e+00  0.000000e+00  3.650000e+01
     vertex -2.027746e+00 -1.115704e+00  3.650000e+01
     vertex -1.983067e+00 -1.183561e+00  3.650000e+01
   endloop
 endfacet
 facet normal  0.000000e+00  0.000000e+00  1.000000e+00
   outer loop
     vertex  0.000000e+00  0.000000e+00  3.650000e+01
     vertex -1.983067e+00 -1.183561e+00  3.650000e+01
     vertex -1.936567e+00 -1.250184e+00  3.650000e+01
   endloop
 endfacet
 facet normal  0.000000e+00  0.000000e+00  1.000000e+00
   outer loop
     vertex  0.000000e+00  0.000000e+00  3.650000e+01
     vertex -1.936567e+00 -1.250184e+00  3.650000e+01
     vertex -1.888279e+00 -1.315523e+00  3.650000e+01
   endloop
 endfacet
 facet normal  0.000000e+00  0.000000e+00  1.000000e+00
   outer loop
     vertex  0.000000e+00  0.000000e+00  3.650000e+01
     vertex -1.888279e+00 -1.315523e+00  3.650000e+01
     vertex -1.838240e+00 -1.379530e+00  3.650000e+01
   endloop
 endfacet
 facet normal  0.000000e+00  0.000000e+00  1.000000e+00
   outer loop
     vertex  0.000000e+00  0.000000e+00  3.650000e+01
     vertex -1.838240e+00 -1.379530e+00  3.650000e+01
     vertex -1.786486e+00 -1.442159e+00  3.650000e+01
   endloop
 endfacet
 facet normal  0.000000e+00  0.000000e+00  1.000000e+00
   outer loop
     vertex  0.000000e+00  0.000000e+00  3.650000e+01
     vertex -1.786486e+00 -1.442159e+00  3.650000e+01
     vertex -1.733055e+00 -1.503363e+00  3.650000e+01
   endloop
 endfacet
 facet normal  0.000000e+00  0.000000e+00  1.000000e+00
   outer loop
     vertex  0.000000e+00  0.000000e+00  3.650000e+01
     vertex -1.733055e+00 -1.503363e+00  3.650000e+01
     vertex -1.677986e+00 -1.563098e+00  3.650000e+01
   endloop
 endfacet
 facet normal  0.000000e+00  0.000000e+00  1.000000e+00
   outer loop
     vertex  0.000000e+00  0.000000e+00  3.650000e+01
     vertex -1.677986e+00 -1.563098e+00  3.650000e+01
     vertex -1.621320e+00 -1.621320e+00  3.650000e+01
   endloop
 endfacet
 facet normal  0.000000e+00  0.000000e+00  1.000000e+00
   outer loop
     vertex  0.000000e+00  0.000000e+00  3.650000e+01
     vertex -1.621320e+00 -1.621320e+00  3.650000e+01
     vertex -1.563098e+00 -1.677986e+00  3.650000e+01
   endloop
 endfacet
 facet normal  0.000000e+00  0.000000e+00  1.000000e+00
   outer loop
     vertex  0.000000e+00  0.000000e+00  3.650000e+01
     vertex -1.563098e+00 -1.677986e+00  3.650000e+01
     vertex -1.503363e+00 -1.733055e+00  3.650000e+01
   endloop
 endfacet
 facet normal  0.000000e+00  0.000000e+00  1.000000e+00
   outer loop
     vertex  0.000000e+00  0.000000e+00  3.650000e+01
     vertex -1.503363e+00 -1.733055e+00  3.650000e+01
     vertex -1.442159e+00 -1.786486e+00  3.650000e+01
   endloop
 endfacet
 facet normal  0.000000e+00  0.000000e+00  1.000000e+00
   outer loop
     vertex  0.000000e+00  0.000000e+00  3.650000e+01
     vertex -1.442159e+00 -1.786486e+00  3.650000e+01
     vertex -1.379530e+00 -1.838240e+00  3.650000e+01
   endloop
 endfacet
 facet normal  0.000000e+00  0.000000e+00  1.000000e+00
   outer loop
     vertex  0.000000e+00  0.000000e+00  3.650000e+01
     vertex -1.379530e+00 -1.838240e+00  3.650000e+01
     vertex -1.315523e+00 -1.888279e+00  3.650000e+01
   endloop
 endfacet
 facet normal  0.000000e+00  0.000000e+00  1.000000e+00
   outer loop
     vertex  0.000000e+00  0.000000e+00  3.650000e+01
     vertex -1.315523e+00 -1.888279e+00  3.650000e+01
     vertex -1.250184e+00 -1.936567e+00  3.650000e+01
   endloop
 endfacet
 facet normal  0.000000e+00  0.000000e+00  1.000000e+00
   outer loop
     vertex  0.000000e+00  0.000000e+00  3.650000e+01
     vertex -1.250184e+00 -1.936567e+00  3.650000e+01
     vertex -1.183561e+00 -1.983067e+00  3.650000e+01
   endloop
 endfacet
 facet normal  0.000000e+00  0.000000e+00  1.000000e+00
   outer loop
     vertex  0.000000e+00  0.000000e+00  3.650000e+01
     vertex -1.183561e+00 -1.983067e+00  3.650000e+01
     vertex -1.115704e+00 -2.027746e+00  3.650000e+01
   endloop
 endfacet
 facet normal  0.000000e+00  0.000000e+00  1.000000e+00
   outer loop
     vertex  0.000000e+00  0.000000e+00  3.650000e+01
     vertex -1.115704e+00 -2.027746e+00  3.650000e+01
     vertex -1.046662e+00 -2.070572e+00  3.650000e+01
   endloop
 endfacet
 facet normal  0.000000e+00  0.000000e+00  1.000000e+00
   outer loop
     vertex  0.000000e+00  0.000000e+00  3.650000e+01
     vertex -1.046662e+00 -2.070572e+00  3.650000e+01
     vertex -9.764849e-01 -2.111512e+00  3.650000e+01
   endloop
 endfacet
 facet normal  0.000000e+00  0.000000e+00  1.000000e+00
   outer loop
     vertex  0.000000e+00  0.000000e+00  3.650000e+01
     vertex -9.764849e-01 -2.111512e+00  3.650000e+01
     vertex -9.052253e-01 -2.150536e+00  3.650000e+01
   endloop
 endfacet
 facet normal  0.000000e+00  0.000000e+00  1.000000e+00
   outer loop
     vertex  0.000000e+00  0.000000e+00  3.650000e+01
     vertex -9.052253e-01 -2.150536e+00  3.650000e+01
     vertex -8.329351e-01 -2.187617e+00  3.650000e+01
   endloop
 endfacet
 facet normal  0.000000e+00  0.000000e+00  1.000000e+00
   outer loop
     vertex  0.000000e+00  0.000000e+00  3.650000e+01
     vertex -8.329351e-01 -2.187617e+00  3.650000e+01
     vertex -7.596673e-01 -2.222726e+00  3.650000e+01
   endloop
 endfacet
 facet normal  0.000000e+00  0.000000e+00  1.000000e+00
   outer loop
     vertex  0.000000e+00  0.000000e+00  3.650000e+01
     vertex -7.596673e-01 -2.222726e+00  3.650000e+01
     vertex -6.854756e-01 -2.255839e+00  3.650000e+01
   endloop
 endfacet
 facet normal  0.000000e+00  0.000000e+00  1.000000e+00
   outer loop
     vertex  0.000000e+00  0.000000e+00  3.650000e+01
     vertex -6.854756e-01 -2.255839e+00  3.650000e+01
     vertex -6.104145e-01 -2.286930e+00  3.650000e+01
   endloop
 endfacet
 facet normal  0.000000e+00  0.000000e+00  1.000000e+00
   outer loop
     vertex  0.000000e+00  0.000000e+00  3.650000e+01
     vertex -6.104145e-01 -2.286930e+00  3.650000e+01
     vertex -5.345389e-01 -2.315977e+00  3.650000e+01
   endloop
 endfacet
 facet normal  0.000000e+00  0.000000e+00  1.000000e+00
   outer loop
     vertex  0.000000e+00  0.000000e+00  3.650000e+01
     vertex -5.345389e-01 -2.315977e+00  3.650000e+01
     vertex -4.579046e-01 -2.342960e+00  3.650000e+01
   endloop
 endfacet
 facet normal  0.000000e+00  0.000000e+00  1.000000e+00
   outer loop
     vertex  0.000000e+00  0.000000e+00  3.650000e+01
     vertex -4.579046e-01 -2.342960e+00  3.650000e+01
     vertex -3.805677e-01 -2.367856e+00  3.650000e+01
   endloop
 endfacet
 facet normal  0.000000e+00  0.000000e+00  1.000000e+00
   outer loop
     vertex  0.000000e+00  0.000000e+00  3.650000e+01
     vertex -3.805677e-01 -2.367856e+00  3.650000e+01
     vertex -3.025850e-01 -2.390650e+00  3.650000e+01
   endloop
 endfacet
 facet normal  0.000000e+00  0.000000e+00  1.000000e+00
   outer loop
     vertex  0.000000e+00  0.000000e+00  3.650000e+01
     vertex -3.025850e-01 -2.390650e+00  3.650000e+01
     vertex -2.240137e-01 -2.411323e+00  3.650000e+01
   endloop
 endfacet
 facet normal  0.000000e+00  0.000000e+00  1.000000e+00
   outer loop
     vertex  0.000000e+00  0.000000e+00  3.650000e+01
     vertex -2.240137e-01 -2.411323e+00  3.650000e+01
     vertex -1.449113e-01 -2.429862e+00  3.650000e+01
   endloop
 endfacet
 facet normal  0.000000e+00  0.000000e+00  1.000000e+00
   outer loop
     vertex  0.000000e+00  0.000000e+00  3.650000e+01
     vertex -1.449113e-01 -2.429862e+00  3.650000e+01
     vertex -6.533597e-02 -2.446251e+00  3.650000e+01
   endloop
 endfacet
 facet normal  0.000000e+00  0.000000e+00  1.000000e+00
   outer loop
     vertex  0.000000e+00  0.000000e+00  3.650000e+01
     vertex -6.533597e-02 -2.446251e+00  3.650000e+01
     vertex  1.465401e-02 -2.460480e+00  3.650000e+01
   endloop
 endfacet
 facet normal  0.000000e+00  0.000000e+00  1.000000e+00
   outer loop
     vertex  0.000000e+00  0.000000e+00  3.650000e+01
     vertex  1.465401e-02 -2.460480e+00  3.650000e+01
     vertex  9.499996e-02 -2.472537e+00  3.650000e+01
   endloop
 endfacet
 facet normal  0.000000e+00  0.000000e+00  1.000000e+00
   outer loop
     vertex  0.000000e+00  0.000000e+00  3.650000e+01
     vertex  9.499996e-02 -2.472537e+00  3.650000e+01
     vertex  1.756429e-01 -2.482414e+00  3.650000e+01
   endloop
 endfacet
 facet normal  0.000000e+00  0.000000e+00  1.000000e+00
   outer loop
     vertex  0.000000e+00  0.000000e+00  3.650000e+01
     vertex  1.756429e-01 -2.482414e+00  3.650000e+01
     vertex  2.565238e-01 -2.490104e+00  3.650000e+01
   endloop
 endfacet
 facet normal  0.000000e+00  0.000000e+00  1.000000e+00
   outer loop
     vertex  0.000000e+00  0.000000e+00  3.650000e+01
     vertex  2.565238e-01 -2.490104e+00  3.650000e+01
     vertex  3.375833e-01 -2.495600e+00  3.650000e+01
   endloop
 endfacet
 facet normal  0.000000e+00  0.000000e+00  1.000000e+00
   outer loop
     vertex  0.000000e+00  0.000000e+00  3.650000e+01
     vertex  3.375833e-01 -2.495600e+00  3.650000e+01
     vertex  4.187618e-01 -2.498900e+00  3.650000e+01
   endloop
 endfacet
 facet normal  0.000000e+00  0.000000e+00  1.000000e+00
   outer loop
     vertex  0.000000e+00  0.000000e+00  3.650000e+01
     vertex  4.187618e-01 -2.498900e+00  3.650000e+01
     vertex  5.000000e-01 -2.500000e+00  3.650000e+01
   endloop
 endfacet
 facet normal  0.000000e+00  0.000000e+00  1.000000e+00
   outer loop
     vertex  0.000000e+00  5.450000e+01  3.650000e+01
     vertex -2.222726e+00  5.525967e+01  3.650000e+01
     vertex -2.255839e+00  5.518548e+01  3.650000e+01
   endloop
 endfacet
 facet normal  0.000000e+00  0.000000e+00  1.000000e+00
   outer loop
     vertex  0.000000e+00  5.450000e+01  3.650000e+01
     vertex -2.500000e+00  5.400000e+01  3.650000e+01
     vertex -2.500000e+00  5.000000e-01  3.650000e+01
   endloop
 endfacet
 facet normal  0.000000e+00  0.000000e+00  1.000000e+00
   outer loop
     vertex  0.000000e+00  5.450000e+01  3.650000e+01
     vertex -2.187617e+00  5.533294e+01  3.650000e+01
     vertex -2.222726e+00  5.525967e+01  3.650000e+01
   endloop
 endfacet
 facet normal  0.000000e+00  0.000000e+00  1.000000e+00
   outer loop
     vertex  0.000000e+00  5.450000e+01  3.650000e+01
     vertex -2.150536e+00  5.540523e+01  3.650000e+01
     vertex -2.187617e+00  5.533294e+01  3.650000e+01
   endloop
 endfacet
 facet normal  0.000000e+00  0.000000e+00  1.000000e+00
   outer loop
     vertex  0.000000e+00  5.450000e+01  3.650000e+01
     vertex -2.111512e+00  5.547648e+01  3.650000e+01
     vertex -2.150536e+00  5.540523e+01  3.650000e+01
   endloop
 endfacet
 facet normal  0.000000e+00  0.000000e+00  1.000000e+00
   outer loop
     vertex  0.000000e+00  5.450000e+01  3.650000e+01
     vertex -2.070572e+00  5.554666e+01  3.650000e+01
     vertex -2.111512e+00  5.547648e+01  3.650000e+01
   endloop
 endfacet
 facet normal  0.000000e+00  0.000000e+00  1.000000e+00
   outer loop
     vertex  0.000000e+00  5.450000e+01  3.650000e+01
     vertex -2.027746e+00  5.561570e+01  3.650000e+01
     vertex -2.070572e+00  5.554666e+01  3.650000e+01
   endloop
 endfacet
 facet normal  0.000000e+00  0.000000e+00  1.000000e+00
   outer loop
     vertex  0.000000e+00  5.450000e+01  3.650000e+01
     vertex -1.983067e+00  5.568356e+01  3.650000e+01
     vertex -2.027746e+00  5.561570e+01  3.650000e+01
   endloop
 endfacet
 facet normal  0.000000e+00  0.000000e+00  1.000000e+00
   outer loop
     vertex  0.000000e+00  5.450000e+01  3.650000e+01
     vertex -1.936567e+00  5.575018e+01  3.650000e+01
     vertex -1.983067e+00  5.568356e+01  3.650000e+01
   endloop
 endfacet
 facet normal  0.000000e+00  0.000000e+00  1.000000e+00
   outer loop
     vertex  0.000000e+00  5.450000e+01  3.650000e+01
     vertex -1.888279e+00  5.581552e+01  3.650000e+01
     vertex -1.936567e+00  5.575018e+01  3.650000e+01
   endloop
 endfacet
 facet normal  0.000000e+00  0.000000e+00  1.000000e+00
   outer loop
     vertex  0.000000e+00  5.450000e+01  3.650000e+01
     vertex -1.838240e+00  5.587953e+01  3.650000e+01
     vertex -1.888279e+00  5.581552e+01  3.650000e+01
   endloop
 endfacet
 facet normal  0.000000e+00  0.000000e+00  1.000000e+00
   outer loop
     vertex  0.000000e+00  5.450000e+01  3.650000e+01
     vertex -1.786486e+00  5.594216e+01  3.650000e+01
     vertex -1.838240e+00  5.587953e+01  3.650000e+01
   endloop
 endfacet
 facet normal  0.000000e+00  0.000000e+00  1.000000e+00
   outer loop
     vertex  0.000000e+00  5.450000e+01  3.650000e+01
     vertex -1.733055e+00  5.600336e+01  3.650000e+01
     vertex -1.786486e+00  5.594216e+01  3.650000e+01
   endloop
 endfacet
 facet normal  0.000000e+00  0.000000e+00  1.000000e+00
   outer loop
     vertex  0.000000e+00  5.450000e+01  3.650000e+01
     vertex -1.677986e+00  5.606310e+01  3.650000e+01
     vertex -1.733055e+00  5.600336e+01  3.650000e+01
   endloop
 endfacet
 facet normal  0.000000e+00  0.000000e+00  1.000000e+00
   outer loop
     vertex  0.000000e+00  5.450000e+01  3.650000e+01
     vertex -2.500000e+00  5.000000e-01  3.650000e+01
     vertex  0.000000e+00  0.000000e+00  3.650000e+01
   endloop
 endfacet
 facet normal  0.000000e+00  0.000000e+00  1.000000e+00
   outer loop
     vertex  0.000000e+00  5.450000e+01  3.650000e+01
     vertex -2.498900e+00  5.408124e+01  3.650000e+01
     vertex -2.500000e+00  5.400000e+01  3.650000e+01
   endloop
 endfacet
 facet normal  0.000000e+00  0.000000e+00  1.000000e+00
   outer loop
     vertex  0.000000e+00  5.450000e+01  3.650000e+01
     vertex -2.495600e+00  5.416242e+01  3.650000e+01
     vertex -2.498900e+00  5.408124e+01  3.650000e+01
   endloop
 endfacet
 facet normal  0.000000e+00  0.000000e+00  1.000000e+00
   outer loop
     vertex  0.000000e+00  5.450000e+01  3.650000e+01
     vertex -2.490104e+00  5.424348e+01  3.650000e+01
     vertex -2.495600e+00  5.416242e+01  3.650000e+01
   endloop
 endfacet
 facet normal  0.000000e+00  0.000000e+00  1.000000e+00
   outer loop
     vertex  0.000000e+00  5.450000e+01  3.650000e+01
     vertex -2.482414e+00  5.432436e+01  3.650000e+01
     vertex -2.490104e+00  5.424348e+01  3.650000e+01
   endloop
 endfacet
 facet normal  0.000000e+00  0.000000e+00  1.000000e+00
   outer loop
     vertex  0.000000e+00  5.450000e+01  3.650000e+01
     vertex -2.472537e+00  5.440500e+01  3.650000e+01
     vertex -2.482414e+00  5.432436e+01  3.650000e+01
   endloop
 endfacet
 facet normal  0.000000e+00  0.000000e+00  1.000000e+00
   outer loop
     vertex  0.000000e+00  5.450000e+01  3.650000e+01
     vertex -2.460480e+00  5.448535e+01  3.650000e+01
     vertex -2.472537e+00  5.440500e+01  3.650000e+01
   endloop
 endfacet
 facet normal  0.000000e+00  0.000000e+00  1.000000e+00
   outer loop
     vertex  0.000000e+00  5.450000e+01  3.650000e+01
     vertex -2.446251e+00  5.456534e+01  3.650000e+01
     vertex -2.460480e+00  5.448535e+01  3.650000e+01
   endloop
 endfacet
 facet normal  0.000000e+00  0.000000e+00  1.000000e+00
   outer loop
     vertex  0.000000e+00  5.450000e+01  3.650000e+01
     vertex -2.429862e+00  5.464491e+01  3.650000e+01
     vertex -2.446251e+00  5.456534e+01  3.650000e+01
   endloop
 endfacet
 facet normal  0.000000e+00  0.000000e+00  1.000000e+00
   outer loop
     vertex  0.000000e+00  5.450000e+01  3.650000e+01
     vertex -2.411323e+00  5.472401e+01  3.650000e+01
     vertex -2.429862e+00  5.464491e+01  3.650000e+01
   endloop
 endfacet
 facet normal  0.000000e+00  0.000000e+00  1.000000e+00
   outer loop
     vertex  0.000000e+00  5.450000e+01  3.650000e+01
     vertex -2.390650e+00  5.480259e+01  3.650000e+01
     vertex -2.411323e+00  5.472401e+01  3.650000e+01
   endloop
 endfacet
 facet normal  0.000000e+00  0.000000e+00  1.000000e+00
   outer loop
     vertex  0.000000e+00  5.450000e+01  3.650000e+01
     vertex -2.367856e+00  5.488057e+01  3.650000e+01
     vertex -2.390650e+00  5.480259e+01  3.650000e+01
   endloop
 endfacet
 facet normal  0.000000e+00  0.000000e+00  1.000000e+00
   outer loop
     vertex  0.000000e+00  5.450000e+01  3.650000e+01
     vertex -2.342960e+00  5.495790e+01  3.650000e+01
     vertex -2.367856e+00  5.488057e+01  3.650000e+01
   endloop
 endfacet
 facet normal  0.000000e+00  0.000000e+00  1.000000e+00
   outer loop
     vertex  0.000000e+00  5.450000e+01  3.650000e+01
     vertex -2.315977e+00  5.503454e+01  3.650000e+01
     vertex -2.342960e+00  5.495790e+01  3.650000e+01
   endloop
 endfacet
 facet normal  0.000000e+00  0.000000e+00  1.000000e+00
   outer loop
     vertex  0.000000e+00  5.450000e+01  3.650000e+01
     vertex -2.286930e+00  5.511041e+01  3.650000e+01
     vertex -2.315977e+00  5.503454e+01  3.650000e+01
   endloop
 endfacet
 facet normal  0.000000e+00  0.000000e+00  1.000000e+00
   outer loop
     vertex  0.000000e+00  5.450000e+01  3.650000e+01
     vertex -2.255839e+00  5.518548e+01  3.650000e+01
     vertex -2.286930e+00  5.511041e+01  3.650000e+01
   endloop
 endfacet
 facet normal  0.000000e+00  0.000000e+00  1.000000e+00
   outer loop
     vertex -1.621320e+00  5.612132e+01  3.650000e+01
     vertex -1.677986e+00  5.606310e+01  3.650000e+01
     vertex  0.000000e+00  5.450000e+01  3.650000e+01
   endloop
 endfacet
 facet normal  0.000000e+00  0.000000e+00  1.000000e+00
   outer loop
     vertex -1.563098e+00  5.617799e+01  3.650000e+01
     vertex -1.621320e+00  5.612132e+01  3.650000e+01
     vertex  0.000000e+00  5.450000e+01  3.650000e+01
   endloop
 endfacet
 facet normal  0.000000e+00  0.000000e+00  1.000000e+00
   outer loop
     vertex -1.503363e+00  5.623306e+01  3.650000e+01
     vertex -1.563098e+00  5.617799e+01  3.650000e+01
     vertex  0.000000e+00  5.450000e+01  3.650000e+01
   endloop
 endfacet
 facet normal  0.000000e+00  0.000000e+00  1.000000e+00
   outer loop
     vertex -1.442159e+00  5.628649e+01  3.650000e+01
     vertex -1.503363e+00  5.623306e+01  3.650000e+01
     vertex  0.000000e+00  5.450000e+01  3.650000e+01
   endloop
 endfacet
 facet normal  0.000000e+00  0.000000e+00  1.000000e+00
   outer loop
     vertex -1.379530e+00  5.633824e+01  3.650000e+01
     vertex -1.442159e+00  5.628649e+01  3.650000e+01
     vertex  0.000000e+00  5.450000e+01  3.650000e+01
   endloop
 endfacet
 facet normal  0.000000e+00  0.000000e+00  1.000000e+00
   outer loop
     vertex -1.315523e+00  5.638828e+01  3.650000e+01
     vertex -1.379530e+00  5.633824e+01  3.650000e+01
     vertex  0.000000e+00  5.450000e+01  3.650000e+01
   endloop
 endfacet
 facet normal  0.000000e+00  0.000000e+00  1.000000e+00
   outer loop
     vertex -1.250184e+00  5.643657e+01  3.650000e+01
     vertex -1.315523e+00  5.638828e+01  3.650000e+01
     vertex  0.000000e+00  5.450000e+01  3.650000e+01
   endloop
 endfacet
 facet normal  0.000000e+00  0.000000e+00  1.000000e+00
   outer loop
     vertex -1.183561e+00  5.648307e+01  3.650000e+01
     vertex -1.250184e+00  5.643657e+01  3.650000e+01
     vertex  0.000000e+00  5.450000e+01  3.650000e+01
   endloop
 endfacet
 facet normal  0.000000e+00  0.000000e+00  1.000000e+00
   outer loop
     vertex -1.115704e+00  5.652775e+01  3.650000e+01
     vertex -1.183561e+00  5.648307e+01  3.650000e+01
     vertex  0.000000e+00  5.450000e+01  3.650000e+01
   endloop
 endfacet
 facet normal  0.000000e+00  0.000000e+00  1.000000e+00
   outer loop
     vertex -1.046662e+00  5.657057e+01  3.650000e+01
     vertex -1.115704e+00  5.652775e+01  3.650000e+01
     vertex  0.000000e+00  5.450000e+01  3.650000e+01
   endloop
 endfacet
 facet normal  0.000000e+00  0.000000e+00  1.000000e+00
   outer loop
     vertex -9.764849e-01  5.661151e+01  3.650000e+01
     vertex -1.046662e+00  5.657057e+01  3.650000e+01
     vertex  0.000000e+00  5.450000e+01  3.650000e+01
   endloop
 endfacet
 facet normal  0.000000e+00  0.000000e+00  1.000000e+00
   outer loop
     vertex -9.052253e-01  5.665054e+01  3.650000e+01
     vertex -9.764849e-01  5.661151e+01  3.650000e+01
     vertex  0.000000e+00  5.450000e+01  3.650000e+01
   endloop
 endfacet
 facet normal  0.000000e+00  0.000000e+00  1.000000e+00
   outer loop
     vertex -8.329351e-01  5.668762e+01  3.650000e+01
     vertex -9.052253e-01  5.665054e+01  3.650000e+01
     vertex  0.000000e+00  5.450000e+01  3.650000e+01
   endloop
 endfacet
 facet normal  0.000000e+00  0.000000e+00  1.000000e+00
   outer loop
     vertex -7.596673e-01  5.672273e+01  3.650000e+01
     vertex -8.329351e-01  5.668762e+01  3.650000e+01
     vertex  0.000000e+00  5.450000e+01  3.650000e+01
   endloop
 endfacet
 facet normal  0.000000e+00  0.000000e+00  1.000000e+00
   outer loop
     vertex -6.854756e-01  5.675584e+01  3.650000e+01
     vertex -7.596673e-01  5.672273e+01  3.650000e+01
     vertex  0.000000e+00  5.450000e+01  3.650000e+01
   endloop
 endfacet
 facet normal  0.000000e+00  0.000000e+00  1.000000e+00
   outer loop
     vertex -6.104145e-01  5.678693e+01  3.650000e+01
     vertex -6.854756e-01  5.675584e+01  3.650000e+01
     vertex  0.000000e+00  5.450000e+01  3.650000e+01
   endloop
 endfacet
 facet normal  0.000000e+00  0.000000e+00  1.000000e+00
   outer loop
     vertex -5.345389e-01  5.681598e+01  3.650000e+01
     vertex -6.104145e-01  5.678693e+01  3.650000e+01
     vertex  0.000000e+00  5.450000e+01  3.650000e+01
   endloop
 endfacet
 facet normal  0.000000e+00  0.000000e+00  1.000000e+00
   outer loop
     vertex -4.579046e-01  5.684296e+01  3.650000e+01
     vertex -5.345389e-01  5.681598e+01  3.650000e+01
     vertex  0.000000e+00  5.450000e+01  3.650000e+01
   endloop
 endfacet
 facet normal  0.000000e+00  0.000000e+00  1.000000e+00
   outer loop
     vertex -3.805677e-01  5.686786e+01  3.650000e+01
     vertex -4.579046e-01  5.684296e+01  3.650000e+01
     vertex  0.000000e+00  5.450000e+01  3.650000e+01
   endloop
 endfacet
 facet normal  0.000000e+00  0.000000e+00  1.000000e+00
   outer loop
     vertex -3.025850e-01  5.689065e+01  3.650000e+01
     vertex -3.805677e-01  5.686786e+01  3.650000e+01
     vertex  0.000000e+00  5.450000e+01  3.650000e+01
   endloop
 endfacet
 facet normal  0.000000e+00  0.000000e+00  1.000000e+00
   outer loop
     vertex -2.240137e-01  5.691132e+01  3.650000e+01
     vertex -3.025850e-01  5.689065e+01  3.650000e+01
     vertex  0.000000e+00  5.450000e+01  3.650000e+01
   endloop
 endfacet
 facet normal  0.000000e+00  0.000000e+00  1.000000e+00
   outer loop
     vertex -1.449113e-01  5.692986e+01  3.650000e+01
     vertex -2.240137e-01  5.691132e+01  3.650000e+01
     vertex  0.000000e+00  5.450000e+01  3.650000e+01
   endloop
 endfacet
 facet normal  0.000000e+00  0.000000e+00  1.000000e+00
   outer loop
     vertex -6.533597e-02  5.694625e+01  3.650000e+01
     vertex -1.449113e-01  5.692986e+01  3.650000e+01
     vertex  0.000000e+00  5.450000e+01  3.650000e+01
   endloop
 endfacet
 facet normal  0.000000e+00  0.000000e+00  1.000000e+00
   outer loop
     vertex  1.465401e-02  5.696048e+01  3.650000e+01
     vertex -6.533597e-02  5.694625e+01  3.650000e+01
     vertex  0.000000e+00  5.450000e+01  3.650000e+01
   endloop
 endfacet
 facet normal  0.000000e+00  0.000000e+00  1.000000e+00
   outer loop
     vertex  9.499996e-02  5.697254e+01  3.650000e+01
     vertex  1.465401e-02  5.696048e+01  3.650000e+01
     vertex  0.000000e+00  5.450000e+01  3.650000e+01
   endloop
 endfacet
 facet normal  0.000000e+00  0.000000e+00  1.000000e+00
   outer loop
     vertex  1.756429e-01  5.698241e+01  3.650000e+01
     vertex  9.499996e-02  5.697254e+01  3.650000e+01
     vertex  0.000000e+00  5.450000e+01  3.650000e+01
   endloop
 endfacet
 facet normal  0.000000e+00  0.000000e+00  1.000000e+00
   outer loop
     vertex  2.565238e-01  5.699010e+01  3.650000e+01
     vertex  1.756429e-01  5.698241e+01  3.650000e+01
     vertex  0.000000e+00  5.450000e+01  3.650000e+01
   endloop
 endfacet
 facet normal  0.000000e+00  0.000000e+00  1.000000e+00
   outer loop
     vertex  3.375833e-01  5.699560e+01  3.650000e+01
     vertex  2.565238e-01  5.699010e+01  3.650000e+01
     vertex  0.000000e+00  5.450000e+01  3.650000e+01
   endloop
 endfacet
 facet normal  0.000000e+00  0.000000e+00  1.000000e+00
   outer loop
     vertex  4.187618e-01  5.699890e+01  3.650000e+01
     vertex  3.375833e-01  5.699560e+01  3.650000e+01
     vertex  0.000000e+00  5.450000e+01  3.650000e+01
   endloop
 endfacet
 facet normal  0.000000e+00  0.000000e+00  1.000000e+00
   outer loop
     vertex  5.000000e-01  5.700000e+01  3.650000e+01
     vertex  4.187618e-01  5.699890e+01  3.650000e+01
     vertex  0.000000e+00  5.450000e+01  3.650000e+01
   endloop
 endfacet
 facet normal  0.000000e+00  0.000000e+00  1.000000e+00
   outer loop
     vertex  7.775000e+01 -2.500000e+00  3.650000e+01
     vertex  0.000000e+00  0.000000e+00  3.650000e+01
     vertex  5.000000e-01 -2.500000e+00  3.650000e+01
   endloop
 endfacet
 facet normal  0.000000e+00  0.000000e+00  1.000000e+00
   outer loop
     vertex  7.825000e+01  0.000000e+00  3.650000e+01
     vertex  7.908294e+01 -2.187617e+00  3.650000e+01
     vertex  7.915523e+01 -2.150536e+00  3.650000e+01
   endloop
 endfacet
 facet normal  0.000000e+00  0.000000e+00  1.000000e+00
   outer loop
     vertex  7.825000e+01  0.000000e+00  3.650000e+01
     vertex  7.900967e+01 -2.222726e+00  3.650000e+01
     vertex  7.908294e+01 -2.187617e+00  3.650000e+01
   endloop
 endfacet
 facet normal  0.000000e+00  0.000000e+00  1.000000e+00
   outer loop
     vertex  7.825000e+01  0.000000e+00  3.650000e+01
     vertex  7.893548e+01 -2.255839e+00  3.650000e+01
     vertex  7.900967e+01 -2.222726e+00  3.650000e+01
   endloop
 endfacet
 facet normal  0.000000e+00  0.000000e+00  1.000000e+00
   outer loop
     vertex  7.825000e+01  0.000000e+00  3.650000e+01
     vertex  7.886041e+01 -2.286930e+00  3.650000e+01
     vertex  7.893548e+01 -2.255839e+00  3.650000e+01
   endloop
 endfacet
 facet normal  0.000000e+00  0.000000e+00  1.000000e+00
   outer loop
     vertex  7.825000e+01  0.000000e+00  3.650000e+01
     vertex  7.878454e+01 -2.315977e+00  3.650000e+01
     vertex  7.886041e+01 -2.286930e+00  3.650000e+01
   endloop
 endfacet
 facet normal  0.000000e+00  0.000000e+00  1.000000e+00
   outer loop
     vertex  7.825000e+01  0.000000e+00  3.650000e+01
     vertex  7.870790e+01 -2.342960e+00  3.650000e+01
     vertex  7.878454e+01 -2.315977e+00  3.650000e+01
   endloop
 endfacet
 facet normal  0.000000e+00  0.000000e+00  1.000000e+00
   outer loop
     vertex  7.825000e+01  0.000000e+00  3.650000e+01
     vertex  7.863057e+01 -2.367856e+00  3.650000e+01
     vertex  7.870790e+01 -2.342960e+00  3.650000e+01
   endloop
 endfacet
 facet normal  0.000000e+00  0.000000e+00  1.000000e+00
   outer loop
     vertex  7.825000e+01  0.000000e+00  3.650000e+01
     vertex  7.855259e+01 -2.390650e+00  3.650000e+01
     vertex  7.863057e+01 -2.367856e+00  3.650000e+01
   endloop
 endfacet
 facet normal  0.000000e+00  0.000000e+00  1.000000e+00
   outer loop
     vertex  7.825000e+01  0.000000e+00  3.650000e+01
     vertex  7.847401e+01 -2.411323e+00  3.650000e+01
     vertex  7.855259e+01 -2.390650e+00  3.650000e+01
   endloop
 endfacet
 facet normal  0.000000e+00  0.000000e+00  1.000000e+00
   outer loop
     vertex  7.825000e+01  0.000000e+00  3.650000e+01
     vertex  7.839491e+01 -2.429862e+00  3.650000e+01
     vertex  7.847401e+01 -2.411323e+00  3.650000e+01
   endloop
 endfacet
 facet normal  0.000000e+00  0.000000e+00  1.000000e+00
   outer loop
     vertex  7.825000e+01  0.000000e+00  3.650000e+01
     vertex  7.831534e+01 -2.446251e+00  3.650000e+01
     vertex  7.839491e+01 -2.429862e+00  3.650000e+01
   endloop
 endfacet
 facet normal  0.000000e+00  0.000000e+00  1.000000e+00
   outer loop
     vertex  7.825000e+01  0.000000e+00  3.650000e+01
     vertex  7.823535e+01 -2.460480e+00  3.650000e+01
     vertex  7.831534e+01 -2.446251e+00  3.650000e+01
   endloop
 endfacet
 facet normal  0.000000e+00  0.000000e+00  1.000000e+00
   outer loop
     vertex  7.825000e+01  0.000000e+00  3.650000e+01
     vertex  7.815500e+01 -2.472537e+00  3.650000e+01
     vertex  7.823535e+01 -2.460480e+00  3.650000e+01
   endloop
 endfacet
 facet normal  0.000000e+00  0.000000e+00  1.000000e+00
   outer loop
     vertex  7.825000e+01  0.000000e+00  3.650000e+01
     vertex  7.807436e+01 -2.482414e+00  3.650000e+01
     vertex  7.815500e+01 -2.472537e+00  3.650000e+01
   endloop
 endfacet
 facet normal  0.000000e+00  0.000000e+00  1.000000e+00
   outer loop
     vertex  7.825000e+01  0.000000e+00  3.650000e+01
     vertex  7.799348e+01 -2.490104e+00  3.650000e+01
     vertex  7.807436e+01 -2.482414e+00  3.650000e+01
   endloop
 endfacet
 facet normal  0.000000e+00  0.000000e+00  1.000000e+00
   outer loop
     vertex  7.825000e+01  0.000000e+00  3.650000e+01
     vertex  7.791242e+01 -2.495600e+00  3.650000e+01
     vertex  7.799348e+01 -2.490104e+00  3.650000e+01
   endloop
 endfacet
 facet normal  0.000000e+00  0.000000e+00  1.000000e+00
   outer loop
     vertex  7.825000e+01  0.000000e+00  3.650000e+01
     vertex  7.783124e+01 -2.498900e+00  3.650000e+01
     vertex  7.791242e+01 -2.495600e+00  3.650000e+01
   endloop
 endfacet
 facet normal  0.000000e+00  0.000000e+00  1.000000e+00
   outer loop
     vertex  7.825000e+01  0.000000e+00  3.650000e+01
     vertex  7.775000e+01 -2.500000e+00  3.650000e+01
     vertex  7.783124e+01 -2.498900e+00  3.650000e+01
   endloop
 endfacet
 facet normal  0.000000e+00  0.000000e+00  1.000000e+00
   outer loop
     vertex  7.825000e+01  0.000000e+00  3.650000e+01
     vertex  0.000000e+00  0.000000e+00  3.650000e+01
     vertex  7.775000e+01 -2.500000e+00  3.650000e+01
   endloop
 endfacet
 facet normal  0.000000e+00  0.000000e+00  1.000000e+00
   outer loop
     vertex  7.825000e+01  0.000000e+00  3.650000e+01
     vertex  7.981310e+01 -1.677986e+00  3.650000e+01
     vertex  7.987132e+01 -1.621320e+00  3.650000e+01
   endloop
 endfacet
 facet normal  0.000000e+00  0.000000e+00  1.000000e+00
   outer loop
     vertex  7.825000e+01  0.000000e+00  3.650000e+01
     vertex  7.975336e+01 -1.733055e+00  3.650000e+01
     vertex  7.981310e+01 -1.677986e+00  3.650000e+01
   endloop
 endfacet
 facet normal  0.000000e+00  0.000000e+00  1.000000e+00
   outer loop
     vertex  7.825000e+01  0.000000e+00  3.650000e+01
     vertex  7.969216e+01 -1.786486e+00  3.650000e+01
     vertex  7.975336e+01 -1.733055e+00  3.650000e+01
   endloop
 endfacet
 facet normal  0.000000e+00  0.000000e+00  1.000000e+00
   outer loop
     vertex  7.825000e+01  0.000000e+00  3.650000e+01
     vertex  7.962953e+01 -1.838240e+00  3.650000e+01
     vertex  7.969216e+01 -1.786486e+00  3.650000e+01
   endloop
 endfacet
 facet normal  0.000000e+00  0.000000e+00  1.000000e+00
   outer loop
     vertex  7.825000e+01  0.000000e+00  3.650000e+01
     vertex  7.956552e+01 -1.888279e+00  3.650000e+01
     vertex  7.962953e+01 -1.838240e+00  3.650000e+01
   endloop
 endfacet
 facet normal  0.000000e+00  0.000000e+00  1.000000e+00
   outer loop
     vertex  7.825000e+01  0.000000e+00  3.650000e+01
     vertex  7.950018e+01 -1.936567e+00  3.650000e+01
     vertex  7.956552e+01 -1.888279e+00  3.650000e+01
   endloop
 endfacet
 facet normal  0.000000e+00  0.000000e+00  1.000000e+00
   outer loop
     vertex  7.825000e+01  0.000000e+00  3.650000e+01
     vertex  7.943356e+01 -1.983067e+00  3.650000e+01
     vertex  7.950018e+01 -1.936567e+00  3.650000e+01
   endloop
 endfacet
 facet normal  0.000000e+00  0.000000e+00  1.000000e+00
   outer loop
     vertex  7.825000e+01  0.000000e+00  3.650000e+01
     vertex  7.936570e+01 -2.027746e+00  3.650000e+01
     vertex  7.943356e+01 -1.983067e+00  3.650000e+01
   endloop
 endfacet
 facet normal  0.000000e+00  0.000000e+00  1.000000e+00
   outer loop
     vertex  7.825000e+01  0.000000e+00  3.650000e+01
     vertex  7.929666e+01 -2.070572e+00  3.650000e+01
     vertex  7.936570e+01 -2.027746e+00  3.650000e+01
   endloop
 endfacet
 facet normal  0.000000e+00  0.000000e+00  1.000000e+00
   outer loop
     vertex  7.825000e+01  0.000000e+00  3.650000e+01
     vertex  7.922648e+01 -2.111512e+00  3.650000e+01
     vertex  7.929666e+01 -2.070572e+00  3.650000e+01
   endloop
 endfacet
 facet normal  0.000000e+00  0.000000e+00  1.000000e+00
   outer loop
     vertex  7.825000e+01  0.000000e+00  3.650000e+01
     vertex  7.915523e+01 -2.150536e+00  3.650000e+01
     vertex  7.922648e+01 -2.111512e+00  3.650000e+01
   endloop
 endfacet
 facet normal  0.000000e+00  0.000000e+00  1.000000e+00
   outer loop
     vertex  7.992799e+01 -1.563098e+00  3.650000e+01
     vertex  7.825000e+01  0.000000e+00  3.650000e+01
     vertex  7.987132e+01 -1.621320e+00  3.650000e+01
   endloop
 endfacet
 facet normal  0.000000e+00  0.000000e+00  1.000000e+00
   outer loop
     vertex  7.998306e+01 -1.503363e+00  3.650000e+01
     vertex  7.825000e+01  0.000000e+00  3.650000e+01
     vertex  7.992799e+01 -1.563098e+00  3.650000e+01
   endloop
 endfacet
 facet normal  0.000000e+00  0.000000e+00  1.000000e+00
   outer loop
     vertex  8.003649e+01 -1.442159e+00  3.650000e+01
     vertex  7.825000e+01  0.000000e+00  3.650000e+01
     vertex  7.998306e+01 -1.503363e+00  3.650000e+01
   endloop
 endfacet
 facet normal  0.000000e+00  0.000000e+00  1.000000e+00
   outer loop
     vertex  8.008824e+01 -1.379530e+00  3.650000e+01
     vertex  7.825000e+01  0.000000e+00  3.650000e+01
     vertex  8.003649e+01 -1.442159e+00  3.650000e+01
   endloop
 endfacet
 facet normal  0.000000e+00  0.000000e+00  1.000000e+00
   outer loop
     vertex  8.013828e+01 -1.315523e+00  3.650000e+01
     vertex  7.825000e+01  0.000000e+00  3.650000e+01
     vertex  8.008824e+01 -1.379530e+00  3.650000e+01
   endloop
 endfacet
 facet normal  0.000000e+00  0.000000e+00  1.000000e+00
   outer loop
     vertex  8.018657e+01 -1.250184e+00  3.650000e+01
     vertex  7.825000e+01  0.000000e+00  3.650000e+01
     vertex  8.013828e+01 -1.315523e+00  3.650000e+01
   endloop
 endfacet
 facet normal  0.000000e+00  0.000000e+00  1.000000e+00
   outer loop
     vertex  8.023307e+01 -1.183561e+00  3.650000e+01
     vertex  7.825000e+01  0.000000e+00  3.650000e+01
     vertex  8.018657e+01 -1.250184e+00  3.650000e+01
   endloop
 endfacet
 facet normal  0.000000e+00  0.000000e+00  1.000000e+00
   outer loop
     vertex  8.027775e+01 -1.115704e+00  3.650000e+01
     vertex  7.825000e+01  0.000000e+00  3.650000e+01
     vertex  8.023307e+01 -1.183561e+00  3.650000e+01
   endloop
 endfacet
 facet normal  0.000000e+00  0.000000e+00  1.000000e+00
   outer loop
     vertex  8.032057e+01 -1.046662e+00  3.650000e+01
     vertex  7.825000e+01  0.000000e+00  3.650000e+01
     vertex  8.027775e+01 -1.115704e+00  3.650000e+01
   endloop
 endfacet
 facet normal  0.000000e+00  0.000000e+00  1.000000e+00
   outer loop
     vertex  8.036151e+01 -9.764849e-01  3.650000e+01
     vertex  7.825000e+01  0.000000e+00  3.650000e+01
     vertex  8.032057e+01 -1.046662e+00  3.650000e+01
   endloop
 endfacet
 facet normal  0.000000e+00  0.000000e+00  1.000000e+00
   outer loop
     vertex  8.040054e+01 -9.052253e-01  3.650000e+01
     vertex  7.825000e+01  0.000000e+00  3.650000e+01
     vertex  8.036151e+01 -9.764849e-01  3.650000e+01
   endloop
 endfacet
 facet normal  0.000000e+00  0.000000e+00  1.000000e+00
   outer loop
     vertex  8.043762e+01 -8.329351e-01  3.650000e+01
     vertex  7.825000e+01  0.000000e+00  3.650000e+01
     vertex  8.040054e+01 -9.052253e-01  3.650000e+01
   endloop
 endfacet
 facet normal  0.000000e+00  0.000000e+00  1.000000e+00
   outer loop
     vertex  8.047273e+01 -7.596673e-01  3.650000e+01
     vertex  7.825000e+01  0.000000e+00  3.650000e+01
     vertex  8.043762e+01 -8.329351e-01  3.650000e+01
   endloop
 endfacet
 facet normal  0.000000e+00  0.000000e+00  1.000000e+00
   outer loop
     vertex  8.050584e+01 -6.854756e-01  3.650000e+01
     vertex  7.825000e+01  0.000000e+00  3.650000e+01
     vertex  8.047273e+01 -7.596673e-01  3.650000e+01
   endloop
 endfacet
 facet normal  0.000000e+00  0.000000e+00  1.000000e+00
   outer loop
     vertex  8.053693e+01 -6.104145e-01  3.650000e+01
     vertex  7.825000e+01  0.000000e+00  3.650000e+01
     vertex  8.050584e+01 -6.854756e-01  3.650000e+01
   endloop
 endfacet
 facet normal  0.000000e+00  0.000000e+00  1.000000e+00
   outer loop
     vertex  8.056598e+01 -5.345389e-01  3.650000e+01
     vertex  7.825000e+01  0.000000e+00  3.650000e+01
     vertex  8.053693e+01 -6.104145e-01  3.650000e+01
   endloop
 endfacet
 facet normal  0.000000e+00  0.000000e+00  1.000000e+00
   outer loop
     vertex  8.059296e+01 -4.579046e-01  3.650000e+01
     vertex  7.825000e+01  0.000000e+00  3.650000e+01
     vertex  8.056598e+01 -5.345389e-01  3.650000e+01
   endloop
 endfacet
 facet normal  0.000000e+00  0.000000e+00  1.000000e+00
   outer loop
     vertex  8.061786e+01 -3.805677e-01  3.650000e+01
     vertex  7.825000e+01  0.000000e+00  3.650000e+01
     vertex  8.059296e+01 -4.579046e-01  3.650000e+01
   endloop
 endfacet
 facet normal  0.000000e+00  0.000000e+00  1.000000e+00
   outer loop
     vertex  8.064065e+01 -3.025850e-01  3.650000e+01
     vertex  7.825000e+01  0.000000e+00  3.650000e+01
     vertex  8.061786e+01 -3.805677e-01  3.650000e+01
   endloop
 endfacet
 facet normal  0.000000e+00  0.000000e+00  1.000000e+00
   outer loop
     vertex  8.066132e+01 -2.240137e-01  3.650000e+01
     vertex  7.825000e+01  0.000000e+00  3.650000e+01
     vertex  8.064065e+01 -3.025850e-01  3.650000e+01
   endloop
 endfacet
 facet normal  0.000000e+00  0.000000e+00  1.000000e+00
   outer loop
     vertex  8.067986e+01 -1.449113e-01  3.650000e+01
     vertex  7.825000e+01  0.000000e+00  3.650000e+01
     vertex  8.066132e+01 -2.240137e-01  3.650000e+01
   endloop
 endfacet
 facet normal  0.000000e+00  0.000000e+00  1.000000e+00
   outer loop
     vertex  8.069625e+01 -6.533597e-02  3.650000e+01
     vertex  7.825000e+01  0.000000e+00  3.650000e+01
     vertex  8.067986e+01 -1.449113e-01  3.650000e+01
   endloop
 endfacet
 facet normal  0.000000e+00  0.000000e+00  1.000000e+00
   outer loop
     vertex  8.071048e+01  1.465401e-02  3.650000e+01
     vertex  7.825000e+01  0.000000e+00  3.650000e+01
     vertex  8.069625e+01 -6.533597e-02  3.650000e+01
   endloop
 endfacet
 facet normal  0.000000e+00  0.000000e+00  1.000000e+00
   outer loop
     vertex  8.072254e+01  9.499996e-02  3.650000e+01
     vertex  7.825000e+01  0.000000e+00  3.650000e+01
     vertex  8.071048e+01  1.465401e-02  3.650000e+01
   endloop
 endfacet
 facet normal  0.000000e+00  0.000000e+00  1.000000e+00
   outer loop
     vertex  8.073241e+01  1.756429e-01  3.650000e+01
     vertex  7.825000e+01  0.000000e+00  3.650000e+01
     vertex  8.072254e+01  9.499996e-02  3.650000e+01
   endloop
 endfacet
 facet normal  0.000000e+00  0.000000e+00  1.000000e+00
   outer loop
     vertex  8.074010e+01  2.565238e-01  3.650000e+01
     vertex  7.825000e+01  0.000000e+00  3.650000e+01
     vertex  8.073241e+01  1.756429e-01  3.650000e+01
   endloop
 endfacet
 facet normal  0.000000e+00  0.000000e+00  1.000000e+00
   outer loop
     vertex  8.074560e+01  3.375833e-01  3.650000e+01
     vertex  7.825000e+01  0.000000e+00  3.650000e+01
     vertex  8.074010e+01  2.565238e-01  3.650000e+01
   endloop
 endfacet
 facet normal  0.000000e+00  0.000000e+00  1.000000e+00
   outer loop
     vertex  8.074890e+01  4.187618e-01  3.650000e+01
     vertex  7.825000e+01  0.000000e+00  3.650000e+01
     vertex  8.074560e+01  3.375833e-01  3.650000e+01
   endloop
 endfacet
 facet normal  0.000000e+00  0.000000e+00  1.000000e+00
   outer loop
     vertex  8.075000e+01  5.000000e-01  3.650000e+01
     vertex  7.825000e+01  0.000000e+00  3.650000e+01
     vertex  8.074890e+01  4.187618e-01  3.650000e+01
   endloop
 endfacet
 facet normal  0.000000e+00  0.000000e+00  1.000000e+00
   outer loop
     vertex  7.825000e+01  2.425000e+01  3.650000e+01
     vertex  7.825000e+01  0.000000e+00  3.650000e+01
     vertex  8.075000e+01  5.000000e-01  3.650000e+01
   endloop
 endfacet
 facet normal  0.000000e+00  0.000000e+00  1.000000e+00
   outer loop
     vertex  8.075000e+01  2.425000e+01  3.650000e+01
     vertex  7.825000e+01  2.425000e+01  3.650000e+01
     vertex  8.075000e+01  5.000000e-01  3.650000e+01
   endloop
 endfacet
 facet normal  0.000000e+00  0.000000e+00  1.000000e+00
   outer loop
     vertex  7.775000e+01  5.700000e+01  3.650000e+01
     vertex  0.000000e+00  5.450000e+01  3.650000e+01
     vertex  7.825000e+01  5.450000e+01  3.650000e+01
   endloop
 endfacet
 facet normal  0.000000e+00  0.000000e+00  1.000000e+00
   outer loop
     vertex  7.775000e+01  5.700000e+01  3.650000e+01
     vertex  5.000000e-01  5.700000e+01  3.650000e+01
     vertex  0.000000e+00  5.450000e+01  3.650000e+01
   endloop
 endfacet
 facet normal  0.000000e+00  0.000000e+00  1.000000e+00
   outer loop
     vertex  8.075000e+01  5.400000e+01  3.650000e+01
     vertex  7.825000e+01  5.450000e+01  3.650000e+01
     vertex  7.825000e+01  3.025000e+01  3.650000e+01
   endloop
 endfacet
 facet normal  0.000000e+00  0.000000e+00  1.000000e+00
   outer loop
     vertex  8.075000e+01  5.400000e+01  3.650000e+01
     vertex  7.825000e+01  3.025000e+01  3.650000e+01
     vertex  8.075000e+01  3.025000e+01  3.650000e+01
   endloop
 endfacet
 facet normal  0.000000e+00  0.000000e+00  1.000000e+00
   outer loop
     vertex  7.783124e+01  5.699890e+01  3.650000e+01
     vertex  7.775000e+01  5.700000e+01  3.650000e+01
     vertex  7.825000e+01  5.450000e+01  3.650000e+01
   endloop
 endfacet
 facet normal  0.000000e+00  0.000000e+00  1.000000e+00
   outer loop
     vertex  8.074890e+01  5.408124e+01  3.650000e+01
     vertex  7.825000e+01  5.450000e+01  3.650000e+01
     vertex  8.075000e+01  5.400000e+01  3.650000e+01
   endloop
 endfacet
 facet normal  0.000000e+00  0.000000e+00  1.000000e+00
   outer loop
     vertex  7.791242e+01  5.699560e+01  3.650000e+01
     vertex  7.783124e+01  5.699890e+01  3.650000e+01
     vertex  7.825000e+01  5.450000e+01  3.650000e+01
   endloop
 endfacet
 facet normal  0.000000e+00  0.000000e+00  1.000000e+00
   outer loop
     vertex  8.074560e+01  5.416242e+01  3.650000e+01
     vertex  7.825000e+01  5.450000e+01  3.650000e+01
     vertex  8.074890e+01  5.408124e+01  3.650000e+01
   endloop
 endfacet
 facet normal  0.000000e+00  0.000000e+00  1.000000e+00
   outer loop
     vertex  7.799348e+01  5.699010e+01  3.650000e+01
     vertex  7.791242e+01  5.699560e+01  3.650000e+01
     vertex  7.825000e+01  5.450000e+01  3.650000e+01
   endloop
 endfacet
 facet normal  0.000000e+00  0.000000e+00  1.000000e+00
   outer loop
     vertex  8.074010e+01  5.424348e+01  3.650000e+01
     vertex  7.825000e+01  5.450000e+01  3.650000e+01
     vertex  8.074560e+01  5.416242e+01  3.650000e+01
   endloop
 endfacet
 facet normal  0.000000e+00  0.000000e+00  1.000000e+00
   outer loop
     vertex  7.807436e+01  5.698241e+01  3.650000e+01
     vertex  7.799348e+01  5.699010e+01  3.650000e+01
     vertex  7.825000e+01  5.450000e+01  3.650000e+01
   endloop
 endfacet
 facet normal  0.000000e+00  0.000000e+00  1.000000e+00
   outer loop
     vertex  8.073241e+01  5.432436e+01  3.650000e+01
     vertex  7.825000e+01  5.450000e+01  3.650000e+01
     vertex  8.074010e+01  5.424348e+01  3.650000e+01
   endloop
 endfacet
 facet normal  0.000000e+00  0.000000e+00  1.000000e+00
   outer loop
     vertex  7.815500e+01  5.697254e+01  3.650000e+01
     vertex  7.807436e+01  5.698241e+01  3.650000e+01
     vertex  7.825000e+01  5.450000e+01  3.650000e+01
   endloop
 endfacet
 facet normal  0.000000e+00  0.000000e+00  1.000000e+00
   outer loop
     vertex  8.072254e+01  5.440500e+01  3.650000e+01
     vertex  7.825000e+01  5.450000e+01  3.650000e+01
     vertex  8.073241e+01  5.432436e+01  3.650000e+01
   endloop
 endfacet
 facet normal  0.000000e+00  0.000000e+00  1.000000e+00
   outer loop
     vertex  7.823535e+01  5.696048e+01  3.650000e+01
     vertex  7.815500e+01  5.697254e+01  3.650000e+01
     vertex  7.825000e+01  5.450000e+01  3.650000e+01
   endloop
 endfacet
 facet normal  0.000000e+00  0.000000e+00  1.000000e+00
   outer loop
     vertex  8.071048e+01  5.448535e+01  3.650000e+01
     vertex  7.825000e+01  5.450000e+01  3.650000e+01
     vertex  8.072254e+01  5.440500e+01  3.650000e+01
   endloop
 endfacet
 facet normal  0.000000e+00  0.000000e+00  1.000000e+00
   outer loop
     vertex  7.831534e+01  5.694625e+01  3.650000e+01
     vertex  7.823535e+01  5.696048e+01  3.650000e+01
     vertex  7.825000e+01  5.450000e+01  3.650000e+01
   endloop
 endfacet
 facet normal  0.000000e+00  0.000000e+00  1.000000e+00
   outer loop
     vertex  8.069625e+01  5.456534e+01  3.650000e+01
     vertex  7.825000e+01  5.450000e+01  3.650000e+01
     vertex  8.071048e+01  5.448535e+01  3.650000e+01
   endloop
 endfacet
 facet normal  0.000000e+00  0.000000e+00  1.000000e+00
   outer loop
     vertex  7.839491e+01  5.692986e+01  3.650000e+01
     vertex  7.831534e+01  5.694625e+01  3.650000e+01
     vertex  7.825000e+01  5.450000e+01  3.650000e+01
   endloop
 endfacet
 facet normal  0.000000e+00  0.000000e+00  1.000000e+00
   outer loop
     vertex  8.067986e+01  5.464491e+01  3.650000e+01
     vertex  7.825000e+01  5.450000e+01  3.650000e+01
     vertex  8.069625e+01  5.456534e+01  3.650000e+01
   endloop
 endfacet
 facet normal  0.000000e+00  0.000000e+00  1.000000e+00
   outer loop
     vertex  7.847401e+01  5.691132e+01  3.650000e+01
     vertex  7.839491e+01  5.692986e+01  3.650000e+01
     vertex  7.825000e+01  5.450000e+01  3.650000e+01
   endloop
 endfacet
 facet normal  0.000000e+00  0.000000e+00  1.000000e+00
   outer loop
     vertex  8.066132e+01  5.472401e+01  3.650000e+01
     vertex  7.825000e+01  5.450000e+01  3.650000e+01
     vertex  8.067986e+01  5.464491e+01  3.650000e+01
   endloop
 endfacet
 facet normal  0.000000e+00  0.000000e+00  1.000000e+00
   outer loop
     vertex  7.855259e+01  5.689065e+01  3.650000e+01
     vertex  7.847401e+01  5.691132e+01  3.650000e+01
     vertex  7.825000e+01  5.450000e+01  3.650000e+01
   endloop
 endfacet
 facet normal  0.000000e+00  0.000000e+00  1.000000e+00
   outer loop
     vertex  8.064065e+01  5.480259e+01  3.650000e+01
     vertex  7.825000e+01  5.450000e+01  3.650000e+01
     vertex  8.066132e+01  5.472401e+01  3.650000e+01
   endloop
 endfacet
 facet normal  0.000000e+00  0.000000e+00  1.000000e+00
   outer loop
     vertex  7.863057e+01  5.686786e+01  3.650000e+01
     vertex  7.855259e+01  5.689065e+01  3.650000e+01
     vertex  7.825000e+01  5.450000e+01  3.650000e+01
   endloop
 endfacet
 facet normal  0.000000e+00  0.000000e+00  1.000000e+00
   outer loop
     vertex  8.061786e+01  5.488057e+01  3.650000e+01
     vertex  7.825000e+01  5.450000e+01  3.650000e+01
     vertex  8.064065e+01  5.480259e+01  3.650000e+01
   endloop
 endfacet
 facet normal  0.000000e+00  0.000000e+00  1.000000e+00
   outer loop
     vertex  7.870790e+01  5.684296e+01  3.650000e+01
     vertex  7.863057e+01  5.686786e+01  3.650000e+01
     vertex  7.825000e+01  5.450000e+01  3.650000e+01
   endloop
 endfacet
 facet normal  0.000000e+00  0.000000e+00  1.000000e+00
   outer loop
     vertex  8.059296e+01  5.495790e+01  3.650000e+01
     vertex  7.825000e+01  5.450000e+01  3.650000e+01
     vertex  8.061786e+01  5.488057e+01  3.650000e+01
   endloop
 endfacet
 facet normal  0.000000e+00  0.000000e+00  1.000000e+00
   outer loop
     vertex  7.878454e+01  5.681598e+01  3.650000e+01
     vertex  7.870790e+01  5.684296e+01  3.650000e+01
     vertex  7.825000e+01  5.450000e+01  3.650000e+01
   endloop
 endfacet
 facet normal  0.000000e+00  0.000000e+00  1.000000e+00
   outer loop
     vertex  8.056598e+01  5.503454e+01  3.650000e+01
     vertex  7.825000e+01  5.450000e+01  3.650000e+01
     vertex  8.059296e+01  5.495790e+01  3.650000e+01
   endloop
 endfacet
 facet normal  0.000000e+00  0.000000e+00  1.000000e+00
   outer loop
     vertex  7.886041e+01  5.678693e+01  3.650000e+01
     vertex  7.878454e+01  5.681598e+01  3.650000e+01
     vertex  7.825000e+01  5.450000e+01  3.650000e+01
   endloop
 endfacet
 facet normal  0.000000e+00  0.000000e+00  1.000000e+00
   outer loop
     vertex  8.053693e+01  5.511041e+01  3.650000e+01
     vertex  7.825000e+01  5.450000e+01  3.650000e+01
     vertex  8.056598e+01  5.503454e+01  3.650000e+01
   endloop
 endfacet
 facet normal  0.000000e+00  0.000000e+00  1.000000e+00
   outer loop
     vertex  7.893548e+01  5.675584e+01  3.650000e+01
     vertex  7.886041e+01  5.678693e+01  3.650000e+01
     vertex  7.825000e+01  5.450000e+01  3.650000e+01
   endloop
 endfacet
 facet normal  0.000000e+00  0.000000e+00  1.000000e+00
   outer loop
     vertex  8.050584e+01  5.518548e+01  3.650000e+01
     vertex  7.825000e+01  5.450000e+01  3.650000e+01
     vertex  8.053693e+01  5.511041e+01  3.650000e+01
   endloop
 endfacet
 facet normal  0.000000e+00  0.000000e+00  1.000000e+00
   outer loop
     vertex  7.900967e+01  5.672273e+01  3.650000e+01
     vertex  7.893548e+01  5.675584e+01  3.650000e+01
     vertex  7.825000e+01  5.450000e+01  3.650000e+01
   endloop
 endfacet
 facet normal  0.000000e+00  0.000000e+00  1.000000e+00
   outer loop
     vertex  8.047273e+01  5.525967e+01  3.650000e+01
     vertex  7.825000e+01  5.450000e+01  3.650000e+01
     vertex  8.050584e+01  5.518548e+01  3.650000e+01
   endloop
 endfacet
 facet normal  0.000000e+00  0.000000e+00  1.000000e+00
   outer loop
     vertex  7.908294e+01  5.668762e+01  3.650000e+01
     vertex  7.900967e+01  5.672273e+01  3.650000e+01
     vertex  7.825000e+01  5.450000e+01  3.650000e+01
   endloop
 endfacet
 facet normal  0.000000e+00  0.000000e+00  1.000000e+00
   outer loop
     vertex  8.043762e+01  5.533294e+01  3.650000e+01
     vertex  7.825000e+01  5.450000e+01  3.650000e+01
     vertex  8.047273e+01  5.525967e+01  3.650000e+01
   endloop
 endfacet
 facet normal  0.000000e+00  0.000000e+00  1.000000e+00
   outer loop
     vertex  7.915523e+01  5.665054e+01  3.650000e+01
     vertex  7.908294e+01  5.668762e+01  3.650000e+01
     vertex  7.825000e+01  5.450000e+01  3.650000e+01
   endloop
 endfacet
 facet normal  0.000000e+00  0.000000e+00  1.000000e+00
   outer loop
     vertex  8.040054e+01  5.540523e+01  3.650000e+01
     vertex  7.825000e+01  5.450000e+01  3.650000e+01
     vertex  8.043762e+01  5.533294e+01  3.650000e+01
   endloop
 endfacet
 facet normal  0.000000e+00  0.000000e+00  1.000000e+00
   outer loop
     vertex  7.922648e+01  5.661151e+01  3.650000e+01
     vertex  7.915523e+01  5.665054e+01  3.650000e+01
     vertex  7.825000e+01  5.450000e+01  3.650000e+01
   endloop
 endfacet
 facet normal  0.000000e+00  0.000000e+00  1.000000e+00
   outer loop
     vertex  8.036151e+01  5.547648e+01  3.650000e+01
     vertex  7.825000e+01  5.450000e+01  3.650000e+01
     vertex  8.040054e+01  5.540523e+01  3.650000e+01
   endloop
 endfacet
 facet normal  0.000000e+00  0.000000e+00  1.000000e+00
   outer loop
     vertex  7.929666e+01  5.657057e+01  3.650000e+01
     vertex  7.922648e+01  5.661151e+01  3.650000e+01
     vertex  7.825000e+01  5.450000e+01  3.650000e+01
   endloop
 endfacet
 facet normal  0.000000e+00  0.000000e+00  1.000000e+00
   outer loop
     vertex  8.032057e+01  5.554666e+01  3.650000e+01
     vertex  7.825000e+01  5.450000e+01  3.650000e+01
     vertex  8.036151e+01  5.547648e+01  3.650000e+01
   endloop
 endfacet
 facet normal  0.000000e+00  0.000000e+00  1.000000e+00
   outer loop
     vertex  8.027775e+01  5.561570e+01  3.650000e+01
     vertex  7.825000e+01  5.450000e+01  3.650000e+01
     vertex  8.032057e+01  5.554666e+01  3.650000e+01
   endloop
 endfacet
 facet normal  0.000000e+00  0.000000e+00  1.000000e+00
   outer loop
     vertex  7.936570e+01  5.652775e+01  3.650000e+01
     vertex  7.929666e+01  5.657057e+01  3.650000e+01
     vertex  7.825000e+01  5.450000e+01  3.650000e+01
   endloop
 endfacet
 facet normal  0.000000e+00  0.000000e+00  1.000000e+00
   outer loop
     vertex  7.943356e+01  5.648307e+01  3.650000e+01
     vertex  7.936570e+01  5.652775e+01  3.650000e+01
     vertex  7.825000e+01  5.450000e+01  3.650000e+01
   endloop
 endfacet
 facet normal  0.000000e+00  0.000000e+00  1.000000e+00
   outer loop
     vertex  8.023307e+01  5.568356e+01  3.650000e+01
     vertex  7.825000e+01  5.450000e+01  3.650000e+01
     vertex  8.027775e+01  5.561570e+01  3.650000e+01
   endloop
 endfacet
 facet normal  0.000000e+00  0.000000e+00  1.000000e+00
   outer loop
     vertex  7.950018e+01  5.643657e+01  3.650000e+01
     vertex  7.943356e+01  5.648307e+01  3.650000e+01
     vertex  7.825000e+01  5.450000e+01  3.650000e+01
   endloop
 endfacet
 facet normal  0.000000e+00  0.000000e+00  1.000000e+00
   outer loop
     vertex  8.018657e+01  5.575018e+01  3.650000e+01
     vertex  7.825000e+01  5.450000e+01  3.650000e+01
     vertex  8.023307e+01  5.568356e+01  3.650000e+01
   endloop
 endfacet
 facet normal  0.000000e+00  0.000000e+00  1.000000e+00
   outer loop
     vertex  7.956552e+01  5.638828e+01  3.650000e+01
     vertex  7.950018e+01  5.643657e+01  3.650000e+01
     vertex  7.825000e+01  5.450000e+01  3.650000e+01
   endloop
 endfacet
 facet normal  0.000000e+00  0.000000e+00  1.000000e+00
   outer loop
     vertex  8.013828e+01  5.581552e+01  3.650000e+01
     vertex  7.825000e+01  5.450000e+01  3.650000e+01
     vertex  8.018657e+01  5.575018e+01  3.650000e+01
   endloop
 endfacet
 facet normal  0.000000e+00  0.000000e+00  1.000000e+00
   outer loop
     vertex  7.962953e+01  5.633824e+01  3.650000e+01
     vertex  7.956552e+01  5.638828e+01  3.650000e+01
     vertex  7.825000e+01  5.450000e+01  3.650000e+01
   endloop
 endfacet
 facet normal  0.000000e+00  0.000000e+00  1.000000e+00
   outer loop
     vertex  8.008824e+01  5.587953e+01  3.650000e+01
     vertex  7.825000e+01  5.450000e+01  3.650000e+01
     vertex  8.013828e+01  5.581552e+01  3.650000e+01
   endloop
 endfacet
 facet normal  0.000000e+00  0.000000e+00  1.000000e+00
   outer loop
     vertex  7.969216e+01  5.628649e+01  3.650000e+01
     vertex  7.962953e+01  5.633824e+01  3.650000e+01
     vertex  7.825000e+01  5.450000e+01  3.650000e+01
   endloop
 endfacet
 facet normal  0.000000e+00  0.000000e+00  1.000000e+00
   outer loop
     vertex  8.003649e+01  5.594216e+01  3.650000e+01
     vertex  7.825000e+01  5.450000e+01  3.650000e+01
     vertex  8.008824e+01  5.587953e+01  3.650000e+01
   endloop
 endfacet
 facet normal  0.000000e+00  0.000000e+00  1.000000e+00
   outer loop
     vertex  7.975336e+01  5.623306e+01  3.650000e+01
     vertex  7.969216e+01  5.628649e+01  3.650000e+01
     vertex  7.825000e+01  5.450000e+01  3.650000e+01
   endloop
 endfacet
 facet normal  0.000000e+00  0.000000e+00  1.000000e+00
   outer loop
     vertex  7.998306e+01  5.600336e+01  3.650000e+01
     vertex  7.825000e+01  5.450000e+01  3.650000e+01
     vertex  8.003649e+01  5.594216e+01  3.650000e+01
   endloop
 endfacet
 facet normal  0.000000e+00  0.000000e+00  1.000000e+00
   outer loop
     vertex  7.992799e+01  5.606310e+01  3.650000e+01
     vertex  7.825000e+01  5.450000e+01  3.650000e+01
     vertex  7.998306e+01  5.600336e+01  3.650000e+01
   endloop
 endfacet
 facet normal  0.000000e+00  0.000000e+00  1.000000e+00
   outer loop
     vertex  7.981310e+01  5.617799e+01  3.650000e+01
     vertex  7.975336e+01  5.623306e+01  3.650000e+01
     vertex  7.825000e+01  5.450000e+01  3.650000e+01
   endloop
 endfacet
 facet normal  0.000000e+00  0.000000e+00  1.000000e+00
   outer loop
     vertex  7.987132e+01  5.612132e+01  3.650000e+01
     vertex  7.981310e+01  5.617799e+01  3.650000e+01
     vertex  7.825000e+01  5.450000e+01  3.650000e+01
   endloop
 endfacet
 facet normal  0.000000e+00  0.000000e+00  1.000000e+00
   outer loop
     vertex  7.987132e+01  5.612132e+01  3.650000e+01
     vertex  7.825000e+01  5.450000e+01  3.650000e+01
     vertex  7.992799e+01  5.606310e+01  3.650000e+01
   endloop
 endfacet
 facet normal -9.999083e-01 -1.354093e-02 -0.000000e+00
   outer loop
     vertex -2.500000e+00  5.000000e-01  3.650000e+01
     vertex -2.500000e+00  5.000000e-01 -2.500000e+00
     vertex -2.498900e+00  4.187618e-01 -2.500000e+00
   endloop
 endfacet
 facet normal -9.999083e-01 -1.354093e-02 -0.000000e+00
   outer loop
     vertex -2.498900e+00  4.187618e-01  3.650000e+01
     vertex -2.500000e+00  5.000000e-01  3.650000e+01
     vertex -2.498900e+00  4.187618e-01 -2.500000e+00
   endloop
 endfacet
 facet normal -9.991750e-01 -4.061287e-02 -0.000000e+00
   outer loop
     vertex -2.495600e+00  3.375833e-01  3.650000e+01
     vertex -2.498900e+00  4.187618e-01 -2.500000e+00
     vertex -2.495600e+00  3.375833e-01 -2.500000e+00
   endloop
 endfacet
 facet normal -9.977088e-01 -6.765502e-02 -0.000000e+00
   outer loop
     vertex -2.495600e+00  3.375833e-01  3.650000e+01
     vertex -2.495600e+00  3.375833e-01 -2.500000e+00
     vertex -2.490104e+00  2.565238e-01 -2.500000e+00
   endloop
 endfacet
 facet normal -9.991750e-01 -4.061287e-02 -7.732345e-21
   outer loop
     vertex -2.495600e+00  3.375833e-01  3.650000e+01
     vertex -2.498900e+00  4.187618e-01  3.650000e+01
     vertex -2.498900e+00  4.187618e-01 -2.500000e+00
   endloop
 endfacet
 facet normal -9.977088e-01 -6.765502e-02 -0.000000e+00
   outer loop
     vertex -2.490104e+00  2.565238e-01  3.650000e+01
     vertex -2.495600e+00  3.375833e-01  3.650000e+01
     vertex -2.490104e+00  2.565238e-01 -2.500000e+00
   endloop
 endfacet
 facet normal -9.955108e-01 -9.464755e-02 -0.000000e+00
   outer loop
     vertex -2.482414e+00  1.756429e-01  3.650000e+01
     vertex -2.490104e+00  2.565238e-01 -2.500000e+00
     vertex -2.482414e+00  1.756429e-01 -2.500000e+00
   endloop
 endfacet
 facet normal -9.955108e-01 -9.464755e-02  1.629370e-20
   outer loop
     vertex -2.482414e+00  1.756429e-01  3.650000e+01
     vertex -2.490104e+00  2.565238e-01  3.650000e+01
     vertex -2.490104e+00  2.565238e-01 -2.500000e+00
   endloop
 endfacet
 facet normal -9.925828e-01 -1.215707e-01 -0.000000e+00
   outer loop
     vertex -2.472537e+00  9.499996e-02  3.650000e+01
     vertex -2.482414e+00  1.756429e-01 -2.500000e+00
     vertex -2.472537e+00  9.499996e-02 -2.500000e+00
   endloop
 endfacet
 facet normal -9.925828e-01 -1.215707e-01 -3.793791e-21
   outer loop
     vertex -2.472537e+00  9.499996e-02  3.650000e+01
     vertex -2.482414e+00  1.756429e-01  3.650000e+01
     vertex -2.482414e+00  1.756429e-01 -2.500000e+00
   endloop
 endfacet
 facet normal -9.889267e-01 -1.484046e-01 -0.000000e+00
   outer loop
     vertex -2.460480e+00  1.465401e-02  3.650000e+01
     vertex -2.472537e+00  9.499996e-02 -2.500000e+00
     vertex -2.460480e+00  1.465401e-02 -2.500000e+00
   endloop
 endfacet
 facet normal -9.889267e-01 -1.484046e-01  6.712882e-22
   outer loop
     vertex -2.460480e+00  1.465401e-02  3.650000e+01
     vertex -2.472537e+00  9.499996e-02  3.650000e+01
     vertex -2.472537e+00  9.499996e-02 -2.500000e+00
   endloop
 endfacet
 facet normal -9.845454e-01 -1.751297e-01 -0.000000e+00
   outer loop
     vertex -2.446251e+00 -6.533597e-02  3.650000e+01
     vertex -2.460480e+00  1.465401e-02 -2.500000e+00
     vertex -2.446251e+00 -6.533597e-02 -2.500000e+00
   endloop
 endfacet
 facet normal -9.794419e-01 -2.017264e-01 -0.000000e+00
   outer loop
     vertex -2.446251e+00 -6.533597e-02  3.650000e+01
     vertex -2.446251e+00 -6.533597e-02 -2.500000e+00
     vertex -2.429862e+00 -1.449113e-01 -2.500000e+00
   endloop
 endfacet
 facet normal -9.845454e-01 -1.751297e-01 -2.176149e-20
   outer loop
     vertex -2.446251e+00 -6.533597e-02  3.650000e+01
     vertex -2.460480e+00  1.465401e-02  3.650000e+01
     vertex -2.460480e+00  1.465401e-02 -2.500000e+00
   endloop
 endfacet
 facet normal -9.736201e-01 -2.281751e-01 -0.000000e+00
   outer loop
     vertex -2.429862e+00 -1.449113e-01  3.650000e+01
     vertex -2.429862e+00 -1.449113e-01 -2.500000e+00
     vertex -2.411323e+00 -2.240137e-01 -2.500000e+00
   endloop
 endfacet
 facet normal -9.794419e-01 -2.017264e-01 -0.000000e+00
   outer loop
     vertex -2.429862e+00 -1.449113e-01  3.650000e+01
     vertex -2.446251e+00 -6.533597e-02  3.650000e+01
     vertex -2.429862e+00 -1.449113e-01 -2.500000e+00
   endloop
 endfacet
 facet normal -9.736201e-01 -2.281751e-01 -0.000000e+00
   outer loop
     vertex -2.411323e+00 -2.240137e-01  3.650000e+01
     vertex -2.429862e+00 -1.449113e-01  3.650000e+01
     vertex -2.411323e+00 -2.240137e-01 -2.500000e+00
   endloop
 endfacet
 facet normal -9.670842e-01 -2.544564e-01 -0.000000e+00
   outer loop
     vertex -2.390650e+00 -3.025850e-01  3.650000e+01
     vertex -2.411323e+00 -2.240137e-01 -2.500000e+00
     vertex -2.390650e+00 -3.025850e-01 -2.500000e+00
   endloop
 endfacet
 facet normal -9.670842e-01 -2.544564e-01  1.063314e-20
   outer loop
     vertex -2.390650e+00 -3.025850e-01  3.650000e+01
     vertex -2.411323e+00 -2.240137e-01  3.650000e+01
     vertex -2.411323e+00 -2.240137e-01 -2.500000e+00
   endloop
 endfacet
 facet normal -9.598391e-01 -2.805512e-01 -0.000000e+00
   outer loop
     vertex -2.367856e+00 -3.805677e-01  3.650000e+01
     vertex -2.390650e+00 -3.025850e-01 -2.500000e+00
     vertex -2.367856e+00 -3.805677e-01 -2.500000e+00
   endloop
 endfacet
 facet normal -9.598391e-01 -2.805512e-01 -9.968205e-21
   outer loop
     vertex -2.367856e+00 -3.805677e-01  3.650000e+01
     vertex -2.390650e+00 -3.025850e-01  3.650000e+01
     vertex -2.390650e+00 -3.025850e-01 -2.500000e+00
   endloop
 endfacet
 facet normal -9.518899e-01 -3.064401e-01 -0.000000e+00
   outer loop
     vertex -2.342960e+00 -4.579046e-01  3.650000e+01
     vertex -2.367856e+00 -3.805677e-01 -2.500000e+00
     vertex -2.342960e+00 -4.579046e-01 -2.500000e+00
   endloop
 endfacet
 facet normal -9.518899e-01 -3.064401e-01 -1.510327e-20
   outer loop
     vertex -2.342960e+00 -4.579046e-01  3.650000e+01
     vertex -2.367856e+00 -3.805677e-01  3.650000e+01
     vertex -2.367856e+00 -3.805677e-01 -2.500000e+00
   endloop
 endfacet
 facet normal -9.432426e-01 -3.321044e-01 -0.000000e+00
   outer loop
     vertex -2.315977e+00 -5.345389e-01  3.650000e+01
     vertex -2.342960e+00 -4.579046e-01 -2.500000e+00
     vertex -2.315977e+00 -5.345389e-01 -2.500000e+00
   endloop
 endfacet
 facet normal -9.432426e-01 -3.321044e-01 -6.362697e-20
   outer loop
     vertex -2.315977e+00 -5.345389e-01  3.650000e+01
     vertex -2.342960e+00 -4.579046e-01  3.650000e+01
     vertex -2.342960e+00 -4.579046e-01 -2.500000e+00
   endloop
 endfacet
 facet normal -9.339036e-01 -3.575250e-01 -0.000000e+00
   outer loop
     vertex -2.286930e+00 -6.104145e-01  3.650000e+01
     vertex -2.315977e+00 -5.345389e-01 -2.500000e+00
     vertex -2.286930e+00 -6.104145e-01 -2.500000e+00
   endloop
 endfacet
 facet normal -9.238795e-01 -3.826834e-01 -0.000000e+00
   outer loop
     vertex -2.286930e+00 -6.104145e-01  3.650000e+01
     vertex -2.286930e+00 -6.104145e-01 -2.500000e+00
     vertex -2.255839e+00 -6.854756e-01 -2.500000e+00
   endloop
 endfacet
 facet normal -9.339036e-01 -3.575250e-01  2.213102e-20
   outer loop
     vertex -2.286930e+00 -6.104145e-01  3.650000e+01
     vertex -2.315977e+00 -5.345389e-01  3.650000e+01
     vertex -2.315977e+00 -5.345389e-01 -2.500000e+00
   endloop
 endfacet
 facet normal -9.238795e-01 -3.826834e-01 -0.000000e+00
   outer loop
     vertex -2.255839e+00 -6.854756e-01  3.650000e+01
     vertex -2.286930e+00 -6.104145e-01  3.650000e+01
     vertex -2.255839e+00 -6.854756e-01 -2.500000e+00
   endloop
 endfacet
 facet normal -9.131779e-01 -4.075612e-01 -0.000000e+00
   outer loop
     vertex -2.222726e+00 -7.596673e-01  3.650000e+01
     vertex -2.255839e+00 -6.854756e-01 -2.500000e+00
     vertex -2.222726e+00 -7.596673e-01 -2.500000e+00
   endloop
 endfacet
 facet normal -9.131779e-01 -4.075612e-01 -5.767829e-20
   outer loop
     vertex -2.222726e+00 -7.596673e-01  3.650000e+01
     vertex -2.255839e+00 -6.854756e-01  3.650000e+01
     vertex -2.255839e+00 -6.854756e-01 -2.500000e+00
   endloop
 endfacet
 facet normal -9.018065e-01 -4.321400e-01 -0.000000e+00
   outer loop
     vertex -2.187617e+00 -8.329351e-01  3.650000e+01
     vertex -2.222726e+00 -7.596673e-01 -2.500000e+00
     vertex -2.187617e+00 -8.329351e-01 -2.500000e+00
   endloop
 endfacet
 facet normal -9.018065e-01 -4.321400e-01  3.398690e-20
   outer loop
     vertex -2.187617e+00 -8.329351e-01  3.650000e+01
     vertex -2.222726e+00 -7.596673e-01  3.650000e+01
     vertex -2.222726e+00 -7.596673e-01 -2.500000e+00
   endloop
 endfacet
 facet normal -8.897737e-01 -4.564019e-01 -0.000000e+00
   outer loop
     vertex -2.150536e+00 -9.052253e-01  3.650000e+01
     vertex -2.187617e+00 -8.329351e-01 -2.500000e+00
     vertex -2.150536e+00 -9.052253e-01 -2.500000e+00
   endloop
 endfacet
 facet normal -8.770884e-01 -4.803291e-01 -0.000000e+00
   outer loop
     vertex -2.150536e+00 -9.052253e-01  3.650000e+01
     vertex -2.150536e+00 -9.052253e-01 -2.500000e+00
     vertex -2.111512e+00 -9.764849e-01 -2.500000e+00
   endloop
 endfacet
 facet normal -8.897737e-01 -4.564019e-01 -1.986444e-20
   outer loop
     vertex -2.150536e+00 -9.052253e-01  3.650000e+01
     vertex -2.187617e+00 -8.329351e-01  3.650000e+01
     vertex -2.187617e+00 -8.329351e-01 -2.500000e+00
   endloop
 endfacet
 facet normal -8.770884e-01 -4.803291e-01 -0.000000e+00
   outer loop
     vertex -2.111512e+00 -9.764849e-01  3.650000e+01
     vertex -2.150536e+00 -9.052253e-01  3.650000e+01
     vertex -2.111512e+00 -9.764849e-01 -2.500000e+00
   endloop
 endfacet
 facet normal -8.637597e-01 -5.039039e-01 -0.000000e+00
   outer loop
     vertex -2.070572e+00 -1.046662e+00  3.650000e+01
     vertex -2.111512e+00 -9.764849e-01 -2.500000e+00
     vertex -2.070572e+00 -1.046662e+00 -2.500000e+00
   endloop
 endfacet
 facet normal -8.637597e-01 -5.039039e-01 -2.486264e-20
   outer loop
     vertex -2.070572e+00 -1.046662e+00  3.650000e+01
     vertex -2.111512e+00 -9.764849e-01  3.650000e+01
     vertex -2.111512e+00 -9.764849e-01 -2.500000e+00
   endloop
 endfacet
 facet normal -8.497975e-01 -5.271092e-01 -2.530593e-20
   outer loop
     vertex -2.027746e+00 -1.115704e+00  3.650000e+01
     vertex -2.070572e+00 -1.046662e+00  3.650000e+01
     vertex -2.070572e+00 -1.046662e+00 -2.500000e+00
   endloop
 endfacet
 facet normal -8.497975e-01 -5.271092e-01 -0.000000e+00
   outer loop
     vertex -2.027746e+00 -1.115704e+00  3.650000e+01
     vertex -2.070572e+00 -1.046662e+00 -2.500000e+00
     vertex -2.027746e+00 -1.115704e+00 -2.500000e+00
   endloop
 endfacet
 facet normal -8.352121e-01 -5.499279e-01 -0.000000e+00
   outer loop
     vertex -2.027746e+00 -1.115704e+00  3.650000e+01
     vertex -2.027746e+00 -1.115704e+00 -2.500000e+00
     vertex -1.983067e+00 -1.183561e+00 -2.500000e+00
   endloop
 endfacet
 facet normal -8.352121e-01 -5.499279e-01 -0.000000e+00
   outer loop
     vertex -1.983067e+00 -1.183561e+00  3.650000e+01
     vertex -2.027746e+00 -1.115704e+00  3.650000e+01
     vertex -1.983067e+00 -1.183561e+00 -2.500000e+00
   endloop
 endfacet
 facet normal -8.200141e-01 -5.723433e-01 -1.734416e-20
   outer loop
     vertex -1.936567e+00 -1.250184e+00  3.650000e+01
     vertex -1.983067e+00 -1.183561e+00  3.650000e+01
     vertex -1.983067e+00 -1.183561e+00 -2.500000e+00
   endloop
 endfacet
 facet normal -8.200141e-01 -5.723433e-01 -0.000000e+00
   outer loop
     vertex -1.936567e+00 -1.250184e+00  3.650000e+01
     vertex -1.983067e+00 -1.183561e+00 -2.500000e+00
     vertex -1.936567e+00 -1.250184e+00 -2.500000e+00
   endloop
 endfacet
 facet normal -8.042147e-01 -5.943389e-01  2.818034e-20
   outer loop
     vertex -1.888279e+00 -1.315523e+00  3.650000e+01
     vertex -1.936567e+00 -1.250184e+00  3.650000e+01
     vertex -1.936567e+00 -1.250184e+00 -2.500000e+00
   endloop
 endfacet
 facet normal -8.042147e-01 -5.943389e-01 -0.000000e+00
   outer loop
     vertex -1.888279e+00 -1.315523e+00  3.650000e+01
     vertex -1.936567e+00 -1.250184e+00 -2.500000e+00
     vertex -1.888279e+00 -1.315523e+00 -2.500000e+00
   endloop
 endfacet
 facet normal -7.878255e-01 -6.158986e-01 -5.129660e-20
   outer loop
     vertex -1.838240e+00 -1.379530e+00  3.650000e+01
     vertex -1.888279e+00 -1.315523e+00  3.650000e+01
     vertex -1.888279e+00 -1.315523e+00 -2.500000e+00
   endloop
 endfacet
 facet normal -7.878255e-01 -6.158986e-01 -0.000000e+00
   outer loop
     vertex -1.838240e+00 -1.379530e+00  3.650000e+01
     vertex -1.888279e+00 -1.315523e+00 -2.500000e+00
     vertex -1.838240e+00 -1.379530e+00 -2.500000e+00
   endloop
 endfacet
 facet normal -7.708584e-01 -6.370065e-01 -0.000000e+00
   outer loop
     vertex -1.838240e+00 -1.379530e+00  3.650000e+01
     vertex -1.838240e+00 -1.379530e+00 -2.500000e+00
     vertex -1.786486e+00 -1.442159e+00 -2.500000e+00
   endloop
 endfacet
 facet normal -7.708584e-01 -6.370065e-01 -0.000000e+00
   outer loop
     vertex -1.786486e+00 -1.442159e+00  3.650000e+01
     vertex -1.838240e+00 -1.379530e+00  3.650000e+01
     vertex -1.786486e+00 -1.442159e+00 -2.500000e+00
   endloop
 endfacet
 facet normal -7.533260e-01 -6.576473e-01 -0.000000e+00
   outer loop
     vertex -1.733055e+00 -1.503363e+00  3.650000e+01
     vertex -1.786486e+00 -1.442159e+00 -2.500000e+00
     vertex -1.733055e+00 -1.503363e+00 -2.500000e+00
   endloop
 endfacet
 facet normal -7.533260e-01 -6.576473e-01  6.627671e-20
   outer loop
     vertex -1.733055e+00 -1.503363e+00  3.650000e+01
     vertex -1.786486e+00 -1.442159e+00  3.650000e+01
     vertex -1.786486e+00 -1.442159e+00 -2.500000e+00
   endloop
 endfacet
 facet normal -7.352410e-01 -6.778058e-01 -0.000000e+00
   outer loop
     vertex -1.677986e+00 -1.563098e+00  3.650000e+01
     vertex -1.733055e+00 -1.503363e+00 -2.500000e+00
     vertex -1.677986e+00 -1.563098e+00 -2.500000e+00
   endloop
 endfacet
 facet normal -7.352410e-01 -6.778058e-01  3.235212e-20
   outer loop
     vertex -1.677986e+00 -1.563098e+00  3.650000e+01
     vertex -1.733055e+00 -1.503363e+00  3.650000e+01
     vertex -1.733055e+00 -1.503363e+00 -2.500000e+00
   endloop
 endfacet
 facet normal -7.166168e-01 -6.974671e-01 -0.000000e+00
   outer loop
     vertex -1.621320e+00 -1.621320e+00  3.650000e+01
     vertex -1.677986e+00 -1.563098e+00 -2.500000e+00
     vertex -1.621320e+00 -1.621320e+00 -2.500000e+00
   endloop
 endfacet
 facet normal -7.166168e-01 -6.974671e-01 -2.961505e-20
   outer loop
     vertex -1.621320e+00 -1.621320e+00  3.650000e+01
     vertex -1.677986e+00 -1.563098e+00  3.650000e+01
     vertex -1.677986e+00 -1.563098e+00 -2.500000e+00
   endloop
 endfacet
 facet normal -6.974671e-01 -7.166168e-01 -0.000000e+00
   outer loop
     vertex -1.563098e+00 -1.677986e+00  3.650000e+01
     vertex -1.621320e+00 -1.621320e+00 -2.500000e+00
     vertex -1.563098e+00 -1.677986e+00 -2.500000e+00
   endloop
 endfacet
 facet normal -6.974671e-01 -7.166168e-01  5.157233e-20
   outer loop
     vertex -1.563098e+00 -1.677986e+00  3.650000e+01
     vertex -1.621320e+00 -1.621320e+00  3.650000e+01
     vertex -1.621320e+00 -1.621320e+00 -2.500000e+00
   endloop
 endfacet
 facet normal -6.778058e-01 -7.352410e-01 -0.000000e+00
   outer loop
     vertex -1.503363e+00 -1.733055e+00  3.650000e+01
     vertex -1.563098e+00 -1.677986e+00 -2.500000e+00
     vertex -1.503363e+00 -1.733055e+00 -2.500000e+00
   endloop
 endfacet
 facet normal -6.778058e-01 -7.352410e-01  2.015877e-21
   outer loop
     vertex -1.503363e+00 -1.733055e+00  3.650000e+01
     vertex -1.563098e+00 -1.677986e+00  3.650000e+01
     vertex -1.563098e+00 -1.677986e+00 -2.500000e+00
   endloop
 endfacet
 facet normal -6.576473e-01 -7.533260e-01 -0.000000e+00
   outer loop
     vertex -1.442159e+00 -1.786486e+00  3.650000e+01
     vertex -1.503363e+00 -1.733055e+00 -2.500000e+00
     vertex -1.442159e+00 -1.786486e+00 -2.500000e+00
   endloop
 endfacet
 facet normal -6.576473e-01 -7.533260e-01  1.609508e-20
   outer loop
     vertex -1.442159e+00 -1.786486e+00  3.650000e+01
     vertex -1.503363e+00 -1.733055e+00  3.650000e+01
     vertex -1.503363e+00 -1.733055e+00 -2.500000e+00
   endloop
 endfacet
 facet normal -6.370065e-01 -7.708584e-01 -0.000000e+00
   outer loop
     vertex -1.379530e+00 -1.838240e+00  3.650000e+01
     vertex -1.442159e+00 -1.786486e+00 -2.500000e+00
     vertex -1.379530e+00 -1.838240e+00 -2.500000e+00
   endloop
 endfacet
 facet normal -6.370065e-01 -7.708584e-01 -2.899143e-20
   outer loop
     vertex -1.379530e+00 -1.838240e+00  3.650000e+01
     vertex -1.442159e+00 -1.786486e+00  3.650000e+01
     vertex -1.442159e+00 -1.786486e+00 -2.500000e+00
   endloop
 endfacet
 facet normal -6.158986e-01 -7.878255e-01 -0.000000e+00
   outer loop
     vertex -1.315523e+00 -1.888279e+00  3.650000e+01
     vertex -1.379530e+00 -1.838240e+00 -2.500000e+00
     vertex -1.315523e+00 -1.888279e+00 -2.500000e+00
   endloop
 endfacet
 facet normal -6.158986e-01 -7.878255e-01 -3.938066e-20
   outer loop
     vertex -1.315523e+00 -1.888279e+00  3.650000e+01
     vertex -1.379530e+00 -1.838240e+00  3.650000e+01
     vertex -1.379530e+00 -1.838240e+00 -2.500000e+00
   endloop
 endfacet
 facet normal -5.943389e-01 -8.042147e-01 -0.000000e+00
   outer loop
     vertex -1.250184e+00 -1.936567e+00  3.650000e+01
     vertex -1.315523e+00 -1.888279e+00 -2.500000e+00
     vertex -1.250184e+00 -1.936567e+00 -2.500000e+00
   endloop
 endfacet
 facet normal -5.943389e-01 -8.042147e-01 -3.290704e-20
   outer loop
     vertex -1.250184e+00 -1.936567e+00  3.650000e+01
     vertex -1.315523e+00 -1.888279e+00  3.650000e+01
     vertex -1.315523e+00 -1.888279e+00 -2.500000e+00
   endloop
 endfacet
 facet normal -5.723433e-01 -8.200141e-01 -0.000000e+00
   outer loop
     vertex -1.183561e+00 -1.983067e+00  3.650000e+01
     vertex -1.250184e+00 -1.936567e+00 -2.500000e+00
     vertex -1.183561e+00 -1.983067e+00 -2.500000e+00
   endloop
 endfacet
 facet normal -5.499279e-01 -8.352121e-01 -0.000000e+00
   outer loop
     vertex -1.183561e+00 -1.983067e+00  3.650000e+01
     vertex -1.183561e+00 -1.983067e+00 -2.500000e+00
     vertex -1.115704e+00 -2.027746e+00 -2.500000e+00
   endloop
 endfacet
 facet normal -5.723433e-01 -8.200141e-01  4.328404e-20
   outer loop
     vertex -1.183561e+00 -1.983067e+00  3.650000e+01
     vertex -1.250184e+00 -1.936567e+00  3.650000e+01
     vertex -1.250184e+00 -1.936567e+00 -2.500000e+00
   endloop
 endfacet
 facet normal -5.499279e-01 -8.352121e-01 -0.000000e+00
   outer loop
     vertex -1.115704e+00 -2.027746e+00  3.650000e+01
     vertex -1.183561e+00 -1.983067e+00  3.650000e+01
     vertex -1.115704e+00 -2.027746e+00 -2.500000e+00
   endloop
 endfacet
 facet normal -5.271092e-01 -8.497975e-01 -0.000000e+00
   outer loop
     vertex -1.046662e+00 -2.070572e+00  3.650000e+01
     vertex -1.115704e+00 -2.027746e+00 -2.500000e+00
     vertex -1.046662e+00 -2.070572e+00 -2.500000e+00
   endloop
 endfacet
 facet normal -5.271092e-01 -8.497975e-01 -6.645858e-20
   outer loop
     vertex -1.046662e+00 -2.070572e+00  3.650000e+01
     vertex -1.115704e+00 -2.027746e+00  3.650000e+01
     vertex -1.115704e+00 -2.027746e+00 -2.500000e+00
   endloop
 endfacet
 facet normal -5.039039e-01 -8.637597e-01 -0.000000e+00
   outer loop
     vertex -9.764849e-01 -2.111512e+00  3.650000e+01
     vertex -1.046662e+00 -2.070572e+00 -2.500000e+00
     vertex -9.764849e-01 -2.111512e+00 -2.500000e+00
   endloop
 endfacet
 facet normal -5.039039e-01 -8.637597e-01 -8.959639e-21
   outer loop
     vertex -9.764849e-01 -2.111512e+00  3.650000e+01
     vertex -1.046662e+00 -2.070572e+00  3.650000e+01
     vertex -1.046662e+00 -2.070572e+00 -2.500000e+00
   endloop
 endfacet
 facet normal -4.803291e-01 -8.770884e-01 -0.000000e+00
   outer loop
     vertex -9.052253e-01 -2.150536e+00  3.650000e+01
     vertex -9.764849e-01 -2.111512e+00 -2.500000e+00
     vertex -9.052253e-01 -2.150536e+00 -2.500000e+00
   endloop
 endfacet
 facet normal -4.803291e-01 -8.770884e-01 -2.132478e-20
   outer loop
     vertex -9.052253e-01 -2.150536e+00  3.650000e+01
     vertex -9.764849e-01 -2.111512e+00  3.650000e+01
     vertex -9.764849e-01 -2.111512e+00 -2.500000e+00
   endloop
 endfacet
 facet normal -4.564019e-01 -8.897737e-01 -0.000000e+00
   outer loop
     vertex -8.329351e-01 -2.187617e+00  3.650000e+01
     vertex -9.052253e-01 -2.150536e+00 -2.500000e+00
     vertex -8.329351e-01 -2.187617e+00 -2.500000e+00
   endloop
 endfacet
 facet normal -4.321400e-01 -9.018065e-01 -0.000000e+00
   outer loop
     vertex -8.329351e-01 -2.187617e+00  3.650000e+01
     vertex -8.329351e-01 -2.187617e+00 -2.500000e+00
     vertex -7.596673e-01 -2.222726e+00 -2.500000e+00
   endloop
 endfacet
 facet normal -4.564019e-01 -8.897737e-01 -1.641973e-20
   outer loop
     vertex -8.329351e-01 -2.187617e+00  3.650000e+01
     vertex -9.052253e-01 -2.150536e+00  3.650000e+01
     vertex -9.052253e-01 -2.150536e+00 -2.500000e+00
   endloop
 endfacet
 facet normal -4.321400e-01 -9.018065e-01 -0.000000e+00
   outer loop
     vertex -7.596673e-01 -2.222726e+00  3.650000e+01
     vertex -8.329351e-01 -2.187617e+00  3.650000e+01
     vertex -7.596673e-01 -2.222726e+00 -2.500000e+00
   endloop
 endfacet
 facet normal -4.075612e-01 -9.131779e-01 -0.000000e+00
   outer loop
     vertex -6.854756e-01 -2.255839e+00  3.650000e+01
     vertex -7.596673e-01 -2.222726e+00 -2.500000e+00
     vertex -6.854756e-01 -2.255839e+00 -2.500000e+00
   endloop
 endfacet
 facet normal -3.826834e-01 -9.238795e-01 -0.000000e+00
   outer loop
     vertex -6.854756e-01 -2.255839e+00  3.650000e+01
     vertex -6.854756e-01 -2.255839e+00 -2.500000e+00
     vertex -6.104145e-01 -2.286930e+00 -2.500000e+00
   endloop
 endfacet
 facet normal -4.075612e-01 -9.131779e-01 -5.512405e-20
   outer loop
     vertex -6.854756e-01 -2.255839e+00  3.650000e+01
     vertex -7.596673e-01 -2.222726e+00  3.650000e+01
     vertex -7.596673e-01 -2.222726e+00 -2.500000e+00
   endloop
 endfacet
 facet normal -3.826834e-01 -9.238795e-01 -0.000000e+00
   outer loop
     vertex -6.104145e-01 -2.286930e+00  3.650000e+01
     vertex -6.854756e-01 -2.255839e+00  3.650000e+01
     vertex -6.104145e-01 -2.286930e+00 -2.500000e+00
   endloop
 endfacet
 facet normal -3.575250e-01 -9.339036e-01 -0.000000e+00
   outer loop
     vertex -5.345389e-01 -2.315977e+00  3.650000e+01
     vertex -6.104145e-01 -2.286930e+00 -2.500000e+00
     vertex -5.345389e-01 -2.315977e+00 -2.500000e+00
   endloop
 endfacet
 facet normal -3.575250e-01 -9.339036e-01 -1.939899e-20
   outer loop
     vertex -5.345389e-01 -2.315977e+00  3.650000e+01
     vertex -6.104145e-01 -2.286930e+00  3.650000e+01
     vertex -6.104145e-01 -2.286930e+00 -2.500000e+00
   endloop
 endfacet
 facet normal -3.321044e-01 -9.432426e-01  3.920975e-20
   outer loop
     vertex -4.579046e-01 -2.342960e+00  3.650000e+01
     vertex -5.345389e-01 -2.315977e+00  3.650000e+01
     vertex -5.345389e-01 -2.315977e+00 -2.500000e+00
   endloop
 endfacet
 facet normal -3.321044e-01 -9.432426e-01 -0.000000e+00
   outer loop
     vertex -4.579046e-01 -2.342960e+00  3.650000e+01
     vertex -5.345389e-01 -2.315977e+00 -2.500000e+00
     vertex -4.579046e-01 -2.342960e+00 -2.500000e+00
   endloop
 endfacet
 facet normal -3.064401e-01 -9.518899e-01  2.860535e-20
   outer loop
     vertex -3.805677e-01 -2.367856e+00  3.650000e+01
     vertex -4.579046e-01 -2.342960e+00  3.650000e+01
     vertex -4.579046e-01 -2.342960e+00 -2.500000e+00
   endloop
 endfacet
 facet normal -3.064401e-01 -9.518899e-01 -0.000000e+00
   outer loop
     vertex -3.805677e-01 -2.367856e+00  3.650000e+01
     vertex -4.579046e-01 -2.342960e+00 -2.500000e+00
     vertex -3.805677e-01 -2.367856e+00 -2.500000e+00
   endloop
 endfacet
 facet normal -2.805512e-01 -9.598391e-01 -0.000000e+00
   outer loop
     vertex -3.805677e-01 -2.367856e+00  3.650000e+01
     vertex -3.805677e-01 -2.367856e+00 -2.500000e+00
     vertex -3.025850e-01 -2.390650e+00 -2.500000e+00
   endloop
 endfacet
 facet normal -2.805512e-01 -9.598391e-01 -0.000000e+00
   outer loop
     vertex -3.025850e-01 -2.390650e+00  3.650000e+01
     vertex -3.805677e-01 -2.367856e+00  3.650000e+01
     vertex -3.025850e-01 -2.390650e+00 -2.500000e+00
   endloop
 endfacet
 facet normal -2.544564e-01 -9.670842e-01 -6.853453e-21
   outer loop
     vertex -2.240137e-01 -2.411323e+00  3.650000e+01
     vertex -3.025850e-01 -2.390650e+00  3.650000e+01
     vertex -3.025850e-01 -2.390650e+00 -2.500000e+00
   endloop
 endfacet
 facet normal -2.544564e-01 -9.670842e-01 -0.000000e+00
   outer loop
     vertex -2.240137e-01 -2.411323e+00  3.650000e+01
     vertex -3.025850e-01 -2.390650e+00 -2.500000e+00
     vertex -2.240137e-01 -2.411323e+00 -2.500000e+00
   endloop
 endfacet
 facet normal -2.281751e-01 -9.736201e-01 -0.000000e+00
   outer loop
     vertex -2.240137e-01 -2.411323e+00  3.650000e+01
     vertex -2.240137e-01 -2.411323e+00 -2.500000e+00
     vertex -1.449113e-01 -2.429862e+00 -2.500000e+00
   endloop
 endfacet
 facet normal -2.281751e-01 -9.736201e-01 -0.000000e+00
   outer loop
     vertex -1.449113e-01 -2.429862e+00  3.650000e+01
     vertex -2.240137e-01 -2.411323e+00  3.650000e+01
     vertex -1.449113e-01 -2.429862e+00 -2.500000e+00
   endloop
 endfacet
 facet normal -2.017264e-01 -9.794419e-01  2.336672e-20
   outer loop
     vertex -6.533597e-02 -2.446251e+00  3.650000e+01
     vertex -1.449113e-01 -2.429862e+00  3.650000e+01
     vertex -1.449113e-01 -2.429862e+00 -2.500000e+00
   endloop
 endfacet
 facet normal -2.017264e-01 -9.794419e-01 -0.000000e+00
   outer loop
     vertex -6.533597e-02 -2.446251e+00  3.650000e+01
     vertex -1.449113e-01 -2.429862e+00 -2.500000e+00
     vertex -6.533597e-02 -2.446251e+00 -2.500000e+00
   endloop
 endfacet
 facet normal -1.751297e-01 -9.845454e-01  1.481552e-20
   outer loop
     vertex  1.465401e-02 -2.460480e+00  3.650000e+01
     vertex -6.533597e-02 -2.446251e+00  3.650000e+01
     vertex -6.533597e-02 -2.446251e+00 -2.500000e+00
   endloop
 endfacet
 facet normal -1.751297e-01 -9.845454e-01 -0.000000e+00
   outer loop
     vertex  1.465401e-02 -2.460480e+00  3.650000e+01
     vertex -6.533597e-02 -2.446251e+00 -2.500000e+00
     vertex  1.465401e-02 -2.460480e+00 -2.500000e+00
   endloop
 endfacet
 facet normal -1.484046e-01 -9.889267e-01  1.379898e-21
   outer loop
     vertex  9.499996e-02 -2.472537e+00  3.650000e+01
     vertex  1.465401e-02 -2.460480e+00  3.650000e+01
     vertex  1.465401e-02 -2.460480e+00 -2.500000e+00
   endloop
 endfacet
 facet normal -1.484046e-01 -9.889267e-01 -0.000000e+00
   outer loop
     vertex  9.499996e-02 -2.472537e+00  3.650000e+01
     vertex  1.465401e-02 -2.460480e+00 -2.500000e+00
     vertex  9.499996e-02 -2.472537e+00 -2.500000e+00
   endloop
 endfacet
 facet normal -1.215707e-01 -9.925828e-01  1.376694e-20
   outer loop
     vertex  1.756429e-01 -2.482414e+00  3.650000e+01
     vertex  9.499996e-02 -2.472537e+00  3.650000e+01
     vertex  9.499996e-02 -2.472537e+00 -2.500000e+00
   endloop
 endfacet
 facet normal -1.215707e-01 -9.925828e-01 -0.000000e+00
   outer loop
     vertex  1.756429e-01 -2.482414e+00  3.650000e+01
     vertex  9.499996e-02 -2.472537e+00 -2.500000e+00
     vertex  1.756429e-01 -2.482414e+00 -2.500000e+00
   endloop
 endfacet
 facet normal -9.464755e-02 -9.955108e-01 -5.914900e-21
   outer loop
     vertex  2.565238e-01 -2.490104e+00  3.650000e+01
     vertex  1.756429e-01 -2.482414e+00  3.650000e+01
     vertex  1.756429e-01 -2.482414e+00 -2.500000e+00
   endloop
 endfacet
 facet normal -9.464755e-02 -9.955108e-01 -0.000000e+00
   outer loop
     vertex  2.565238e-01 -2.490104e+00  3.650000e+01
     vertex  1.756429e-01 -2.482414e+00 -2.500000e+00
     vertex  2.565238e-01 -2.490104e+00 -2.500000e+00
   endloop
 endfacet
 facet normal -6.765502e-02 -9.977088e-01 -3.053972e-21
   outer loop
     vertex  3.375833e-01 -2.495600e+00  3.650000e+01
     vertex  2.565238e-01 -2.490104e+00  3.650000e+01
     vertex  2.565238e-01 -2.490104e+00 -2.500000e+00
   endloop
 endfacet
 facet normal -6.765502e-02 -9.977088e-01 -0.000000e+00
   outer loop
     vertex  3.375833e-01 -2.495600e+00  3.650000e+01
     vertex  2.565238e-01 -2.490104e+00 -2.500000e+00
     vertex  3.375833e-01 -2.495600e+00 -2.500000e+00
   endloop
 endfacet
 facet normal -4.061287e-02 -9.991750e-01 -0.000000e+00
   outer loop
     vertex  3.375833e-01 -2.495600e+00  3.650000e+01
     vertex  3.375833e-01 -2.495600e+00 -2.500000e+00
     vertex  4.187618e-01 -2.498900e+00 -2.500000e+00
   endloop
 endfacet
 facet normal -4.061287e-02 -9.991750e-01 -0.000000e+00
   outer loop
     vertex  4.187618e-01 -2.498900e+00  3.650000e+01
     vertex  3.375833e-01 -2.495600e+00  3.650000e+01
     vertex  4.187618e-01 -2.498900e+00 -2.500000e+00
   endloop
 endfacet
 facet normal -1.354093e-02 -9.999083e-01 -1.171263e-21
   outer loop
     vertex  5.000000e-01 -2.500000e+00  3.650000e+01
     vertex  4.187618e-01 -2.498900e+00  3.650000e+01
     vertex  4.187618e-01 -2.498900e+00 -2.500000e+00
   endloop
 endfacet
 facet normal -1.354093e-02 -9.999083e-01 -0.000000e+00
   outer loop
     vertex  5.000000e-01 -2.500000e+00  3.650000e+01
     vertex  4.187618e-01 -2.498900e+00 -2.500000e+00
     vertex  5.000000e-01 -2.500000e+00 -2.500000e+00
   endloop
 endfacet
 facet normal -9.999083e-01  1.354093e-02  0.000000e+00
   outer loop
     vertex -2.498900e+00  5.408124e+01  3.650000e+01
     vertex -2.498900e+00  5.408124e+01 -2.500000e+00
     vertex -2.500000e+00  5.400000e+01 -2.500000e+00
   endloop
 endfacet
 facet normal -9.999083e-01  1.354093e-02  1.018668e-21
   outer loop
     vertex -2.498900e+00  5.408124e+01  3.650000e+01
     vertex -2.500000e+00  5.400000e+01 -2.500000e+00
     vertex -2.500000e+00  5.400000e+01  3.650000e+01
   endloop
 endfacet
 facet normal -9.991750e-01  4.061287e-02  0.000000e+00
   outer loop
     vertex -2.495600e+00  5.416242e+01  3.650000e+01
     vertex -2.495600e+00  5.416242e+01 -2.500000e+00
     vertex -2.498900e+00  5.408124e+01 -2.500000e+00
   endloop
 endfacet
 facet normal -9.991750e-01  4.061287e-02  4.605216e-21
   outer loop
     vertex -2.495600e+00  5.416242e+01  3.650000e+01
     vertex -2.498900e+00  5.408124e+01 -2.500000e+00
     vertex -2.498900e+00  5.408124e+01  3.650000e+01
   endloop
 endfacet
 facet normal -9.977088e-01  6.765502e-02  0.000000e+00
   outer loop
     vertex -2.490104e+00  5.424348e+01  3.650000e+01
     vertex -2.490104e+00  5.424348e+01 -2.500000e+00
     vertex -2.495600e+00  5.416242e+01 -2.500000e+00
   endloop
 endfacet
 facet normal -9.977088e-01  6.765502e-02  5.951017e-22
   outer loop
     vertex -2.490104e+00  5.424348e+01  3.650000e+01
     vertex -2.495600e+00  5.416242e+01 -2.500000e+00
     vertex -2.495600e+00  5.416242e+01  3.650000e+01
   endloop
 endfacet
 facet normal -9.955108e-01  9.464755e-02  0.000000e+00
   outer loop
     vertex -2.482414e+00  5.432436e+01  3.650000e+01
     vertex -2.482414e+00  5.432436e+01 -2.500000e+00
     vertex -2.490104e+00  5.424348e+01 -2.500000e+00
   endloop
 endfacet
 facet normal -9.955108e-01  9.464755e-02 -1.170705e-20
   outer loop
     vertex -2.482414e+00  5.432436e+01  3.650000e+01
     vertex -2.490104e+00  5.424348e+01 -2.500000e+00
     vertex -2.490104e+00  5.424348e+01  3.650000e+01
   endloop
 endfacet
 facet normal -9.925828e-01  1.215707e-01  0.000000e+00
   outer loop
     vertex -2.472537e+00  5.440500e+01  3.650000e+01
     vertex -2.472537e+00  5.440500e+01 -2.500000e+00
     vertex -2.482414e+00  5.432436e+01 -2.500000e+00
   endloop
 endfacet
 facet normal -9.925828e-01  1.215707e-01  8.905968e-21
   outer loop
     vertex -2.472537e+00  5.440500e+01  3.650000e+01
     vertex -2.482414e+00  5.432436e+01 -2.500000e+00
     vertex -2.482414e+00  5.432436e+01  3.650000e+01
   endloop
 endfacet
 facet normal -9.889267e-01  1.484046e-01  0.000000e+00
   outer loop
     vertex -2.460480e+00  5.448535e+01  3.650000e+01
     vertex -2.460480e+00  5.448535e+01 -2.500000e+00
     vertex -2.472537e+00  5.440500e+01 -2.500000e+00
   endloop
 endfacet
 facet normal -9.889267e-01  1.484046e-01  2.816421e-21
   outer loop
     vertex -2.460480e+00  5.448535e+01  3.650000e+01
     vertex -2.472537e+00  5.440500e+01 -2.500000e+00
     vertex -2.472537e+00  5.440500e+01  3.650000e+01
   endloop
 endfacet
 facet normal -9.845454e-01  1.751297e-01  0.000000e+00
   outer loop
     vertex -2.446251e+00  5.456534e+01  3.650000e+01
     vertex -2.446251e+00  5.456534e+01 -2.500000e+00
     vertex -2.460480e+00  5.448535e+01 -2.500000e+00
   endloop
 endfacet
 facet normal -9.845454e-01  1.751297e-01  2.939990e-21
   outer loop
     vertex -2.446251e+00  5.456534e+01  3.650000e+01
     vertex -2.460480e+00  5.448535e+01 -2.500000e+00
     vertex -2.460480e+00  5.448535e+01  3.650000e+01
   endloop
 endfacet
 facet normal -9.794419e-01  2.017264e-01  0.000000e+00
   outer loop
     vertex -2.429862e+00  5.464491e+01  3.650000e+01
     vertex -2.429862e+00  5.464491e+01 -2.500000e+00
     vertex -2.446251e+00  5.456534e+01 -2.500000e+00
   endloop
 endfacet
 facet normal -9.794419e-01  2.017264e-01 -3.223264e-20
   outer loop
     vertex -2.429862e+00  5.464491e+01  3.650000e+01
     vertex -2.446251e+00  5.456534e+01 -2.500000e+00
     vertex -2.446251e+00  5.456534e+01  3.650000e+01
   endloop
 endfacet
 facet normal -9.736201e-01  2.281751e-01  0.000000e+00
   outer loop
     vertex -2.411323e+00  5.472401e+01  3.650000e+01
     vertex -2.411323e+00  5.472401e+01 -2.500000e+00
     vertex -2.429862e+00  5.464491e+01 -2.500000e+00
   endloop
 endfacet
 facet normal -9.670842e-01  2.544564e-01  0.000000e+00
   outer loop
     vertex -2.411323e+00  5.472401e+01  3.650000e+01
     vertex -2.390650e+00  5.480259e+01 -2.500000e+00
     vertex -2.411323e+00  5.472401e+01 -2.500000e+00
   endloop
 endfacet
 facet normal -9.736201e-01  2.281751e-01  1.500722e-20
   outer loop
     vertex -2.411323e+00  5.472401e+01  3.650000e+01
     vertex -2.429862e+00  5.464491e+01 -2.500000e+00
     vertex -2.429862e+00  5.464491e+01  3.650000e+01
   endloop
 endfacet
 facet normal -9.670842e-01  2.544564e-01  0.000000e+00
   outer loop
     vertex -2.390650e+00  5.480259e+01  3.650000e+01
     vertex -2.390650e+00  5.480259e+01 -2.500000e+00
     vertex -2.411323e+00  5.472401e+01  3.650000e+01
   endloop
 endfacet
 facet normal -9.598391e-01  2.805512e-01  0.000000e+00
   outer loop
     vertex -2.367856e+00  5.488057e+01  3.650000e+01
     vertex -2.367856e+00  5.488057e+01 -2.500000e+00
     vertex -2.390650e+00  5.480259e+01 -2.500000e+00
   endloop
 endfacet
 facet normal -9.518899e-01  3.064401e-01  0.000000e+00
   outer loop
     vertex -2.367856e+00  5.488057e+01  3.650000e+01
     vertex -2.342960e+00  5.495790e+01 -2.500000e+00
     vertex -2.367856e+00  5.488057e+01 -2.500000e+00
   endloop
 endfacet
 facet normal -9.598391e-01  2.805512e-01  2.582271e-20
   outer loop
     vertex -2.367856e+00  5.488057e+01  3.650000e+01
     vertex -2.390650e+00  5.480259e+01 -2.500000e+00
     vertex -2.390650e+00  5.480259e+01  3.650000e+01
   endloop
 endfacet
 facet normal -9.518899e-01  3.064401e-01  0.000000e+00
   outer loop
     vertex -2.342960e+00  5.495790e+01  3.650000e+01
     vertex -2.342960e+00  5.495790e+01 -2.500000e+00
     vertex -2.367856e+00  5.488057e+01  3.650000e+01
   endloop
 endfacet
 facet normal -9.432426e-01  3.321044e-01  0.000000e+00
   outer loop
     vertex -2.315977e+00  5.503454e+01  3.650000e+01
     vertex -2.315977e+00  5.503454e+01 -2.500000e+00
     vertex -2.342960e+00  5.495790e+01 -2.500000e+00
   endloop
 endfacet
 facet normal -9.432426e-01  3.321044e-01 -2.254422e-20
   outer loop
     vertex -2.315977e+00  5.503454e+01  3.650000e+01
     vertex -2.342960e+00  5.495790e+01 -2.500000e+00
     vertex -2.342960e+00  5.495790e+01  3.650000e+01
   endloop
 endfacet
 facet normal -9.339036e-01  3.575250e-01  0.000000e+00
   outer loop
     vertex -2.286930e+00  5.511041e+01  3.650000e+01
     vertex -2.286930e+00  5.511041e+01 -2.500000e+00
     vertex -2.315977e+00  5.503454e+01 -2.500000e+00
   endloop
 endfacet
 facet normal -9.339036e-01  3.575250e-01 -1.860218e-20
   outer loop
     vertex -2.286930e+00  5.511041e+01  3.650000e+01
     vertex -2.315977e+00  5.503454e+01 -2.500000e+00
     vertex -2.315977e+00  5.503454e+01  3.650000e+01
   endloop
 endfacet
 facet normal -9.238795e-01  3.826834e-01  0.000000e+00
   outer loop
     vertex -2.255839e+00  5.518548e+01  3.650000e+01
     vertex -2.255839e+00  5.518548e+01 -2.500000e+00
     vertex -2.286930e+00  5.511041e+01 -2.500000e+00
   endloop
 endfacet
 facet normal -9.238795e-01  3.826834e-01 -3.573262e-20
   outer loop
     vertex -2.255839e+00  5.518548e+01  3.650000e+01
     vertex -2.286930e+00  5.511041e+01 -2.500000e+00
     vertex -2.286930e+00  5.511041e+01  3.650000e+01
   endloop
 endfacet
 facet normal -9.131779e-01  4.075612e-01  0.000000e+00
   outer loop
     vertex -2.222726e+00  5.525967e+01  3.650000e+01
     vertex -2.222726e+00  5.525967e+01 -2.500000e+00
     vertex -2.255839e+00  5.518548e+01 -2.500000e+00
   endloop
 endfacet
 facet normal -9.131779e-01  4.075612e-01 -6.015015e-20
   outer loop
     vertex -2.222726e+00  5.525967e+01  3.650000e+01
     vertex -2.255839e+00  5.518548e+01 -2.500000e+00
     vertex -2.255839e+00  5.518548e+01  3.650000e+01
   endloop
 endfacet
 facet normal -9.018065e-01  4.321400e-01  0.000000e+00
   outer loop
     vertex -2.187617e+00  5.533294e+01  3.650000e+01
     vertex -2.187617e+00  5.533294e+01 -2.500000e+00
     vertex -2.222726e+00  5.525967e+01 -2.500000e+00
   endloop
 endfacet
 facet normal -9.018065e-01  4.321400e-01  5.964384e-20
   outer loop
     vertex -2.187617e+00  5.533294e+01  3.650000e+01
     vertex -2.222726e+00  5.525967e+01 -2.500000e+00
     vertex -2.222726e+00  5.525967e+01  3.650000e+01
   endloop
 endfacet
 facet normal -8.897737e-01  4.564019e-01  0.000000e+00
   outer loop
     vertex -2.150536e+00  5.540523e+01  3.650000e+01
     vertex -2.150536e+00  5.540523e+01 -2.500000e+00
     vertex -2.187617e+00  5.533294e+01 -2.500000e+00
   endloop
 endfacet
 facet normal -8.897737e-01  4.564019e-01  1.641973e-20
   outer loop
     vertex -2.150536e+00  5.540523e+01  3.650000e+01
     vertex -2.187617e+00  5.533294e+01 -2.500000e+00
     vertex -2.187617e+00  5.533294e+01  3.650000e+01
   endloop
 endfacet
 facet normal -8.770884e-01  4.803291e-01  0.000000e+00
   outer loop
     vertex -2.111512e+00  5.547648e+01  3.650000e+01
     vertex -2.111512e+00  5.547648e+01 -2.500000e+00
     vertex -2.150536e+00  5.540523e+01 -2.500000e+00
   endloop
 endfacet
 facet normal -8.637597e-01  5.039039e-01  0.000000e+00
   outer loop
     vertex -2.111512e+00  5.547648e+01  3.650000e+01
     vertex -2.070572e+00  5.554666e+01 -2.500000e+00
     vertex -2.111512e+00  5.547648e+01 -2.500000e+00
   endloop
 endfacet
 facet normal -8.770884e-01  4.803291e-01 -4.801543e-20
   outer loop
     vertex -2.111512e+00  5.547648e+01  3.650000e+01
     vertex -2.150536e+00  5.540523e+01 -2.500000e+00
     vertex -2.150536e+00  5.540523e+01  3.650000e+01
   endloop
 endfacet
 facet normal -8.637597e-01  5.039039e-01  0.000000e+00
   outer loop
     vertex -2.070572e+00  5.554666e+01  3.650000e+01
     vertex -2.070572e+00  5.554666e+01 -2.500000e+00
     vertex -2.111512e+00  5.547648e+01  3.650000e+01
   endloop
 endfacet
 facet normal -8.497975e-01  5.271092e-01  6.645858e-20
   outer loop
     vertex -2.027746e+00  5.561570e+01  3.650000e+01
     vertex -2.070572e+00  5.554666e+01 -2.500000e+00
     vertex -2.070572e+00  5.554666e+01  3.650000e+01
   endloop
 endfacet
 facet normal -8.497975e-01  5.271092e-01  0.000000e+00
   outer loop
     vertex -2.027746e+00  5.561570e+01  3.650000e+01
     vertex -2.027746e+00  5.561570e+01 -2.500000e+00
     vertex -2.070572e+00  5.554666e+01 -2.500000e+00
   endloop
 endfacet
 facet normal -8.352121e-01  5.499279e-01 -3.087953e-20
   outer loop
     vertex -1.983067e+00  5.568356e+01  3.650000e+01
     vertex -2.027746e+00  5.561570e+01 -2.500000e+00
     vertex -2.027746e+00  5.561570e+01  3.650000e+01
   endloop
 endfacet
 facet normal -8.352121e-01  5.499279e-01  0.000000e+00
   outer loop
     vertex -1.983067e+00  5.568356e+01  3.650000e+01
     vertex -1.983067e+00  5.568356e+01 -2.500000e+00
     vertex -2.027746e+00  5.561570e+01 -2.500000e+00
   endloop
 endfacet
 facet normal -8.200141e-01  5.723433e-01 -2.418306e-20
   outer loop
     vertex -1.936567e+00  5.575018e+01  3.650000e+01
     vertex -1.983067e+00  5.568356e+01 -2.500000e+00
     vertex -1.983067e+00  5.568356e+01  3.650000e+01
   endloop
 endfacet
 facet normal -8.200141e-01  5.723433e-01  0.000000e+00
   outer loop
     vertex -1.936567e+00  5.575018e+01  3.650000e+01
     vertex -1.936567e+00  5.575018e+01 -2.500000e+00
     vertex -1.983067e+00  5.568356e+01 -2.500000e+00
   endloop
 endfacet
 facet normal -8.042147e-01  5.943389e-01  3.518118e-21
   outer loop
     vertex -1.888279e+00  5.581552e+01  3.650000e+01
     vertex -1.936567e+00  5.575018e+01 -2.500000e+00
     vertex -1.936567e+00  5.575018e+01  3.650000e+01
   endloop
 endfacet
 facet normal -8.042147e-01  5.943389e-01  0.000000e+00
   outer loop
     vertex -1.888279e+00  5.581552e+01  3.650000e+01
     vertex -1.888279e+00  5.581552e+01 -2.500000e+00
     vertex -1.936567e+00  5.575018e+01 -2.500000e+00
   endloop
 endfacet
 facet normal -7.878255e-01  6.158986e-01  2.393083e-20
   outer loop
     vertex -1.838240e+00  5.587953e+01  3.650000e+01
     vertex -1.888279e+00  5.581552e+01 -2.500000e+00
     vertex -1.888279e+00  5.581552e+01  3.650000e+01
   endloop
 endfacet
 facet normal -7.878255e-01  6.158986e-01  0.000000e+00
   outer loop
     vertex -1.838240e+00  5.587953e+01  3.650000e+01
     vertex -1.838240e+00  5.587953e+01 -2.500000e+00
     vertex -1.888279e+00  5.581552e+01 -2.500000e+00
   endloop
 endfacet
 facet normal -7.708584e-01  6.370065e-01  0.000000e+00
   outer loop
     vertex -1.786486e+00  5.594216e+01  3.650000e+01
     vertex -1.786486e+00  5.594216e+01 -2.500000e+00
     vertex -1.838240e+00  5.587953e+01 -2.500000e+00
   endloop
 endfacet
 facet normal -7.708584e-01  6.370065e-01 -2.831338e-21
   outer loop
     vertex -1.786486e+00  5.594216e+01  3.650000e+01
     vertex -1.838240e+00  5.587953e+01 -2.500000e+00
     vertex -1.838240e+00  5.587953e+01  3.650000e+01
   endloop
 endfacet
 facet normal -7.533260e-01  6.576473e-01  0.000000e+00
   outer loop
     vertex -1.733055e+00  5.600336e+01  3.650000e+01
     vertex -1.733055e+00  5.600336e+01 -2.500000e+00
     vertex -1.786486e+00  5.594216e+01 -2.500000e+00
   endloop
 endfacet
 facet normal -7.533260e-01  6.576473e-01  4.954903e-20
   outer loop
     vertex -1.733055e+00  5.600336e+01  3.650000e+01
     vertex -1.786486e+00  5.594216e+01 -2.500000e+00
     vertex -1.786486e+00  5.594216e+01  3.650000e+01
   endloop
 endfacet
 facet normal -7.352410e-01  6.778058e-01  0.000000e+00
   outer loop
     vertex -1.677986e+00  5.606310e+01  3.650000e+01
     vertex -1.677986e+00  5.606310e+01 -2.500000e+00
     vertex -1.733055e+00  5.600336e+01 -2.500000e+00
   endloop
 endfacet
 facet normal -7.352410e-01  6.778058e-01  3.489926e-20
   outer loop
     vertex -1.677986e+00  5.606310e+01  3.650000e+01
     vertex -1.733055e+00  5.600336e+01 -2.500000e+00
     vertex -1.733055e+00  5.600336e+01  3.650000e+01
   endloop
 endfacet
 facet normal -7.166168e-01  6.974671e-01  0.000000e+00
   outer loop
     vertex -1.621320e+00  5.612132e+01  3.650000e+01
     vertex -1.621320e+00  5.612132e+01 -2.500000e+00
     vertex -1.677986e+00  5.606310e+01 -2.500000e+00
   endloop
 endfacet
 facet normal -7.166168e-01  6.974671e-01  2.532721e-21
   outer loop
     vertex -1.621320e+00  5.612132e+01  3.650000e+01
     vertex -1.677986e+00  5.606310e+01 -2.500000e+00
     vertex -1.677986e+00  5.606310e+01  3.650000e+01
   endloop
 endfacet
 facet normal -6.974671e-01  7.166168e-01  0.000000e+00
   outer loop
     vertex -1.563098e+00  5.617799e+01  3.650000e+01
     vertex -1.563098e+00  5.617799e+01 -2.500000e+00
     vertex -1.621320e+00  5.612132e+01 -2.500000e+00
   endloop
 endfacet
 facet normal -6.974671e-01  7.166168e-01  4.549160e-20
   outer loop
     vertex -1.563098e+00  5.617799e+01  3.650000e+01
     vertex -1.621320e+00  5.612132e+01 -2.500000e+00
     vertex -1.621320e+00  5.612132e+01  3.650000e+01
   endloop
 endfacet
 facet normal -6.778058e-01  7.352410e-01  0.000000e+00
   outer loop
     vertex -1.503363e+00  5.623306e+01  3.650000e+01
     vertex -1.503363e+00  5.623306e+01 -2.500000e+00
     vertex -1.563098e+00  5.617799e+01 -2.500000e+00
   endloop
 endfacet
 facet normal -6.576473e-01  7.533260e-01  0.000000e+00
   outer loop
     vertex -1.503363e+00  5.623306e+01  3.650000e+01
     vertex -1.442159e+00  5.628649e+01 -2.500000e+00
     vertex -1.503363e+00  5.623306e+01 -2.500000e+00
   endloop
 endfacet
 facet normal -6.778058e-01  7.352410e-01  6.727113e-20
   outer loop
     vertex -1.503363e+00  5.623306e+01  3.650000e+01
     vertex -1.563098e+00  5.617799e+01 -2.500000e+00
     vertex -1.563098e+00  5.617799e+01  3.650000e+01
   endloop
 endfacet
 facet normal -6.370065e-01  7.708584e-01  0.000000e+00
   outer loop
     vertex -1.442159e+00  5.628649e+01  3.650000e+01
     vertex -1.379530e+00  5.633824e+01 -2.500000e+00
     vertex -1.442159e+00  5.628649e+01 -2.500000e+00
   endloop
 endfacet
 facet normal -6.576473e-01  7.533260e-01  0.000000e+00
   outer loop
     vertex -1.442159e+00  5.628649e+01  3.650000e+01
     vertex -1.442159e+00  5.628649e+01 -2.500000e+00
     vertex -1.503363e+00  5.623306e+01  3.650000e+01
   endloop
 endfacet
 facet normal -6.158986e-01  7.878255e-01  0.000000e+00
   outer loop
     vertex -1.379530e+00  5.633824e+01  3.650000e+01
     vertex -1.315523e+00  5.638828e+01 -2.500000e+00
     vertex -1.379530e+00  5.633824e+01 -2.500000e+00
   endloop
 endfacet
 facet normal -6.370065e-01  7.708584e-01  0.000000e+00
   outer loop
     vertex -1.379530e+00  5.633824e+01  3.650000e+01
     vertex -1.379530e+00  5.633824e+01 -2.500000e+00
     vertex -1.442159e+00  5.628649e+01  3.650000e+01
   endloop
 endfacet
 facet normal -6.158986e-01  7.878255e-01  0.000000e+00
   outer loop
     vertex -1.315523e+00  5.638828e+01  3.650000e+01
     vertex -1.315523e+00  5.638828e+01 -2.500000e+00
     vertex -1.379530e+00  5.633824e+01  3.650000e+01
   endloop
 endfacet
 facet normal -5.943389e-01  8.042147e-01  0.000000e+00
   outer loop
     vertex -1.250184e+00  5.643657e+01  3.650000e+01
     vertex -1.250184e+00  5.643657e+01 -2.500000e+00
     vertex -1.315523e+00  5.638828e+01 -2.500000e+00
   endloop
 endfacet
 facet normal -5.943389e-01  8.042147e-01 -2.873698e-20
   outer loop
     vertex -1.250184e+00  5.643657e+01  3.650000e+01
     vertex -1.315523e+00  5.638828e+01 -2.500000e+00
     vertex -1.315523e+00  5.638828e+01  3.650000e+01
   endloop
 endfacet
 facet normal -5.723433e-01  8.200141e-01  0.000000e+00
   outer loop
     vertex -1.183561e+00  5.648307e+01  3.650000e+01
     vertex -1.183561e+00  5.648307e+01 -2.500000e+00
     vertex -1.250184e+00  5.643657e+01 -2.500000e+00
   endloop
 endfacet
 facet normal -5.499279e-01  8.352121e-01  0.000000e+00
   outer loop
     vertex -1.183561e+00  5.648307e+01  3.650000e+01
     vertex -1.115704e+00  5.652775e+01 -2.500000e+00
     vertex -1.183561e+00  5.648307e+01 -2.500000e+00
   endloop
 endfacet
 facet normal -5.723433e-01  8.200141e-01 -5.077373e-20
   outer loop
     vertex -1.183561e+00  5.648307e+01  3.650000e+01
     vertex -1.250184e+00  5.643657e+01 -2.500000e+00
     vertex -1.250184e+00  5.643657e+01  3.650000e+01
   endloop
 endfacet
 facet normal -5.271092e-01  8.497975e-01  0.000000e+00
   outer loop
     vertex -1.115704e+00  5.652775e+01  3.650000e+01
     vertex -1.046662e+00  5.657057e+01 -2.500000e+00
     vertex -1.115704e+00  5.652775e+01 -2.500000e+00
   endloop
 endfacet
 facet normal -5.499279e-01  8.352121e-01  0.000000e+00
   outer loop
     vertex -1.115704e+00  5.652775e+01  3.650000e+01
     vertex -1.115704e+00  5.652775e+01 -2.500000e+00
     vertex -1.183561e+00  5.648307e+01  3.650000e+01
   endloop
 endfacet
 facet normal -5.039039e-01  8.637597e-01  0.000000e+00
   outer loop
     vertex -1.046662e+00  5.657057e+01  3.650000e+01
     vertex -9.764849e-01  5.661151e+01 -2.500000e+00
     vertex -1.046662e+00  5.657057e+01 -2.500000e+00
   endloop
 endfacet
 facet normal -5.271092e-01  8.497975e-01  0.000000e+00
   outer loop
     vertex -1.046662e+00  5.657057e+01  3.650000e+01
     vertex -1.046662e+00  5.657057e+01 -2.500000e+00
     vertex -1.115704e+00  5.652775e+01  3.650000e+01
   endloop
 endfacet
 facet normal -5.039039e-01  8.637597e-01  0.000000e+00
   outer loop
     vertex -9.764849e-01  5.661151e+01  3.650000e+01
     vertex -9.764849e-01  5.661151e+01 -2.500000e+00
     vertex -1.046662e+00  5.657057e+01  3.650000e+01
   endloop
 endfacet
 facet normal -4.803291e-01  8.770884e-01  0.000000e+00
   outer loop
     vertex -9.052253e-01  5.665054e+01  3.650000e+01
     vertex -9.052253e-01  5.665054e+01 -2.500000e+00
     vertex -9.764849e-01  5.661151e+01 -2.500000e+00
   endloop
 endfacet
 facet normal -4.564019e-01  8.897737e-01  0.000000e+00
   outer loop
     vertex -9.052253e-01  5.665054e+01  3.650000e+01
     vertex -8.329351e-01  5.668762e+01 -2.500000e+00
     vertex -9.052253e-01  5.665054e+01 -2.500000e+00
   endloop
 endfacet
 facet normal -4.803291e-01  8.770884e-01  1.719158e-20
   outer loop
     vertex -9.052253e-01  5.665054e+01  3.650000e+01
     vertex -9.764849e-01  5.661151e+01 -2.500000e+00
     vertex -9.764849e-01  5.661151e+01  3.650000e+01
   endloop
 endfacet
 facet normal -4.564019e-01  8.897737e-01  0.000000e+00
   outer loop
     vertex -8.329351e-01  5.668762e+01  3.650000e+01
     vertex -8.329351e-01  5.668762e+01 -2.500000e+00
     vertex -9.052253e-01  5.665054e+01  3.650000e+01
   endloop
 endfacet
 facet normal -4.321400e-01  9.018065e-01  0.000000e+00
   outer loop
     vertex -7.596673e-01  5.672273e+01  3.650000e+01
     vertex -7.596673e-01  5.672273e+01 -2.500000e+00
     vertex -8.329351e-01  5.668762e+01 -2.500000e+00
   endloop
 endfacet
 facet normal -4.321400e-01  9.018065e-01 -4.803977e-20
   outer loop
     vertex -7.596673e-01  5.672273e+01  3.650000e+01
     vertex -8.329351e-01  5.668762e+01 -2.500000e+00
     vertex -8.329351e-01  5.668762e+01  3.650000e+01
   endloop
 endfacet
 facet normal -4.075612e-01  9.131779e-01  0.000000e+00
   outer loop
     vertex -6.854756e-01  5.675584e+01  3.650000e+01
     vertex -6.854756e-01  5.675584e+01 -2.500000e+00
     vertex -7.596673e-01  5.672273e+01 -2.500000e+00
   endloop
 endfacet
 facet normal -3.826834e-01  9.238795e-01  0.000000e+00
   outer loop
     vertex -6.854756e-01  5.675584e+01  3.650000e+01
     vertex -6.104145e-01  5.678693e+01 -2.500000e+00
     vertex -6.854756e-01  5.675584e+01 -2.500000e+00
   endloop
 endfacet
 facet normal -4.075612e-01  9.131779e-01 -5.643475e-20
   outer loop
     vertex -6.854756e-01  5.675584e+01  3.650000e+01
     vertex -7.596673e-01  5.672273e+01 -2.500000e+00
     vertex -7.596673e-01  5.672273e+01  3.650000e+01
   endloop
 endfacet
 facet normal -3.826834e-01  9.238795e-01  0.000000e+00
   outer loop
     vertex -6.104145e-01  5.678693e+01  3.650000e+01
     vertex -6.104145e-01  5.678693e+01 -2.500000e+00
     vertex -6.854756e-01  5.675584e+01  3.650000e+01
   endloop
 endfacet
 facet normal -3.575250e-01  9.339036e-01  0.000000e+00
   outer loop
     vertex -5.345389e-01  5.681598e+01  3.650000e+01
     vertex -5.345389e-01  5.681598e+01 -2.500000e+00
     vertex -6.104145e-01  5.678693e+01 -2.500000e+00
   endloop
 endfacet
 facet normal -3.575250e-01  9.339036e-01 -5.896852e-20
   outer loop
     vertex -5.345389e-01  5.681598e+01  3.650000e+01
     vertex -6.104145e-01  5.678693e+01 -2.500000e+00
     vertex -6.104145e-01  5.678693e+01  3.650000e+01
   endloop
 endfacet
 facet normal -3.321044e-01  9.432426e-01 -8.429049e-21
   outer loop
     vertex -4.579046e-01  5.684296e+01  3.650000e+01
     vertex -5.345389e-01  5.681598e+01 -2.500000e+00
     vertex -5.345389e-01  5.681598e+01  3.650000e+01
   endloop
 endfacet
 facet normal -3.321044e-01  9.432426e-01  0.000000e+00
   outer loop
     vertex -4.579046e-01  5.684296e+01  3.650000e+01
     vertex -4.579046e-01  5.684296e+01 -2.500000e+00
     vertex -5.345389e-01  5.681598e+01 -2.500000e+00
   endloop
 endfacet
 facet normal -3.064401e-01  9.518899e-01  0.000000e+00
   outer loop
     vertex -4.579046e-01  5.684296e+01  3.650000e+01
     vertex -3.805677e-01  5.686786e+01 -2.500000e+00
     vertex -4.579046e-01  5.684296e+01 -2.500000e+00
   endloop
 endfacet
 facet normal -3.064401e-01  9.518899e-01  0.000000e+00
   outer loop
     vertex -3.805677e-01  5.686786e+01  3.650000e+01
     vertex -3.805677e-01  5.686786e+01 -2.500000e+00
     vertex -4.579046e-01  5.684296e+01  3.650000e+01
   endloop
 endfacet
 facet normal -2.805512e-01  9.598391e-01  0.000000e+00
   outer loop
     vertex -3.805677e-01  5.686786e+01  3.650000e+01
     vertex -3.025850e-01  5.689065e+01 -2.500000e+00
     vertex -3.805677e-01  5.686786e+01 -2.500000e+00
   endloop
 endfacet
 facet normal -2.805512e-01  9.598391e-01  0.000000e+00
   outer loop
     vertex -3.025850e-01  5.689065e+01  3.650000e+01
     vertex -3.025850e-01  5.689065e+01 -2.500000e+00
     vertex -3.805677e-01  5.686786e+01  3.650000e+01
   endloop
 endfacet
 facet normal -2.544564e-01  9.670842e-01 -1.078055e-20
   outer loop
     vertex -2.240137e-01  5.691132e+01  3.650000e+01
     vertex -3.025850e-01  5.689065e+01 -2.500000e+00
     vertex -3.025850e-01  5.689065e+01  3.650000e+01
   endloop
 endfacet
 facet normal -2.544564e-01  9.670842e-01  0.000000e+00
   outer loop
     vertex -2.240137e-01  5.691132e+01  3.650000e+01
     vertex -2.240137e-01  5.691132e+01 -2.500000e+00
     vertex -3.025850e-01  5.689065e+01 -2.500000e+00
   endloop
 endfacet
 facet normal -2.281751e-01  9.736201e-01  1.203459e-20
   outer loop
     vertex -1.449113e-01  5.692986e+01  3.650000e+01
     vertex -2.240137e-01  5.691132e+01 -2.500000e+00
     vertex -2.240137e-01  5.691132e+01  3.650000e+01
   endloop
 endfacet
 facet normal -2.281751e-01  9.736201e-01  0.000000e+00
   outer loop
     vertex -1.449113e-01  5.692986e+01  3.650000e+01
     vertex -1.449113e-01  5.692986e+01 -2.500000e+00
     vertex -2.240137e-01  5.691132e+01 -2.500000e+00
   endloop
 endfacet
 facet normal -2.017264e-01  9.794419e-01  4.064622e-21
   outer loop
     vertex -6.533597e-02  5.694625e+01  3.650000e+01
     vertex -1.449113e-01  5.692986e+01 -2.500000e+00
     vertex -1.449113e-01  5.692986e+01  3.650000e+01
   endloop
 endfacet
 facet normal -2.017264e-01  9.794419e-01  0.000000e+00
   outer loop
     vertex -6.533597e-02  5.694625e+01  3.650000e+01
     vertex -6.533597e-02  5.694625e+01 -2.500000e+00
     vertex -1.449113e-01  5.692986e+01 -2.500000e+00
   endloop
 endfacet
 facet normal -1.751297e-01  9.845454e-01 -2.196591e-20
   outer loop
     vertex  1.465401e-02  5.696048e+01  3.650000e+01
     vertex -6.533597e-02  5.694625e+01 -2.500000e+00
     vertex -6.533597e-02  5.694625e+01  3.650000e+01
   endloop
 endfacet
 facet normal -1.751297e-01  9.845454e-01  0.000000e+00
   outer loop
     vertex  1.465401e-02  5.696048e+01  3.650000e+01
     vertex  1.465401e-02  5.696048e+01 -2.500000e+00
     vertex -6.533597e-02  5.694625e+01 -2.500000e+00
   endloop
 endfacet
 facet normal -1.484046e-01  9.889267e-01  1.118827e-20
   outer loop
     vertex  9.499996e-02  5.697254e+01  3.650000e+01
     vertex  1.465401e-02  5.696048e+01 -2.500000e+00
     vertex  1.465401e-02  5.696048e+01  3.650000e+01
   endloop
 endfacet
 facet normal -1.484046e-01  9.889267e-01  0.000000e+00
   outer loop
     vertex  9.499996e-02  5.697254e+01  3.650000e+01
     vertex  9.499996e-02  5.697254e+01 -2.500000e+00
     vertex  1.465401e-02  5.696048e+01 -2.500000e+00
   endloop
 endfacet
 facet normal -1.215707e-01  9.925828e-01 -4.920923e-21
   outer loop
     vertex  1.756429e-01  5.698241e+01  3.650000e+01
     vertex  9.499996e-02  5.697254e+01 -2.500000e+00
     vertex  9.499996e-02  5.697254e+01  3.650000e+01
   endloop
 endfacet
 facet normal -1.215707e-01  9.925828e-01  0.000000e+00
   outer loop
     vertex  1.756429e-01  5.698241e+01  3.650000e+01
     vertex  1.756429e-01  5.698241e+01 -2.500000e+00
     vertex  9.499996e-02  5.697254e+01 -2.500000e+00
   endloop
 endfacet
 facet normal -9.464755e-02  9.955108e-01  5.348474e-21
   outer loop
     vertex  2.565238e-01  5.699010e+01  3.650000e+01
     vertex  1.756429e-01  5.698241e+01 -2.500000e+00
     vertex  1.756429e-01  5.698241e+01  3.650000e+01
   endloop
 endfacet
 facet normal -9.464755e-02  9.955108e-01  0.000000e+00
   outer loop
     vertex  2.565238e-01  5.699010e+01  3.650000e+01
     vertex  2.565238e-01  5.699010e+01 -2.500000e+00
     vertex  1.756429e-01  5.698241e+01 -2.500000e+00
   endloop
 endfacet
 facet normal -6.765502e-02  9.977088e-01 -4.635500e-21
   outer loop
     vertex  3.375833e-01  5.699560e+01  3.650000e+01
     vertex  2.565238e-01  5.699010e+01 -2.500000e+00
     vertex  2.565238e-01  5.699010e+01  3.650000e+01
   endloop
 endfacet
 facet normal -6.765502e-02  9.977088e-01  0.000000e+00
   outer loop
     vertex  3.375833e-01  5.699560e+01  3.650000e+01
     vertex  3.375833e-01  5.699560e+01 -2.500000e+00
     vertex  2.565238e-01  5.699010e+01 -2.500000e+00
   endloop
 endfacet
 facet normal -4.061287e-02  9.991750e-01  2.522590e-21
   outer loop
     vertex  4.187618e-01  5.699890e+01  3.650000e+01
     vertex  3.375833e-01  5.699560e+01 -2.500000e+00
     vertex  3.375833e-01  5.699560e+01  3.650000e+01
   endloop
 endfacet
 facet normal -4.061287e-02  9.991750e-01  0.000000e+00
   outer loop
     vertex  4.187618e-01  5.699890e+01  3.650000e+01
     vertex  4.187618e-01  5.699890e+01 -2.500000e+00
     vertex  3.375833e-01  5.699560e+01 -2.500000e+00
   endloop
 endfacet
 facet normal -1.354093e-02  9.999083e-01  0.000000e+00
   outer loop
     vertex  4.187618e-01  5.699890e+01  3.650000e+01
     vertex  5.000000e-01  5.700000e+01 -2.500000e+00
     vertex  4.187618e-01  5.699890e+01 -2.500000e+00
   endloop
 endfacet
 facet normal -1.354093e-02  9.999083e-01  0.000000e+00
   outer loop
     vertex  5.000000e-01  5.700000e+01  3.650000e+01
     vertex  5.000000e-01  5.700000e+01 -2.500000e+00
     vertex  4.187618e-01  5.699890e+01  3.650000e+01
   endloop
 endfacet
 facet normal  0.000000e+00  0.000000e+00 -1.000000e+00
   outer loop
     vertex -1.503363e+00 -1.733055e+00 -2.500000e+00
     vertex -1.621320e+00 -1.621320e+00 -2.500000e+00
     vertex -1.677986e+00 -1.563098e+00 -2.500000e+00
   endloop
 endfacet
 facet normal  0.000000e+00  0.000000e+00 -1.000000e+00
   outer loop
     vertex -1.503363e+00 -1.733055e+00 -2.500000e+00
     vertex -1.563098e+00 -1.677986e+00 -2.500000e+00
     vertex -1.621320e+00 -1.621320e+00 -2.500000e+00
   endloop
 endfacet
 facet normal  0.000000e+00  0.000000e+00 -1.000000e+00
   outer loop
     vertex -1.786486e+00 -1.442159e+00 -2.500000e+00
     vertex -1.677986e+00 -1.563098e+00 -2.500000e+00
     vertex -1.733055e+00 -1.503363e+00 -2.500000e+00
   endloop
 endfacet
 facet normal  0.000000e+00  0.000000e+00 -1.000000e+00
   outer loop
     vertex -1.442159e+00 -1.786486e+00 -2.500000e+00
     vertex -1.503363e+00 -1.733055e+00 -2.500000e+00
     vertex -1.677986e+00 -1.563098e+00 -2.500000e+00
   endloop
 endfacet
 facet normal  0.000000e+00  0.000000e+00 -1.000000e+00
   outer loop
     vertex -1.315523e+00 -1.888279e+00 -2.500000e+00
     vertex -1.379530e+00 -1.838240e+00 -2.500000e+00
     vertex -1.442159e+00 -1.786486e+00 -2.500000e+00
   endloop
 endfacet
 facet normal  0.000000e+00  0.000000e+00 -1.000000e+00
   outer loop
     vertex -1.936567e+00 -1.250184e+00 -2.500000e+00
     vertex -1.838240e+00 -1.379530e+00 -2.500000e+00
     vertex -1.888279e+00 -1.315523e+00 -2.500000e+00
   endloop
 endfacet
 facet normal  0.000000e+00  0.000000e+00 -1.000000e+00
   outer loop
     vertex -1.936567e+00 -1.250184e+00 -2.500000e+00
     vertex -1.786486e+00 -1.442159e+00 -2.500000e+00
     vertex -1.838240e+00 -1.379530e+00 -2.500000e+00
   endloop
 endfacet
 facet normal  0.000000e+00  0.000000e+00 -1.000000e+00
   outer loop
     vertex -1.936567e+00 -1.250184e+00 -2.500000e+00
     vertex -1.677986e+00 -1.563098e+00 -2.500000e+00
     vertex -1.786486e+00 -1.442159e+00 -2.500000e+00
   endloop
 endfacet
 facet normal  0.000000e+00  0.000000e+00 -1.000000e+00
   outer loop
     vertex -1.115704e+00 -2.027746e+00 -2.500000e+00
     vertex -1.183561e+00 -1.983067e+00 -2.500000e+00
     vertex -1.250184e+00 -1.936567e+00 -2.500000e+00
   endloop
 endfacet
 facet normal  0.000000e+00  0.000000e+00 -1.000000e+00
   outer loop
     vertex -2.111512e+00 -9.764849e-01 -2.500000e+00
     vertex -2.027746e+00 -1.115704e+00 -2.500000e+00
     vertex -2.070572e+00 -1.046662e+00 -2.500000e+00
   endloop
 endfacet
 facet normal  0.000000e+00  0.000000e+00 -1.000000e+00
   outer loop
     vertex -2.111512e+00 -9.764849e-01 -2.500000e+00
     vertex -1.983067e+00 -1.183561e+00 -2.500000e+00
     vertex -2.027746e+00 -1.115704e+00 -2.500000e+00
   endloop
 endfacet
 facet normal  0.000000e+00  0.000000e+00 -1.000000e+00
   outer loop
     vertex -2.111512e+00 -9.764849e-01 -2.500000e+00
     vertex -1.936567e+00 -1.250184e+00 -2.500000e+00
     vertex -1.983067e+00 -1.183561e+00 -2.500000e+00
   endloop
 endfacet
 facet normal  0.000000e+00  0.000000e+00 -1.000000e+00
   outer loop
     vertex -9.764849e-01 -2.111512e+00 -2.500000e+00
     vertex -1.046662e+00 -2.070572e+00 -2.500000e+00
     vertex -1.115704e+00 -2.027746e+00 -2.500000e+00
   endloop
 endfacet
 facet normal  0.000000e+00  0.000000e+00 -1.000000e+00
   outer loop
     vertex -8.329351e-01 -2.187617e+00 -2.500000e+00
     vertex -9.052253e-01 -2.150536e+00 -2.500000e+00
     vertex -9.764849e-01 -2.111512e+00 -2.500000e+00
   endloop
 endfacet
 facet normal  0.000000e+00  0.000000e+00 -1.000000e+00
   outer loop
     vertex -7.596673e-01 -2.222726e+00 -2.500000e+00
     vertex -9.764849e-01 -2.111512e+00 -2.500000e+00
     vertex -1.115704e+00 -2.027746e+00 -2.500000e+00
   endloop
 endfacet
 facet normal  0.000000e+00  0.000000e+00 -1.000000e+00
   outer loop
     vertex -7.596673e-01 -2.222726e+00 -2.500000e+00
     vertex -8.329351e-01 -2.187617e+00 -2.500000e+00
     vertex -9.764849e-01 -2.111512e+00 -2.500000e+00
   endloop
 endfacet
 facet normal  0.000000e+00  0.000000e+00 -1.000000e+00
   outer loop
     vertex -6.104145e-01 -2.286930e+00 -2.500000e+00
     vertex -6.854756e-01 -2.255839e+00 -2.500000e+00
     vertex -7.596673e-01 -2.222726e+00 -2.500000e+00
   endloop
 endfacet
 facet normal  0.000000e+00  0.000000e+00 -1.000000e+00
   outer loop
     vertex -2.342960e+00 -4.579046e-01 -2.500000e+00
     vertex -2.286930e+00 -6.104145e-01 -2.500000e+00
     vertex -2.315977e+00 -5.345389e-01 -2.500000e+00
   endloop
 endfacet
 facet normal  0.000000e+00  0.000000e+00 -1.000000e+00
   outer loop
     vertex -2.342960e+00 -4.579046e-01 -2.500000e+00
     vertex -2.255839e+00 -6.854756e-01 -2.500000e+00
     vertex -2.286930e+00 -6.104145e-01 -2.500000e+00
   endloop
 endfacet
 facet normal  0.000000e+00  0.000000e+00 -1.000000e+00
   outer loop
     vertex -2.342960e+00 -4.579046e-01 -2.500000e+00
     vertex -2.222726e+00 -7.596673e-01 -2.500000e+00
     vertex -2.255839e+00 -6.854756e-01 -2.500000e+00
   endloop
 endfacet
 facet normal  0.000000e+00  0.000000e+00 -1.000000e+00
   outer loop
     vertex -2.342960e+00 -4.579046e-01 -2.500000e+00
     vertex -2.187617e+00 -8.329351e-01 -2.500000e+00
     vertex -2.222726e+00 -7.596673e-01 -2.500000e+00
   endloop
 endfacet
 facet normal  0.000000e+00  0.000000e+00 -1.000000e+00
   outer loop
     vertex -4.579046e-01 -2.342960e+00 -2.500000e+00
     vertex -5.345389e-01 -2.315977e+00 -2.500000e+00
     vertex -6.104145e-01 -2.286930e+00 -2.500000e+00
   endloop
 endfacet
 facet normal  0.000000e+00  0.000000e+00 -1.000000e+00
   outer loop
     vertex -2.390650e+00 -3.025850e-01 -2.500000e+00
     vertex -2.342960e+00 -4.579046e-01 -2.500000e+00
     vertex -2.367856e+00 -3.805677e-01 -2.500000e+00
   endloop
 endfacet
 facet normal  0.000000e+00  0.000000e+00 -1.000000e+00
   outer loop
     vertex -2.411323e+00 -2.240137e-01 -2.500000e+00
     vertex -2.342960e+00 -4.579046e-01 -2.500000e+00
     vertex -2.390650e+00 -3.025850e-01 -2.500000e+00
   endloop
 endfacet
 facet normal  0.000000e+00  0.000000e+00 -1.000000e+00
   outer loop
     vertex -2.240137e-01 -2.411323e+00 -2.500000e+00
     vertex -3.805677e-01 -2.367856e+00 -2.500000e+00
     vertex -4.579046e-01 -2.342960e+00 -2.500000e+00
   endloop
 endfacet
 facet normal  0.000000e+00  0.000000e+00 -1.000000e+00
   outer loop
     vertex -2.240137e-01 -2.411323e+00 -2.500000e+00
     vertex -3.025850e-01 -2.390650e+00 -2.500000e+00
     vertex -3.805677e-01 -2.367856e+00 -2.500000e+00
   endloop
 endfacet
 facet normal  0.000000e+00  0.000000e+00 -1.000000e+00
   outer loop
     vertex -2.446251e+00 -6.533597e-02 -2.500000e+00
     vertex -2.411323e+00 -2.240137e-01 -2.500000e+00
     vertex -2.429862e+00 -1.449113e-01 -2.500000e+00
   endloop
 endfacet
 facet normal  0.000000e+00  0.000000e+00 -1.000000e+00
   outer loop
     vertex -2.460480e+00  1.465401e-02 -2.500000e+00
     vertex -2.411323e+00 -2.240137e-01 -2.500000e+00
     vertex -2.446251e+00 -6.533597e-02 -2.500000e+00
   endloop
 endfacet
 facet normal  0.000000e+00  0.000000e+00 -1.000000e+00
   outer loop
     vertex -2.460480e+00  1.465401e-02 -2.500000e+00
     vertex -2.342960e+00 -4.579046e-01 -2.500000e+00
     vertex -2.411323e+00 -2.240137e-01 -2.500000e+00
   endloop
 endfacet
 facet normal  0.000000e+00  0.000000e+00 -1.000000e+00
   outer loop
     vertex  1.465401e-02 -2.460480e+00 -2.500000e+00
     vertex -2.240137e-01 -2.411323e+00 -2.500000e+00
     vertex -4.579046e-01 -2.342960e+00 -2.500000e+00
   endloop
 endfacet
 facet normal  0.000000e+00  0.000000e+00 -1.000000e+00
   outer loop
     vertex  1.465401e-02 -2.460480e+00 -2.500000e+00
     vertex -1.449113e-01 -2.429862e+00 -2.500000e+00
     vertex -2.240137e-01 -2.411323e+00 -2.500000e+00
   endloop
 endfacet
 facet normal  0.000000e+00  0.000000e+00 -1.000000e+00
   outer loop
     vertex  1.465401e-02 -2.460480e+00 -2.500000e+00
     vertex -6.533597e-02 -2.446251e+00 -2.500000e+00
     vertex -1.449113e-01 -2.429862e+00 -2.500000e+00
   endloop
 endfacet
 facet normal  0.000000e+00  0.000000e+00 -1.000000e+00
   outer loop
     vertex  9.499996e-02 -2.472537e+00 -2.500000e+00
     vertex  1.465401e-02 -2.460480e+00 -2.500000e+00
     vertex -4.579046e-01 -2.342960e+00 -2.500000e+00
   endloop
 endfacet
 facet normal  0.000000e+00  0.000000e+00 -1.000000e+00
   outer loop
     vertex  2.565238e-01 -2.490104e+00 -2.500000e+00
     vertex -4.579046e-01 -2.342960e+00 -2.500000e+00
     vertex -6.104145e-01 -2.286930e+00 -2.500000e+00
   endloop
 endfacet
 facet normal  0.000000e+00  0.000000e+00 -1.000000e+00
   outer loop
     vertex  2.565238e-01 -2.490104e+00 -2.500000e+00
     vertex -1.250184e+00 -1.936567e+00 -2.500000e+00
     vertex -1.315523e+00 -1.888279e+00 -2.500000e+00
   endloop
 endfacet
 facet normal  0.000000e+00  0.000000e+00 -1.000000e+00
   outer loop
     vertex  2.565238e-01 -2.490104e+00 -2.500000e+00
     vertex  1.756429e-01 -2.482414e+00 -2.500000e+00
     vertex  9.499996e-02 -2.472537e+00 -2.500000e+00
   endloop
 endfacet
 facet normal  0.000000e+00  0.000000e+00 -1.000000e+00
   outer loop
     vertex  2.565238e-01 -2.490104e+00 -2.500000e+00
     vertex -1.115704e+00 -2.027746e+00 -2.500000e+00
     vertex -1.250184e+00 -1.936567e+00 -2.500000e+00
   endloop
 endfacet
 facet normal  0.000000e+00  0.000000e+00 -1.000000e+00
   outer loop
     vertex  2.565238e-01 -2.490104e+00 -2.500000e+00
     vertex -6.104145e-01 -2.286930e+00 -2.500000e+00
     vertex -7.596673e-01 -2.222726e+00 -2.500000e+00
   endloop
 endfacet
 facet normal  0.000000e+00  0.000000e+00 -1.000000e+00
   outer loop
     vertex  2.565238e-01 -2.490104e+00 -2.500000e+00
     vertex -7.596673e-01 -2.222726e+00 -2.500000e+00
     vertex -1.115704e+00 -2.027746e+00 -2.500000e+00
   endloop
 endfacet
 facet normal  0.000000e+00  0.000000e+00 -1.000000e+00
   outer loop
     vertex  2.565238e-01 -2.490104e+00 -2.500000e+00
     vertex  9.499996e-02 -2.472537e+00 -2.500000e+00
     vertex -4.579046e-01 -2.342960e+00 -2.500000e+00
   endloop
 endfacet
 facet normal  0.000000e+00  0.000000e+00 -1.000000e+00
   outer loop
     vertex -2.495600e+00  3.375833e-01 -2.500000e+00
     vertex -2.482414e+00  1.756429e-01 -2.500000e+00
     vertex -2.490104e+00  2.565238e-01 -2.500000e+00
   endloop
 endfacet
 facet normal  0.000000e+00  0.000000e+00 -1.000000e+00
   outer loop
     vertex  5.000000e-01 -2.500000e+00 -2.500000e+00
     vertex  2.565238e-01 -2.490104e+00 -2.500000e+00
     vertex -1.315523e+00 -1.888279e+00 -2.500000e+00
   endloop
 endfacet
 facet normal  0.000000e+00  0.000000e+00 -1.000000e+00
   outer loop
     vertex  5.000000e-01 -2.500000e+00 -2.500000e+00
     vertex -1.677986e+00 -1.563098e+00 -2.500000e+00
     vertex -1.936567e+00 -1.250184e+00 -2.500000e+00
   endloop
 endfacet
 facet normal  0.000000e+00  0.000000e+00 -1.000000e+00
   outer loop
     vertex  5.000000e-01 -2.500000e+00 -2.500000e+00
     vertex -1.315523e+00 -1.888279e+00 -2.500000e+00
     vertex -1.442159e+00 -1.786486e+00 -2.500000e+00
   endloop
 endfacet
 facet normal  0.000000e+00  0.000000e+00 -1.000000e+00
   outer loop
     vertex  5.000000e-01 -2.500000e+00 -2.500000e+00
     vertex -1.442159e+00 -1.786486e+00 -2.500000e+00
     vertex -1.677986e+00 -1.563098e+00 -2.500000e+00
   endloop
 endfacet
 facet normal  0.000000e+00  0.000000e+00 -1.000000e+00
   outer loop
     vertex  5.000000e-01 -2.500000e+00 -2.500000e+00
     vertex  3.375833e-01 -2.495600e+00 -2.500000e+00
     vertex  2.565238e-01 -2.490104e+00 -2.500000e+00
   endloop
 endfacet
 facet normal  0.000000e+00  0.000000e+00 -1.000000e+00
   outer loop
     vertex  5.000000e-01 -2.500000e+00 -2.500000e+00
     vertex  4.187618e-01 -2.498900e+00 -2.500000e+00
     vertex  3.375833e-01 -2.495600e+00 -2.500000e+00
   endloop
 endfacet
 facet normal  0.000000e+00  0.000000e+00 -1.000000e+00
   outer loop
     vertex -2.500000e+00  5.000000e-01 -2.500000e+00
     vertex -2.495600e+00  3.375833e-01 -2.500000e+00
     vertex -2.498900e+00  4.187618e-01 -2.500000e+00
   endloop
 endfacet
 facet normal  0.000000e+00  0.000000e+00 -1.000000e+00
   outer loop
     vertex -2.500000e+00  5.000000e-01 -2.500000e+00
     vertex -2.472537e+00  9.499996e-02 -2.500000e+00
     vertex -2.482414e+00  1.756429e-01 -2.500000e+00
   endloop
 endfacet
 facet normal  0.000000e+00  0.000000e+00 -1.000000e+00
   outer loop
     vertex -2.500000e+00  5.000000e-01 -2.500000e+00
     vertex -2.460480e+00  1.465401e-02 -2.500000e+00
     vertex -2.472537e+00  9.499996e-02 -2.500000e+00
   endloop
 endfacet
 facet normal  0.000000e+00  0.000000e+00 -1.000000e+00
   outer loop
     vertex -2.500000e+00  5.000000e-01 -2.500000e+00
     vertex -2.482414e+00  1.756429e-01 -2.500000e+00
     vertex -2.495600e+00  3.375833e-01 -2.500000e+00
   endloop
 endfacet
 facet normal  0.000000e+00  0.000000e+00 -1.000000e+00
   outer loop
     vertex -2.500000e+00  5.000000e-01 -2.500000e+00
     vertex -2.150536e+00 -9.052253e-01 -2.500000e+00
     vertex -2.187617e+00 -8.329351e-01 -2.500000e+00
   endloop
 endfacet
 facet normal  0.000000e+00  0.000000e+00 -1.000000e+00
   outer loop
     vertex -2.500000e+00  5.000000e-01 -2.500000e+00
     vertex -2.111512e+00 -9.764849e-01 -2.500000e+00
     vertex -2.150536e+00 -9.052253e-01 -2.500000e+00
   endloop
 endfacet
 facet normal  0.000000e+00  0.000000e+00 -1.000000e+00
   outer loop
     vertex -2.500000e+00  5.000000e-01 -2.500000e+00
     vertex -2.342960e+00 -4.579046e-01 -2.500000e+00
     vertex -2.460480e+00  1.465401e-02 -2.500000e+00
   endloop
 endfacet
 facet normal  0.000000e+00  0.000000e+00 -1.000000e+00
   outer loop
     vertex -2.500000e+00  5.000000e-01 -2.500000e+00
     vertex  5.000000e-01 -2.500000e+00 -2.500000e+00
     vertex -1.936567e+00 -1.250184e+00 -2.500000e+00
   endloop
 endfacet
 facet normal  0.000000e+00  0.000000e+00 -1.000000e+00
   outer loop
     vertex -2.500000e+00  5.000000e-01 -2.500000e+00
     vertex -2.187617e+00 -8.329351e-01 -2.500000e+00
     vertex -2.342960e+00 -4.579046e-01 -2.500000e+00
   endloop
 endfacet
 facet normal  0.000000e+00  0.000000e+00 -1.000000e+00
   outer loop
     vertex -2.500000e+00  5.000000e-01 -2.500000e+00
     vertex -1.936567e+00 -1.250184e+00 -2.500000e+00
     vertex -2.111512e+00 -9.764849e-01 -2.500000e+00
   endloop
 endfacet
 facet normal  0.000000e+00  0.000000e+00 -1.000000e+00
   outer loop
     vertex -2.500000e+00  5.400000e+01 -2.500000e+00
     vertex  5.000000e-01 -2.500000e+00 -2.500000e+00
     vertex -2.500000e+00  5.000000e-01 -2.500000e+00
   endloop
 endfacet
 facet normal  0.000000e+00  0.000000e+00 -1.000000e+00
   outer loop
     vertex -2.490104e+00  5.424348e+01 -2.500000e+00
     vertex -2.500000e+00  5.400000e+01 -2.500000e+00
     vertex -2.498900e+00  5.408124e+01 -2.500000e+00
   endloop
 endfacet
 facet normal  0.000000e+00  0.000000e+00 -1.000000e+00
   outer loop
     vertex -2.490104e+00  5.424348e+01 -2.500000e+00
     vertex -2.498900e+00  5.408124e+01 -2.500000e+00
     vertex -2.495600e+00  5.416242e+01 -2.500000e+00
   endloop
 endfacet
 facet normal  0.000000e+00  0.000000e+00 -1.000000e+00
   outer loop
     vertex -2.472537e+00  5.440500e+01 -2.500000e+00
     vertex -2.500000e+00  5.400000e+01 -2.500000e+00
     vertex -2.490104e+00  5.424348e+01 -2.500000e+00
   endloop
 endfacet
 facet normal  0.000000e+00  0.000000e+00 -1.000000e+00
   outer loop
     vertex -2.472537e+00  5.440500e+01 -2.500000e+00
     vertex -2.490104e+00  5.424348e+01 -2.500000e+00
     vertex -2.482414e+00  5.432436e+01 -2.500000e+00
   endloop
 endfacet
 facet normal  0.000000e+00  0.000000e+00 -1.000000e+00
   outer loop
     vertex -2.460480e+00  5.448535e+01 -2.500000e+00
     vertex -2.500000e+00  5.400000e+01 -2.500000e+00
     vertex -2.472537e+00  5.440500e+01 -2.500000e+00
   endloop
 endfacet
 facet normal  0.000000e+00  0.000000e+00 -1.000000e+00
   outer loop
     vertex -2.446251e+00  5.456534e+01 -2.500000e+00
     vertex -2.500000e+00  5.400000e+01 -2.500000e+00
     vertex -2.460480e+00  5.448535e+01 -2.500000e+00
   endloop
 endfacet
 facet normal  0.000000e+00  0.000000e+00 -1.000000e+00
   outer loop
     vertex -2.411323e+00  5.472401e+01 -2.500000e+00
     vertex -2.500000e+00  5.400000e+01 -2.500000e+00
     vertex -2.446251e+00  5.456534e+01 -2.500000e+00
   endloop
 endfacet
 facet normal  0.000000e+00  0.000000e+00 -1.000000e+00
   outer loop
     vertex -2.411323e+00  5.472401e+01 -2.500000e+00
     vertex -2.446251e+00  5.456534e+01 -2.500000e+00
     vertex -2.429862e+00  5.464491e+01 -2.500000e+00
   endloop
 endfacet
 facet normal  0.000000e+00  0.000000e+00 -1.000000e+00
   outer loop
     vertex -2.367856e+00  5.488057e+01 -2.500000e+00
     vertex -2.500000e+00  5.400000e+01 -2.500000e+00
     vertex -2.411323e+00  5.472401e+01 -2.500000e+00
   endloop
 endfacet
 facet normal  0.000000e+00  0.000000e+00 -1.000000e+00
   outer loop
     vertex -2.367856e+00  5.488057e+01 -2.500000e+00
     vertex -2.411323e+00  5.472401e+01 -2.500000e+00
     vertex -2.390650e+00  5.480259e+01 -2.500000e+00
   endloop
 endfacet
 facet normal  0.000000e+00  0.000000e+00 -1.000000e+00
   outer loop
     vertex -2.342960e+00  5.495790e+01 -2.500000e+00
     vertex -2.500000e+00  5.400000e+01 -2.500000e+00
     vertex -2.367856e+00  5.488057e+01 -2.500000e+00
   endloop
 endfacet
 facet normal  0.000000e+00  0.000000e+00 -1.000000e+00
   outer loop
     vertex -2.255839e+00  5.518548e+01 -2.500000e+00
     vertex -2.315977e+00  5.503454e+01 -2.500000e+00
     vertex -2.286930e+00  5.511041e+01 -2.500000e+00
   endloop
 endfacet
 facet normal  0.000000e+00  0.000000e+00 -1.000000e+00
   outer loop
     vertex -2.187617e+00  5.533294e+01 -2.500000e+00
     vertex -2.315977e+00  5.503454e+01 -2.500000e+00
     vertex -2.255839e+00  5.518548e+01 -2.500000e+00
   endloop
 endfacet
 facet normal  0.000000e+00  0.000000e+00 -1.000000e+00
   outer loop
     vertex -2.187617e+00  5.533294e+01 -2.500000e+00
     vertex -2.342960e+00  5.495790e+01 -2.500000e+00
     vertex -2.315977e+00  5.503454e+01 -2.500000e+00
   endloop
 endfacet
 facet normal  0.000000e+00  0.000000e+00 -1.000000e+00
   outer loop
     vertex -2.187617e+00  5.533294e+01 -2.500000e+00
     vertex -2.255839e+00  5.518548e+01 -2.500000e+00
     vertex -2.222726e+00  5.525967e+01 -2.500000e+00
   endloop
 endfacet
 facet normal  0.000000e+00  0.000000e+00 -1.000000e+00
   outer loop
     vertex -2.150536e+00  5.540523e+01 -2.500000e+00
     vertex -2.342960e+00  5.495790e+01 -2.500000e+00
     vertex -2.187617e+00  5.533294e+01 -2.500000e+00
   endloop
 endfacet
 facet normal  0.000000e+00  0.000000e+00 -1.000000e+00
   outer loop
     vertex -2.070572e+00  5.554666e+01 -2.500000e+00
     vertex -2.342960e+00  5.495790e+01 -2.500000e+00
     vertex -2.150536e+00  5.540523e+01 -2.500000e+00
   endloop
 endfacet
 facet normal  0.000000e+00  0.000000e+00 -1.000000e+00
   outer loop
     vertex -2.070572e+00  5.554666e+01 -2.500000e+00
     vertex -2.150536e+00  5.540523e+01 -2.500000e+00
     vertex -2.111512e+00  5.547648e+01 -2.500000e+00
   endloop
 endfacet
 facet normal  0.000000e+00  0.000000e+00 -1.000000e+00
   outer loop
     vertex -1.983067e+00  5.568356e+01 -2.500000e+00
     vertex -2.500000e+00  5.400000e+01 -2.500000e+00
     vertex -2.342960e+00  5.495790e+01 -2.500000e+00
   endloop
 endfacet
 facet normal  0.000000e+00  0.000000e+00 -1.000000e+00
   outer loop
     vertex -1.983067e+00  5.568356e+01 -2.500000e+00
     vertex -2.342960e+00  5.495790e+01 -2.500000e+00
     vertex -2.070572e+00  5.554666e+01 -2.500000e+00
   endloop
 endfacet
 facet normal  0.000000e+00  0.000000e+00 -1.000000e+00
   outer loop
     vertex -1.983067e+00  5.568356e+01 -2.500000e+00
     vertex -2.070572e+00  5.554666e+01 -2.500000e+00
     vertex -2.027746e+00  5.561570e+01 -2.500000e+00
   endloop
 endfacet
 facet normal  0.000000e+00  0.000000e+00 -1.000000e+00
   outer loop
     vertex -1.888279e+00  5.581552e+01 -2.500000e+00
     vertex -2.500000e+00  5.400000e+01 -2.500000e+00
     vertex -1.983067e+00  5.568356e+01 -2.500000e+00
   endloop
 endfacet
 facet normal  0.000000e+00  0.000000e+00 -1.000000e+00
   outer loop
     vertex -1.888279e+00  5.581552e+01 -2.500000e+00
     vertex -1.983067e+00  5.568356e+01 -2.500000e+00
     vertex -1.936567e+00  5.575018e+01 -2.500000e+00
   endloop
 endfacet
 facet normal  0.000000e+00  0.000000e+00 -1.000000e+00
   outer loop
     vertex -1.733055e+00  5.600336e+01 -2.500000e+00
     vertex -1.888279e+00  5.581552e+01 -2.500000e+00
     vertex -1.838240e+00  5.587953e+01 -2.500000e+00
   endloop
 endfacet
 facet normal  0.000000e+00  0.000000e+00 -1.000000e+00
   outer loop
     vertex -1.733055e+00  5.600336e+01 -2.500000e+00
     vertex -1.838240e+00  5.587953e+01 -2.500000e+00
     vertex -1.786486e+00  5.594216e+01 -2.500000e+00
   endloop
 endfacet
 facet normal  0.000000e+00  0.000000e+00 -1.000000e+00
   outer loop
     vertex -1.733055e+00  5.600336e+01 -2.500000e+00
     vertex -2.500000e+00  5.400000e+01 -2.500000e+00
     vertex -1.888279e+00  5.581552e+01 -2.500000e+00
   endloop
 endfacet
 facet normal  0.000000e+00  0.000000e+00 -1.000000e+00
   outer loop
     vertex -1.621320e+00  5.612132e+01 -2.500000e+00
     vertex -1.733055e+00  5.600336e+01 -2.500000e+00
     vertex -1.677986e+00  5.606310e+01 -2.500000e+00
   endloop
 endfacet
 facet normal  0.000000e+00  0.000000e+00 -1.000000e+00
   outer loop
     vertex -1.563098e+00  5.617799e+01 -2.500000e+00
     vertex -2.500000e+00  5.400000e+01 -2.500000e+00
     vertex -1.733055e+00  5.600336e+01 -2.500000e+00
   endloop
 endfacet
 facet normal  0.000000e+00  0.000000e+00 -1.000000e+00
   outer loop
     vertex -1.563098e+00  5.617799e+01 -2.500000e+00
     vertex -1.733055e+00  5.600336e+01 -2.500000e+00
     vertex -1.621320e+00  5.612132e+01 -2.500000e+00
   endloop
 endfacet
 facet normal  0.000000e+00  0.000000e+00 -1.000000e+00
   outer loop
     vertex -1.442159e+00  5.628649e+01 -2.500000e+00
     vertex -1.563098e+00  5.617799e+01 -2.500000e+00
     vertex -1.503363e+00  5.623306e+01 -2.500000e+00
   endloop
 endfacet
 facet normal  0.000000e+00  0.000000e+00 -1.000000e+00
   outer loop
     vertex -1.379530e+00  5.633824e+01 -2.500000e+00
     vertex -1.563098e+00  5.617799e+01 -2.500000e+00
     vertex -1.442159e+00  5.628649e+01 -2.500000e+00
   endloop
 endfacet
 facet normal  0.000000e+00  0.000000e+00 -1.000000e+00
   outer loop
     vertex -1.250184e+00  5.643657e+01 -2.500000e+00
     vertex -1.379530e+00  5.633824e+01 -2.500000e+00
     vertex -1.315523e+00  5.638828e+01 -2.500000e+00
   endloop
 endfacet
 facet normal  0.000000e+00  0.000000e+00 -1.000000e+00
   outer loop
     vertex -1.250184e+00  5.643657e+01 -2.500000e+00
     vertex -1.563098e+00  5.617799e+01 -2.500000e+00
     vertex -1.379530e+00  5.633824e+01 -2.500000e+00
   endloop
 endfacet
 facet normal  0.000000e+00  0.000000e+00 -1.000000e+00
   outer loop
     vertex -1.183561e+00  5.648307e+01 -2.500000e+00
     vertex -1.563098e+00  5.617799e+01 -2.500000e+00
     vertex -1.250184e+00  5.643657e+01 -2.500000e+00
   endloop
 endfacet
 facet normal  0.000000e+00  0.000000e+00 -1.000000e+00
   outer loop
     vertex -6.854756e-01  5.675584e+01 -2.500000e+00
     vertex -1.183561e+00  5.648307e+01 -2.500000e+00
     vertex -1.115704e+00  5.652775e+01 -2.500000e+00
   endloop
 endfacet
 facet normal  0.000000e+00  0.000000e+00 -1.000000e+00
   outer loop
     vertex -6.854756e-01  5.675584e+01 -2.500000e+00
     vertex -1.115704e+00  5.652775e+01 -2.500000e+00
     vertex -1.046662e+00  5.657057e+01 -2.500000e+00
   endloop
 endfacet
 facet normal  0.000000e+00  0.000000e+00 -1.000000e+00
   outer loop
     vertex -6.854756e-01  5.675584e+01 -2.500000e+00
     vertex -1.046662e+00  5.657057e+01 -2.500000e+00
     vertex -9.764849e-01  5.661151e+01 -2.500000e+00
   endloop
 endfacet
 facet normal  0.000000e+00  0.000000e+00 -1.000000e+00
   outer loop
     vertex -6.854756e-01  5.675584e+01 -2.500000e+00
     vertex -9.764849e-01  5.661151e+01 -2.500000e+00
     vertex -9.052253e-01  5.665054e+01 -2.500000e+00
   endloop
 endfacet
 facet normal  0.000000e+00  0.000000e+00 -1.000000e+00
   outer loop
     vertex -6.854756e-01  5.675584e+01 -2.500000e+00
     vertex -9.052253e-01  5.665054e+01 -2.500000e+00
     vertex -8.329351e-01  5.668762e+01 -2.500000e+00
   endloop
 endfacet
 facet normal  0.000000e+00  0.000000e+00 -1.000000e+00
   outer loop
     vertex -6.854756e-01  5.675584e+01 -2.500000e+00
     vertex -8.329351e-01  5.668762e+01 -2.500000e+00
     vertex -7.596673e-01  5.672273e+01 -2.500000e+00
   endloop
 endfacet
 facet normal  0.000000e+00  0.000000e+00 -1.000000e+00
   outer loop
     vertex -6.104145e-01  5.678693e+01 -2.500000e+00
     vertex -1.183561e+00  5.648307e+01 -2.500000e+00
     vertex -6.854756e-01  5.675584e+01 -2.500000e+00
   endloop
 endfacet
 facet normal  0.000000e+00  0.000000e+00 -1.000000e+00
   outer loop
     vertex -5.345389e-01  5.681598e+01 -2.500000e+00
     vertex -1.183561e+00  5.648307e+01 -2.500000e+00
     vertex -6.104145e-01  5.678693e+01 -2.500000e+00
   endloop
 endfacet
 facet normal  0.000000e+00  0.000000e+00 -1.000000e+00
   outer loop
     vertex -3.805677e-01  5.686786e+01 -2.500000e+00
     vertex -5.345389e-01  5.681598e+01 -2.500000e+00
     vertex -4.579046e-01  5.684296e+01 -2.500000e+00
   endloop
 endfacet
 facet normal  0.000000e+00  0.000000e+00 -1.000000e+00
   outer loop
     vertex -3.805677e-01  5.686786e+01 -2.500000e+00
     vertex -1.183561e+00  5.648307e+01 -2.500000e+00
     vertex -5.345389e-01  5.681598e+01 -2.500000e+00
   endloop
 endfacet
 facet normal  0.000000e+00  0.000000e+00 -1.000000e+00
   outer loop
     vertex -2.240137e-01  5.691132e+01 -2.500000e+00
     vertex -3.805677e-01  5.686786e+01 -2.500000e+00
     vertex -3.025850e-01  5.689065e+01 -2.500000e+00
   endloop
 endfacet
 facet normal  0.000000e+00  0.000000e+00 -1.000000e+00
   outer loop
     vertex -2.240137e-01  5.691132e+01 -2.500000e+00
     vertex -1.183561e+00  5.648307e+01 -2.500000e+00
     vertex -3.805677e-01  5.686786e+01 -2.500000e+00
   endloop
 endfacet
 facet normal  0.000000e+00  0.000000e+00 -1.000000e+00
   outer loop
     vertex -6.533597e-02  5.694625e+01 -2.500000e+00
     vertex -2.240137e-01  5.691132e+01 -2.500000e+00
     vertex -1.449113e-01  5.692986e+01 -2.500000e+00
   endloop
 endfacet
 facet normal  0.000000e+00  0.000000e+00 -1.000000e+00
   outer loop
     vertex -6.533597e-02  5.694625e+01 -2.500000e+00
     vertex -1.183561e+00  5.648307e+01 -2.500000e+00
     vertex -2.240137e-01  5.691132e+01 -2.500000e+00
   endloop
 endfacet
 facet normal  0.000000e+00  0.000000e+00 -1.000000e+00
   outer loop
     vertex  9.499996e-02  5.697254e+01 -2.500000e+00
     vertex -6.533597e-02  5.694625e+01 -2.500000e+00
     vertex  1.465401e-02  5.696048e+01 -2.500000e+00
   endloop
 endfacet
 facet normal  0.000000e+00  0.000000e+00 -1.000000e+00
   outer loop
     vertex  1.756429e-01  5.698241e+01 -2.500000e+00
     vertex -6.533597e-02  5.694625e+01 -2.500000e+00
     vertex  9.499996e-02  5.697254e+01 -2.500000e+00
   endloop
 endfacet
 facet normal  0.000000e+00  0.000000e+00 -1.000000e+00
   outer loop
     vertex  2.565238e-01  5.699010e+01 -2.500000e+00
     vertex -1.563098e+00  5.617799e+01 -2.500000e+00
     vertex -1.183561e+00  5.648307e+01 -2.500000e+00
   endloop
 endfacet
 facet normal  0.000000e+00  0.000000e+00 -1.000000e+00
   outer loop
     vertex  2.565238e-01  5.699010e+01 -2.500000e+00
     vertex -1.183561e+00  5.648307e+01 -2.500000e+00
     vertex -6.533597e-02  5.694625e+01 -2.500000e+00
   endloop
 endfacet
 facet normal  0.000000e+00  0.000000e+00 -1.000000e+00
   outer loop
     vertex  2.565238e-01  5.699010e+01 -2.500000e+00
     vertex -6.533597e-02  5.694625e+01 -2.500000e+00
     vertex  1.756429e-01  5.698241e+01 -2.500000e+00
   endloop
 endfacet
 facet normal  0.000000e+00  0.000000e+00 -1.000000e+00
   outer loop
     vertex  5.000000e-01  5.700000e+01 -2.500000e+00
     vertex -2.500000e+00  5.400000e+01 -2.500000e+00
     vertex -1.563098e+00  5.617799e+01 -2.500000e+00
   endloop
 endfacet
 facet normal  0.000000e+00  0.000000e+00 -1.000000e+00
   outer loop
     vertex  5.000000e-01  5.700000e+01 -2.500000e+00
     vertex  2.565238e-01  5.699010e+01 -2.500000e+00
     vertex  3.375833e-01  5.699560e+01 -2.500000e+00
   endloop
 endfacet
 facet normal  0.000000e+00  0.000000e+00 -1.000000e+00
   outer loop
     vertex  5.000000e-01  5.700000e+01 -2.500000e+00
     vertex  3.375833e-01  5.699560e+01 -2.500000e+00
     vertex  4.187618e-01  5.699890e+01 -2.500000e+00
   endloop
 endfacet
 facet normal  0.000000e+00 -0.000000e+00 -1.000000e+00
   outer loop
     vertex  5.000000e-01  5.700000e+01 -2.500000e+00
     vertex  5.000000e-01 -2.500000e+00 -2.500000e+00
     vertex -2.500000e+00  5.400000e+01 -2.500000e+00
   endloop
 endfacet
 facet normal  0.000000e+00  0.000000e+00 -1.000000e+00
   outer loop
     vertex  5.000000e-01  5.700000e+01 -2.500000e+00
     vertex -1.563098e+00  5.617799e+01 -2.500000e+00
     vertex  2.565238e-01  5.699010e+01 -2.500000e+00
   endloop
 endfacet
 facet normal  0.000000e+00  0.000000e+00 -1.000000e+00
   outer loop
     vertex  7.775000e+01 -2.500000e+00 -2.500000e+00
     vertex  5.000000e-01 -2.500000e+00 -2.500000e+00
     vertex  5.000000e-01  5.700000e+01 -2.500000e+00
   endloop
 endfacet
 facet normal  0.000000e+00  0.000000e+00 -1.000000e+00
   outer loop
     vertex  7.791242e+01 -2.495600e+00 -2.500000e+00
     vertex  7.783124e+01 -2.498900e+00 -2.500000e+00
     vertex  7.775000e+01 -2.500000e+00 -2.500000e+00
   endloop
 endfacet
 facet normal  0.000000e+00  0.000000e+00 -1.000000e+00
   outer loop
     vertex  7.799348e+01 -2.490104e+00 -2.500000e+00
     vertex  7.791242e+01 -2.495600e+00 -2.500000e+00
     vertex  7.775000e+01 -2.500000e+00 -2.500000e+00
   endloop
 endfacet
 facet normal  0.000000e+00  0.000000e+00 -1.000000e+00
   outer loop
     vertex  7.807436e+01 -2.482414e+00 -2.500000e+00
     vertex  7.799348e+01 -2.490104e+00 -2.500000e+00
     vertex  7.775000e+01 -2.500000e+00 -2.500000e+00
   endloop
 endfacet
 facet normal  0.000000e+00  0.000000e+00 -1.000000e+00
   outer loop
     vertex  7.831534e+01 -2.446251e+00 -2.500000e+00
     vertex  7.823535e+01 -2.460480e+00 -2.500000e+00
     vertex  7.815500e+01 -2.472537e+00 -2.500000e+00
   endloop
 endfacet
 facet normal  0.000000e+00  0.000000e+00 -1.000000e+00
   outer loop
     vertex  7.831534e+01 -2.446251e+00 -2.500000e+00
     vertex  7.815500e+01 -2.472537e+00 -2.500000e+00
     vertex  7.807436e+01 -2.482414e+00 -2.500000e+00
   endloop
 endfacet
 facet normal  0.000000e+00  0.000000e+00 -1.000000e+00
   outer loop
     vertex  7.831534e+01 -2.446251e+00 -2.500000e+00
     vertex  7.807436e+01 -2.482414e+00 -2.500000e+00
     vertex  7.775000e+01 -2.500000e+00 -2.500000e+00
   endloop
 endfacet
 facet normal  0.000000e+00  0.000000e+00 -1.000000e+00
   outer loop
     vertex  7.839491e+01 -2.429862e+00 -2.500000e+00
     vertex  7.831534e+01 -2.446251e+00 -2.500000e+00
     vertex  7.775000e+01 -2.500000e+00 -2.500000e+00
   endloop
 endfacet
 facet normal  0.000000e+00  0.000000e+00 -1.000000e+00
   outer loop
     vertex  7.855259e+01 -2.390650e+00 -2.500000e+00
     vertex  7.847401e+01 -2.411323e+00 -2.500000e+00
     vertex  7.839491e+01 -2.429862e+00 -2.500000e+00
   endloop
 endfacet
 facet normal  0.000000e+00  0.000000e+00 -1.000000e+00
   outer loop
     vertex  7.863057e+01 -2.367856e+00 -2.500000e+00
     vertex  7.855259e+01 -2.390650e+00 -2.500000e+00
     vertex  7.839491e+01 -2.429862e+00 -2.500000e+00
   endloop
 endfacet
 facet normal  0.000000e+00  0.000000e+00 -1.000000e+00
   outer loop
     vertex  7.878454e+01 -2.315977e+00 -2.500000e+00
     vertex  7.870790e+01 -2.342960e+00 -2.500000e+00
     vertex  7.863057e+01 -2.367856e+00 -2.500000e+00
   endloop
 endfacet
 facet normal  0.000000e+00  0.000000e+00 -1.000000e+00
   outer loop
     vertex  7.878454e+01 -2.315977e+00 -2.500000e+00
     vertex  7.839491e+01 -2.429862e+00 -2.500000e+00
     vertex  7.775000e+01 -2.500000e+00 -2.500000e+00
   endloop
 endfacet
 facet normal  0.000000e+00  0.000000e+00 -1.000000e+00
   outer loop
     vertex  7.878454e+01 -2.315977e+00 -2.500000e+00
     vertex  7.863057e+01 -2.367856e+00 -2.500000e+00
     vertex  7.839491e+01 -2.429862e+00 -2.500000e+00
   endloop
 endfacet
 facet normal  0.000000e+00  0.000000e+00 -1.000000e+00
   outer loop
     vertex  7.900967e+01 -2.222726e+00 -2.500000e+00
     vertex  7.893548e+01 -2.255839e+00 -2.500000e+00
     vertex  7.886041e+01 -2.286930e+00 -2.500000e+00
   endloop
 endfacet
 facet normal  0.000000e+00  0.000000e+00 -1.000000e+00
   outer loop
     vertex  7.900967e+01 -2.222726e+00 -2.500000e+00
     vertex  7.886041e+01 -2.286930e+00 -2.500000e+00
     vertex  7.878454e+01 -2.315977e+00 -2.500000e+00
   endloop
 endfacet
 facet normal  0.000000e+00  0.000000e+00 -1.000000e+00
   outer loop
     vertex  7.900967e+01 -2.222726e+00 -2.500000e+00
     vertex  7.878454e+01 -2.315977e+00 -2.500000e+00
     vertex  7.775000e+01 -2.500000e+00 -2.500000e+00
   endloop
 endfacet
 facet normal  0.000000e+00  0.000000e+00 -1.000000e+00
   outer loop
     vertex  7.908294e+01 -2.187617e+00 -2.500000e+00
     vertex  7.900967e+01 -2.222726e+00 -2.500000e+00
     vertex  7.775000e+01 -2.500000e+00 -2.500000e+00
   endloop
 endfacet
 facet normal  0.000000e+00  0.000000e+00 -1.000000e+00
   outer loop
     vertex  7.936570e+01 -2.027746e+00 -2.500000e+00
     vertex  7.915523e+01 -2.150536e+00 -2.500000e+00
     vertex  7.908294e+01 -2.187617e+00 -2.500000e+00
   endloop
 endfacet
 facet normal  0.000000e+00  0.000000e+00 -1.000000e+00
   outer loop
     vertex  7.936570e+01 -2.027746e+00 -2.500000e+00
     vertex  7.929666e+01 -2.070572e+00 -2.500000e+00
     vertex  7.922648e+01 -2.111512e+00 -2.500000e+00
   endloop
 endfacet
 facet normal  0.000000e+00  0.000000e+00 -1.000000e+00
   outer loop
     vertex  7.936570e+01 -2.027746e+00 -2.500000e+00
     vertex  7.922648e+01 -2.111512e+00 -2.500000e+00
     vertex  7.915523e+01 -2.150536e+00 -2.500000e+00
   endloop
 endfacet
 facet normal  0.000000e+00  0.000000e+00 -1.000000e+00
   outer loop
     vertex  7.943356e+01 -1.983067e+00 -2.500000e+00
     vertex  7.936570e+01 -2.027746e+00 -2.500000e+00
     vertex  7.908294e+01 -2.187617e+00 -2.500000e+00
   endloop
 endfacet
 facet normal  0.000000e+00  0.000000e+00 -1.000000e+00
   outer loop
     vertex  7.950018e+01 -1.936567e+00 -2.500000e+00
     vertex  7.908294e+01 -2.187617e+00 -2.500000e+00
     vertex  7.775000e+01 -2.500000e+00 -2.500000e+00
   endloop
 endfacet
 facet normal  0.000000e+00  0.000000e+00 -1.000000e+00
   outer loop
     vertex  7.950018e+01 -1.936567e+00 -2.500000e+00
     vertex  7.943356e+01 -1.983067e+00 -2.500000e+00
     vertex  7.908294e+01 -2.187617e+00 -2.500000e+00
   endloop
 endfacet
 facet normal  0.000000e+00  0.000000e+00 -1.000000e+00
   outer loop
     vertex  7.962953e+01 -1.838240e+00 -2.500000e+00
     vertex  7.956552e+01 -1.888279e+00 -2.500000e+00
     vertex  7.950018e+01 -1.936567e+00 -2.500000e+00
   endloop
 endfacet
 facet normal  0.000000e+00  0.000000e+00 -1.000000e+00
   outer loop
     vertex  7.969216e+01 -1.786486e+00 -2.500000e+00
     vertex  7.962953e+01 -1.838240e+00 -2.500000e+00
     vertex  7.950018e+01 -1.936567e+00 -2.500000e+00
   endloop
 endfacet
 facet normal  0.000000e+00  0.000000e+00 -1.000000e+00
   outer loop
     vertex  7.981310e+01 -1.677986e+00 -2.500000e+00
     vertex  7.969216e+01 -1.786486e+00 -2.500000e+00
     vertex  7.950018e+01 -1.936567e+00 -2.500000e+00
   endloop
 endfacet
 facet normal  0.000000e+00  0.000000e+00 -1.000000e+00
   outer loop
     vertex  7.981310e+01 -1.677986e+00 -2.500000e+00
     vertex  7.975336e+01 -1.733055e+00 -2.500000e+00
     vertex  7.969216e+01 -1.786486e+00 -2.500000e+00
   endloop
 endfacet
 facet normal  0.000000e+00  0.000000e+00 -1.000000e+00
   outer loop
     vertex  7.987132e+01 -1.621320e+00 -2.500000e+00
     vertex  7.981310e+01 -1.677986e+00 -2.500000e+00
     vertex  7.950018e+01 -1.936567e+00 -2.500000e+00
   endloop
 endfacet
 facet normal  0.000000e+00  0.000000e+00 -1.000000e+00
   outer loop
     vertex  7.992799e+01 -1.563098e+00 -2.500000e+00
     vertex  7.950018e+01 -1.936567e+00 -2.500000e+00
     vertex  7.775000e+01 -2.500000e+00 -2.500000e+00
   endloop
 endfacet
 facet normal  0.000000e+00  0.000000e+00 -1.000000e+00
   outer loop
     vertex  7.992799e+01 -1.563098e+00 -2.500000e+00
     vertex  7.987132e+01 -1.621320e+00 -2.500000e+00
     vertex  7.950018e+01 -1.936567e+00 -2.500000e+00
   endloop
 endfacet
 facet normal  0.000000e+00  0.000000e+00 -1.000000e+00
   outer loop
     vertex  7.998306e+01 -1.503363e+00 -2.500000e+00
     vertex  7.992799e+01 -1.563098e+00 -2.500000e+00
     vertex  7.775000e+01 -2.500000e+00 -2.500000e+00
   endloop
 endfacet
 facet normal  0.000000e+00  0.000000e+00 -1.000000e+00
   outer loop
     vertex  8.008824e+01 -1.379530e+00 -2.500000e+00
     vertex  8.003649e+01 -1.442159e+00 -2.500000e+00
     vertex  7.998306e+01 -1.503363e+00 -2.500000e+00
   endloop
 endfacet
 facet normal  0.000000e+00  0.000000e+00 -1.000000e+00
   outer loop
     vertex  8.018657e+01 -1.250184e+00 -2.500000e+00
     vertex  7.998306e+01 -1.503363e+00 -2.500000e+00
     vertex  7.775000e+01 -2.500000e+00 -2.500000e+00
   endloop
 endfacet
 facet normal  0.000000e+00  0.000000e+00 -1.000000e+00
   outer loop
     vertex  8.018657e+01 -1.250184e+00 -2.500000e+00
     vertex  8.008824e+01 -1.379530e+00 -2.500000e+00
     vertex  7.998306e+01 -1.503363e+00 -2.500000e+00
   endloop
 endfacet
 facet normal  0.000000e+00  0.000000e+00 -1.000000e+00
   outer loop
     vertex  8.018657e+01 -1.250184e+00 -2.500000e+00
     vertex  8.013828e+01 -1.315523e+00 -2.500000e+00
     vertex  8.008824e+01 -1.379530e+00 -2.500000e+00
   endloop
 endfacet
 facet normal  0.000000e+00  0.000000e+00 -1.000000e+00
   outer loop
     vertex  8.023307e+01 -1.183561e+00 -2.500000e+00
     vertex  8.018657e+01 -1.250184e+00 -2.500000e+00
     vertex  7.775000e+01 -2.500000e+00 -2.500000e+00
   endloop
 endfacet
 facet normal  0.000000e+00  0.000000e+00 -1.000000e+00
   outer loop
     vertex  8.027775e+01 -1.115704e+00 -2.500000e+00
     vertex  8.023307e+01 -1.183561e+00 -2.500000e+00
     vertex  7.775000e+01 -2.500000e+00 -2.500000e+00
   endloop
 endfacet
 facet normal  0.000000e+00  0.000000e+00 -1.000000e+00
   outer loop
     vertex  8.040054e+01 -9.052253e-01 -2.500000e+00
     vertex  8.036151e+01 -9.764849e-01 -2.500000e+00
     vertex  8.032057e+01 -1.046662e+00 -2.500000e+00
   endloop
 endfacet
 facet normal  0.000000e+00  0.000000e+00 -1.000000e+00
   outer loop
     vertex  8.043762e+01 -8.329351e-01 -2.500000e+00
     vertex  8.040054e+01 -9.052253e-01 -2.500000e+00
     vertex  8.032057e+01 -1.046662e+00 -2.500000e+00
   endloop
 endfacet
 facet normal  0.000000e+00  0.000000e+00 -1.000000e+00
   outer loop
     vertex  8.043762e+01 -8.329351e-01 -2.500000e+00
     vertex  8.032057e+01 -1.046662e+00 -2.500000e+00
     vertex  8.027775e+01 -1.115704e+00 -2.500000e+00
   endloop
 endfacet
 facet normal  0.000000e+00  0.000000e+00 -1.000000e+00
   outer loop
     vertex  8.050584e+01 -6.854756e-01 -2.500000e+00
     vertex  8.047273e+01 -7.596673e-01 -2.500000e+00
     vertex  8.043762e+01 -8.329351e-01 -2.500000e+00
   endloop
 endfacet
 facet normal  0.000000e+00  0.000000e+00 -1.000000e+00
   outer loop
     vertex  8.053693e+01 -6.104145e-01 -2.500000e+00
     vertex  8.027775e+01 -1.115704e+00 -2.500000e+00
     vertex  7.775000e+01 -2.500000e+00 -2.500000e+00
   endloop
 endfacet
 facet normal  0.000000e+00  0.000000e+00 -1.000000e+00
   outer loop
     vertex  8.053693e+01 -6.104145e-01 -2.500000e+00
     vertex  8.043762e+01 -8.329351e-01 -2.500000e+00
     vertex  8.027775e+01 -1.115704e+00 -2.500000e+00
   endloop
 endfacet
 facet normal  0.000000e+00  0.000000e+00 -1.000000e+00
   outer loop
     vertex  8.053693e+01 -6.104145e-01 -2.500000e+00
     vertex  8.050584e+01 -6.854756e-01 -2.500000e+00
     vertex  8.043762e+01 -8.329351e-01 -2.500000e+00
   endloop
 endfacet
 facet normal  0.000000e+00  0.000000e+00 -1.000000e+00
   outer loop
     vertex  8.056598e+01 -5.345389e-01 -2.500000e+00
     vertex  8.053693e+01 -6.104145e-01 -2.500000e+00
     vertex  7.775000e+01 -2.500000e+00 -2.500000e+00
   endloop
 endfacet
 facet normal  0.000000e+00  0.000000e+00 -1.000000e+00
   outer loop
     vertex  8.064065e+01 -3.025850e-01 -2.500000e+00
     vertex  8.061786e+01 -3.805677e-01 -2.500000e+00
     vertex  8.059296e+01 -4.579046e-01 -2.500000e+00
   endloop
 endfacet
 facet normal  0.000000e+00  0.000000e+00 -1.000000e+00
   outer loop
     vertex  8.064065e+01 -3.025850e-01 -2.500000e+00
     vertex  8.059296e+01 -4.579046e-01 -2.500000e+00
     vertex  8.056598e+01 -5.345389e-01 -2.500000e+00
   endloop
 endfacet
 facet normal  0.000000e+00  0.000000e+00 -1.000000e+00
   outer loop
     vertex  8.066132e+01 -2.240137e-01 -2.500000e+00
     vertex  8.064065e+01 -3.025850e-01 -2.500000e+00
     vertex  8.056598e+01 -5.345389e-01 -2.500000e+00
   endloop
 endfacet
 facet normal  0.000000e+00  0.000000e+00 -1.000000e+00
   outer loop
     vertex  8.067986e+01 -1.449113e-01 -2.500000e+00
     vertex  8.056598e+01 -5.345389e-01 -2.500000e+00
     vertex  7.775000e+01 -2.500000e+00 -2.500000e+00
   endloop
 endfacet
 facet normal  0.000000e+00  0.000000e+00 -1.000000e+00
   outer loop
     vertex  8.067986e+01 -1.449113e-01 -2.500000e+00
     vertex  8.066132e+01 -2.240137e-01 -2.500000e+00
     vertex  8.056598e+01 -5.345389e-01 -2.500000e+00
   endloop
 endfacet
 facet normal  0.000000e+00  0.000000e+00 -1.000000e+00
   outer loop
     vertex  8.072254e+01  9.499996e-02 -2.500000e+00
     vertex  8.071048e+01  1.465401e-02 -2.500000e+00
     vertex  8.069625e+01 -6.533597e-02 -2.500000e+00
   endloop
 endfacet
 facet normal  0.000000e+00  0.000000e+00 -1.000000e+00
   outer loop
     vertex  8.072254e+01  9.499996e-02 -2.500000e+00
     vertex  8.069625e+01 -6.533597e-02 -2.500000e+00
     vertex  8.067986e+01 -1.449113e-01 -2.500000e+00
   endloop
 endfacet
 facet normal  0.000000e+00  0.000000e+00 -1.000000e+00
   outer loop
     vertex  8.073241e+01  1.756429e-01 -2.500000e+00
     vertex  8.072254e+01  9.499996e-02 -2.500000e+00
     vertex  8.067986e+01 -1.449113e-01 -2.500000e+00
   endloop
 endfacet
 facet normal  0.000000e+00  0.000000e+00 -1.000000e+00
   outer loop
     vertex  8.074010e+01  2.565238e-01 -2.500000e+00
     vertex  8.067986e+01 -1.449113e-01 -2.500000e+00
     vertex  7.775000e+01 -2.500000e+00 -2.500000e+00
   endloop
 endfacet
 facet normal  0.000000e+00  0.000000e+00 -1.000000e+00
   outer loop
     vertex  8.074010e+01  2.565238e-01 -2.500000e+00
     vertex  8.073241e+01  1.756429e-01 -2.500000e+00
     vertex  8.067986e+01 -1.449113e-01 -2.500000e+00
   endloop
 endfacet
 facet normal  0.000000e+00  0.000000e+00 -1.000000e+00
   outer loop
     vertex  8.074560e+01  3.375833e-01 -2.500000e+00
     vertex  8.074010e+01  2.565238e-01 -2.500000e+00
     vertex  7.775000e+01 -2.500000e+00 -2.500000e+00
   endloop
 endfacet
 facet normal  0.000000e+00  0.000000e+00 -1.000000e+00
   outer loop
     vertex  8.074890e+01  4.187618e-01 -2.500000e+00
     vertex  8.074560e+01  3.375833e-01 -2.500000e+00
     vertex  7.775000e+01 -2.500000e+00 -2.500000e+00
   endloop
 endfacet
 facet normal  0.000000e+00  0.000000e+00 -1.000000e+00
   outer loop
     vertex  8.075000e+01  5.000000e-01 -2.500000e+00
     vertex  8.074890e+01  4.187618e-01 -2.500000e+00
     vertex  7.775000e+01 -2.500000e+00 -2.500000e+00
   endloop
 endfacet
 facet normal  0.000000e+00  0.000000e+00 -1.000000e+00
   outer loop
     vertex  7.775000e+01  5.700000e+01 -2.500000e+00
     vertex  8.075000e+01  5.400000e+01 -2.500000e+00
     vertex  8.075000e+01  5.000000e-01 -2.500000e+00
   endloop
 endfacet
 facet normal -0.000000e+00 -0.000000e+00 -1.000000e+00
   outer loop
     vertex  7.775000e+01  5.700000e+01 -2.500000e+00
     vertex  7.775000e+01 -2.500000e+00 -2.500000e+00
     vertex  5.000000e-01  5.700000e+01 -2.500000e+00
   endloop
 endfacet
 facet normal  0.000000e+00  0.000000e+00 -1.000000e+00
   outer loop
     vertex  7.775000e+01  5.700000e+01 -2.500000e+00
     vertex  8.075000e+01  5.000000e-01 -2.500000e+00
     vertex  7.775000e+01 -2.500000e+00 -2.500000e+00
   endloop
 endfacet
 facet normal  0.000000e+00  0.000000e+00 -1.000000e+00
   outer loop
     vertex  8.074010e+01  5.424348e+01 -2.500000e+00
     vertex  8.074560e+01  5.416242e+01 -2.500000e+00
     vertex  8.074890e+01  5.408124e+01 -2.500000e+00
   endloop
 endfacet
 facet normal  0.000000e+00  0.000000e+00 -1.000000e+00
   outer loop
     vertex  7.807436e+01  5.698241e+01 -2.500000e+00
     vertex  7.791242e+01  5.699560e+01 -2.500000e+00
     vertex  7.799348e+01  5.699010e+01 -2.500000e+00
   endloop
 endfacet
 facet normal  0.000000e+00  0.000000e+00 -1.000000e+00
   outer loop
     vertex  7.831534e+01  5.694625e+01 -2.500000e+00
     vertex  7.815500e+01  5.697254e+01 -2.500000e+00
     vertex  7.823535e+01  5.696048e+01 -2.500000e+00
   endloop
 endfacet
 facet normal  0.000000e+00  0.000000e+00 -1.000000e+00
   outer loop
     vertex  7.831534e+01  5.694625e+01 -2.500000e+00
     vertex  7.807436e+01  5.698241e+01 -2.500000e+00
     vertex  7.815500e+01  5.697254e+01 -2.500000e+00
   endloop
 endfacet
 facet normal  0.000000e+00  0.000000e+00 -1.000000e+00
   outer loop
     vertex  7.831534e+01  5.694625e+01 -2.500000e+00
     vertex  7.783124e+01  5.699890e+01 -2.500000e+00
     vertex  7.791242e+01  5.699560e+01 -2.500000e+00
   endloop
 endfacet
 facet normal  0.000000e+00  0.000000e+00 -1.000000e+00
   outer loop
     vertex  7.831534e+01  5.694625e+01 -2.500000e+00
     vertex  7.775000e+01  5.700000e+01 -2.500000e+00
     vertex  7.783124e+01  5.699890e+01 -2.500000e+00
   endloop
 endfacet
 facet normal -0.000000e+00 -0.000000e+00 -1.000000e+00
   outer loop
     vertex  7.831534e+01  5.694625e+01 -2.500000e+00
     vertex  8.075000e+01  5.400000e+01 -2.500000e+00
     vertex  7.775000e+01  5.700000e+01 -2.500000e+00
   endloop
 endfacet
 facet normal  0.000000e+00  0.000000e+00 -1.000000e+00
   outer loop
     vertex  7.831534e+01  5.694625e+01 -2.500000e+00
     vertex  7.791242e+01  5.699560e+01 -2.500000e+00
     vertex  7.807436e+01  5.698241e+01 -2.500000e+00
   endloop
 endfacet
 facet normal  0.000000e+00  0.000000e+00 -1.000000e+00
   outer loop
     vertex  8.067986e+01  5.464491e+01 -2.500000e+00
     vertex  8.073241e+01  5.432436e+01 -2.500000e+00
     vertex  8.074010e+01  5.424348e+01 -2.500000e+00
   endloop
 endfacet
 facet normal  0.000000e+00  0.000000e+00 -1.000000e+00
   outer loop
     vertex  8.067986e+01  5.464491e+01 -2.500000e+00
     vertex  8.072254e+01  5.440500e+01 -2.500000e+00
     vertex  8.073241e+01  5.432436e+01 -2.500000e+00
   endloop
 endfacet
 facet normal  0.000000e+00  0.000000e+00 -1.000000e+00
   outer loop
     vertex  8.067986e+01  5.464491e+01 -2.500000e+00
     vertex  8.071048e+01  5.448535e+01 -2.500000e+00
     vertex  8.072254e+01  5.440500e+01 -2.500000e+00
   endloop
 endfacet
 facet normal  0.000000e+00  0.000000e+00 -1.000000e+00
   outer loop
     vertex  8.067986e+01  5.464491e+01 -2.500000e+00
     vertex  8.069625e+01  5.456534e+01 -2.500000e+00
     vertex  8.071048e+01  5.448535e+01 -2.500000e+00
   endloop
 endfacet
 facet normal  0.000000e+00  0.000000e+00 -1.000000e+00
   outer loop
     vertex  7.847401e+01  5.691132e+01 -2.500000e+00
     vertex  7.831534e+01  5.694625e+01 -2.500000e+00
     vertex  7.839491e+01  5.692986e+01 -2.500000e+00
   endloop
 endfacet
 facet normal  0.000000e+00  0.000000e+00 -1.000000e+00
   outer loop
     vertex  8.066132e+01  5.472401e+01 -2.500000e+00
     vertex  8.074010e+01  5.424348e+01 -2.500000e+00
     vertex  8.074890e+01  5.408124e+01 -2.500000e+00
   endloop
 endfacet
 facet normal  0.000000e+00  0.000000e+00 -1.000000e+00
   outer loop
     vertex  8.066132e+01  5.472401e+01 -2.500000e+00
     vertex  8.067986e+01  5.464491e+01 -2.500000e+00
     vertex  8.074010e+01  5.424348e+01 -2.500000e+00
   endloop
 endfacet
 facet normal -0.000000e+00 -0.000000e+00 -1.000000e+00
   outer loop
     vertex  7.855259e+01  5.689065e+01 -2.500000e+00
     vertex  8.075000e+01  5.400000e+01 -2.500000e+00
     vertex  7.831534e+01  5.694625e+01 -2.500000e+00
   endloop
 endfacet
 facet normal  0.000000e+00  0.000000e+00 -1.000000e+00
   outer loop
     vertex  7.855259e+01  5.689065e+01 -2.500000e+00
     vertex  7.831534e+01  5.694625e+01 -2.500000e+00
     vertex  7.847401e+01  5.691132e+01 -2.500000e+00
   endloop
 endfacet
 facet normal  0.000000e+00  0.000000e+00 -1.000000e+00
   outer loop
     vertex  7.855259e+01  5.689065e+01 -2.500000e+00
     vertex  8.074890e+01  5.408124e+01 -2.500000e+00
     vertex  8.075000e+01  5.400000e+01 -2.500000e+00
   endloop
 endfacet
 facet normal -0.000000e+00 -0.000000e+00 -1.000000e+00
   outer loop
     vertex  7.863057e+01  5.686786e+01 -2.500000e+00
     vertex  8.074890e+01  5.408124e+01 -2.500000e+00
     vertex  7.855259e+01  5.689065e+01 -2.500000e+00
   endloop
 endfacet
 facet normal  0.000000e+00  0.000000e+00 -1.000000e+00
   outer loop
     vertex  8.059296e+01  5.495790e+01 -2.500000e+00
     vertex  8.064065e+01  5.480259e+01 -2.500000e+00
     vertex  8.066132e+01  5.472401e+01 -2.500000e+00
   endloop
 endfacet
 facet normal  0.000000e+00  0.000000e+00 -1.000000e+00
   outer loop
     vertex  8.059296e+01  5.495790e+01 -2.500000e+00
     vertex  8.061786e+01  5.488057e+01 -2.500000e+00
     vertex  8.064065e+01  5.480259e+01 -2.500000e+00
   endloop
 endfacet
 facet normal  0.000000e+00  0.000000e+00 -1.000000e+00
   outer loop
     vertex  7.886041e+01  5.678693e+01 -2.500000e+00
     vertex  7.870790e+01  5.684296e+01 -2.500000e+00
     vertex  7.878454e+01  5.681598e+01 -2.500000e+00
   endloop
 endfacet
 facet normal  0.000000e+00  0.000000e+00 -1.000000e+00
   outer loop
     vertex  7.893548e+01  5.675584e+01 -2.500000e+00
     vertex  7.870790e+01  5.684296e+01 -2.500000e+00
     vertex  7.886041e+01  5.678693e+01 -2.500000e+00
   endloop
 endfacet
 facet normal  0.000000e+00  0.000000e+00 -1.000000e+00
   outer loop
     vertex  7.893548e+01  5.675584e+01 -2.500000e+00
     vertex  7.863057e+01  5.686786e+01 -2.500000e+00
     vertex  7.870790e+01  5.684296e+01 -2.500000e+00
   endloop
 endfacet
 facet normal -0.000000e+00 -0.000000e+00 -1.000000e+00
   outer loop
     vertex  7.900967e+01  5.672273e+01 -2.500000e+00
     vertex  8.074890e+01  5.408124e+01 -2.500000e+00
     vertex  7.863057e+01  5.686786e+01 -2.500000e+00
   endloop
 endfacet
 facet normal  0.000000e+00  0.000000e+00 -1.000000e+00
   outer loop
     vertex  7.900967e+01  5.672273e+01 -2.500000e+00
     vertex  7.863057e+01  5.686786e+01 -2.500000e+00
     vertex  7.893548e+01  5.675584e+01 -2.500000e+00
   endloop
 endfacet
 facet normal  0.000000e+00  0.000000e+00 -1.000000e+00
   outer loop
     vertex  8.047273e+01  5.525967e+01 -2.500000e+00
     vertex  8.066132e+01  5.472401e+01 -2.500000e+00
     vertex  8.074890e+01  5.408124e+01 -2.500000e+00
   endloop
 endfacet
 facet normal  0.000000e+00  0.000000e+00 -1.000000e+00
   outer loop
     vertex  8.047273e+01  5.525967e+01 -2.500000e+00
     vertex  8.056598e+01  5.503454e+01 -2.500000e+00
     vertex  8.059296e+01  5.495790e+01 -2.500000e+00
   endloop
 endfacet
 facet normal  0.000000e+00  0.000000e+00 -1.000000e+00
   outer loop
     vertex  8.047273e+01  5.525967e+01 -2.500000e+00
     vertex  8.053693e+01  5.511041e+01 -2.500000e+00
     vertex  8.056598e+01  5.503454e+01 -2.500000e+00
   endloop
 endfacet
 facet normal  0.000000e+00  0.000000e+00 -1.000000e+00
   outer loop
     vertex  8.047273e+01  5.525967e+01 -2.500000e+00
     vertex  8.050584e+01  5.518548e+01 -2.500000e+00
     vertex  8.053693e+01  5.511041e+01 -2.500000e+00
   endloop
 endfacet
 facet normal  0.000000e+00  0.000000e+00 -1.000000e+00
   outer loop
     vertex  8.047273e+01  5.525967e+01 -2.500000e+00
     vertex  8.059296e+01  5.495790e+01 -2.500000e+00
     vertex  8.066132e+01  5.472401e+01 -2.500000e+00
   endloop
 endfacet
 facet normal  0.000000e+00  0.000000e+00 -1.000000e+00
   outer loop
     vertex  8.040054e+01  5.540523e+01 -2.500000e+00
     vertex  8.043762e+01  5.533294e+01 -2.500000e+00
     vertex  8.047273e+01  5.525967e+01 -2.500000e+00
   endloop
 endfacet
 facet normal  0.000000e+00  0.000000e+00 -1.000000e+00
   outer loop
     vertex  8.040054e+01  5.540523e+01 -2.500000e+00
     vertex  8.047273e+01  5.525967e+01 -2.500000e+00
     vertex  8.074890e+01  5.408124e+01 -2.500000e+00
   endloop
 endfacet
 facet normal  0.000000e+00  0.000000e+00 -1.000000e+00
   outer loop
     vertex  7.922648e+01  5.661151e+01 -2.500000e+00
     vertex  7.908294e+01  5.668762e+01 -2.500000e+00
     vertex  7.915523e+01  5.665054e+01 -2.500000e+00
   endloop
 endfacet
 facet normal  0.000000e+00  0.000000e+00 -1.000000e+00
   outer loop
     vertex  7.922648e+01  5.661151e+01 -2.500000e+00
     vertex  7.900967e+01  5.672273e+01 -2.500000e+00
     vertex  7.908294e+01  5.668762e+01 -2.500000e+00
   endloop
 endfacet
 facet normal  0.000000e+00  0.000000e+00 -1.000000e+00
   outer loop
     vertex  7.929666e+01  5.657057e+01 -2.500000e+00
     vertex  7.900967e+01  5.672273e+01 -2.500000e+00
     vertex  7.922648e+01  5.661151e+01 -2.500000e+00
   endloop
 endfacet
 facet normal  0.000000e+00  0.000000e+00 -1.000000e+00
   outer loop
     vertex  8.027775e+01  5.561570e+01 -2.500000e+00
     vertex  8.036151e+01  5.547648e+01 -2.500000e+00
     vertex  8.040054e+01  5.540523e+01 -2.500000e+00
   endloop
 endfacet
 facet normal  0.000000e+00  0.000000e+00 -1.000000e+00
   outer loop
     vertex  8.027775e+01  5.561570e+01 -2.500000e+00
     vertex  8.032057e+01  5.554666e+01 -2.500000e+00
     vertex  8.036151e+01  5.547648e+01 -2.500000e+00
   endloop
 endfacet
 facet normal  0.000000e+00  0.000000e+00 -1.000000e+00
   outer loop
     vertex  8.023307e+01  5.568356e+01 -2.500000e+00
     vertex  8.027775e+01  5.561570e+01 -2.500000e+00
     vertex  8.040054e+01  5.540523e+01 -2.500000e+00
   endloop
 endfacet
 facet normal  0.000000e+00  0.000000e+00 -1.000000e+00
   outer loop
     vertex  7.950018e+01  5.643657e+01 -2.500000e+00
     vertex  7.936570e+01  5.652775e+01 -2.500000e+00
     vertex  7.943356e+01  5.648307e+01 -2.500000e+00
   endloop
 endfacet
 facet normal  0.000000e+00  0.000000e+00 -1.000000e+00
   outer loop
     vertex  7.950018e+01  5.643657e+01 -2.500000e+00
     vertex  7.929666e+01  5.657057e+01 -2.500000e+00
     vertex  7.936570e+01  5.652775e+01 -2.500000e+00
   endloop
 endfacet
 facet normal  0.000000e+00  0.000000e+00 -1.000000e+00
   outer loop
     vertex  7.956552e+01  5.638828e+01 -2.500000e+00
     vertex  7.929666e+01  5.657057e+01 -2.500000e+00
     vertex  7.950018e+01  5.643657e+01 -2.500000e+00
   endloop
 endfacet
 facet normal  0.000000e+00  0.000000e+00 -1.000000e+00
   outer loop
     vertex  8.013828e+01  5.581552e+01 -2.500000e+00
     vertex  8.018657e+01  5.575018e+01 -2.500000e+00
     vertex  8.023307e+01  5.568356e+01 -2.500000e+00
   endloop
 endfacet
 facet normal  0.000000e+00  0.000000e+00 -1.000000e+00
   outer loop
     vertex  8.013828e+01  5.581552e+01 -2.500000e+00
     vertex  8.040054e+01  5.540523e+01 -2.500000e+00
     vertex  8.074890e+01  5.408124e+01 -2.500000e+00
   endloop
 endfacet
 facet normal  0.000000e+00  0.000000e+00 -1.000000e+00
   outer loop
     vertex  8.013828e+01  5.581552e+01 -2.500000e+00
     vertex  8.023307e+01  5.568356e+01 -2.500000e+00
     vertex  8.040054e+01  5.540523e+01 -2.500000e+00
   endloop
 endfacet
 facet normal  0.000000e+00  0.000000e+00 -1.000000e+00
   outer loop
     vertex  7.962953e+01  5.633824e+01 -2.500000e+00
     vertex  7.900967e+01  5.672273e+01 -2.500000e+00
     vertex  7.929666e+01  5.657057e+01 -2.500000e+00
   endloop
 endfacet
 facet normal  0.000000e+00  0.000000e+00 -1.000000e+00
   outer loop
     vertex  7.962953e+01  5.633824e+01 -2.500000e+00
     vertex  7.929666e+01  5.657057e+01 -2.500000e+00
     vertex  7.956552e+01  5.638828e+01 -2.500000e+00
   endloop
 endfacet
 facet normal -0.000000e+00 -0.000000e+00 -1.000000e+00
   outer loop
     vertex  7.969216e+01  5.628649e+01 -2.500000e+00
     vertex  8.074890e+01  5.408124e+01 -2.500000e+00
     vertex  7.900967e+01  5.672273e+01 -2.500000e+00
   endloop
 endfacet
 facet normal  0.000000e+00  0.000000e+00 -1.000000e+00
   outer loop
     vertex  7.969216e+01  5.628649e+01 -2.500000e+00
     vertex  7.900967e+01  5.672273e+01 -2.500000e+00
     vertex  7.962953e+01  5.633824e+01 -2.500000e+00
   endloop
 endfacet
 facet normal  0.000000e+00  0.000000e+00 -1.000000e+00
   outer loop
     vertex  8.003649e+01  5.594216e+01 -2.500000e+00
     vertex  8.008824e+01  5.587953e+01 -2.500000e+00
     vertex  8.013828e+01  5.581552e+01 -2.500000e+00
   endloop
 endfacet
 facet normal  0.000000e+00  0.000000e+00 -1.000000e+00
   outer loop
     vertex  8.003649e+01  5.594216e+01 -2.500000e+00
     vertex  8.013828e+01  5.581552e+01 -2.500000e+00
     vertex  8.074890e+01  5.408124e+01 -2.500000e+00
   endloop
 endfacet
 facet normal  0.000000e+00  0.000000e+00 -1.000000e+00
   outer loop
     vertex  7.992799e+01  5.606310e+01 -2.500000e+00
     vertex  7.998306e+01  5.600336e+01 -2.500000e+00
     vertex  8.003649e+01  5.594216e+01 -2.500000e+00
   endloop
 endfacet
 facet normal  0.000000e+00  0.000000e+00 -1.000000e+00
   outer loop
     vertex  7.981310e+01  5.617799e+01 -2.500000e+00
     vertex  7.969216e+01  5.628649e+01 -2.500000e+00
     vertex  7.975336e+01  5.623306e+01 -2.500000e+00
   endloop
 endfacet
 facet normal  0.000000e+00  0.000000e+00 -1.000000e+00
   outer loop
     vertex  7.987132e+01  5.612132e+01 -2.500000e+00
     vertex  7.969216e+01  5.628649e+01 -2.500000e+00
     vertex  7.981310e+01  5.617799e+01 -2.500000e+00
   endloop
 endfacet
 facet normal  0.000000e+00  0.000000e+00 -1.000000e+00
   outer loop
     vertex  7.987132e+01  5.612132e+01 -2.500000e+00
     vertex  8.003649e+01  5.594216e+01 -2.500000e+00
     vertex  8.074890e+01  5.408124e+01 -2.500000e+00
   endloop
 endfacet
 facet normal -0.000000e+00 -0.000000e+00 -1.000000e+00
   outer loop
     vertex  7.987132e+01  5.612132e+01 -2.500000e+00
     vertex  8.074890e+01  5.408124e+01 -2.500000e+00
     vertex  7.969216e+01  5.628649e+01 -2.500000e+00
   endloop
 endfacet
 facet normal  0.000000e+00  0.000000e+00 -1.000000e+00
   outer loop
     vertex  7.987132e+01  5.612132e+01 -2.500000e+00
     vertex  7.992799e+01  5.606310e+01 -2.500000e+00
     vertex  8.003649e+01  5.594216e+01 -2.500000e+00
   endloop
 endfacet
 facet normal  0.000000e+00  1.000000e+00  0.000000e+00
   outer loop
     vertex  7.775000e+01  5.700000e+01  3.650000e+01
     vertex  7.775000e+01  5.700000e+01 -2.500000e+00
     vertex  5.000000e-01  5.700000e+01 -2.500000e+00
   endloop
 endfacet
 facet normal  0.000000e+00  1.000000e+00  0.000000e+00
   outer loop
     vertex  7.775000e+01  5.700000e+01  3.650000e+01
     vertex  5.000000e-01  5.700000e+01 -2.500000e+00
     vertex  5.000000e-01  5.700000e+01  3.650000e+01
   endloop
 endfacet
 facet normal  9.999083e-01  1.354093e-02  0.000000e+00
   outer loop
     vertex  8.074890e+01  5.408124e+01  3.650000e+01
     vertex  8.075000e+01  5.400000e+01 -2.500000e+00
     vertex  8.074890e+01  5.408124e+01 -2.500000e+00
   endloop
 endfacet
 facet normal  9.999083e-01  1.354093e-02 -2.596081e-22
   outer loop
     vertex  8.074890e+01  5.408124e+01  3.650000e+01
     vertex  8.075000e+01  5.400000e+01  3.650000e+01
     vertex  8.075000e+01  5.400000e+01 -2.500000e+00
   endloop
 endfacet
 facet normal  9.991750e-01  4.061287e-02  0.000000e+00
   outer loop
     vertex  8.074560e+01  5.416242e+01  3.650000e+01
     vertex  8.074890e+01  5.408124e+01 -2.500000e+00
     vertex  8.074560e+01  5.416242e+01 -2.500000e+00
   endloop
 endfacet
 facet normal  9.991750e-01  4.061287e-02 -5.876354e-21
   outer loop
     vertex  8.074560e+01  5.416242e+01  3.650000e+01
     vertex  8.074890e+01  5.408124e+01  3.650000e+01
     vertex  8.074890e+01  5.408124e+01 -2.500000e+00
   endloop
 endfacet
 facet normal  9.977088e-01  6.765502e-02  0.000000e+00
   outer loop
     vertex  8.074010e+01  5.424348e+01  3.650000e+01
     vertex  8.074560e+01  5.416242e+01 -2.500000e+00
     vertex  8.074010e+01  5.424348e+01 -2.500000e+00
   endloop
 endfacet
 facet normal  9.977088e-01  6.765502e-02  7.167157e-21
   outer loop
     vertex  8.074010e+01  5.424348e+01  3.650000e+01
     vertex  8.074560e+01  5.416242e+01  3.650000e+01
     vertex  8.074560e+01  5.416242e+01 -2.500000e+00
   endloop
 endfacet
 facet normal  9.955108e-01  9.464755e-02  0.000000e+00
   outer loop
     vertex  8.073241e+01  5.432436e+01  3.650000e+01
     vertex  8.074010e+01  5.424348e+01 -2.500000e+00
     vertex  8.073241e+01  5.432436e+01 -2.500000e+00
   endloop
 endfacet
 facet normal  9.955108e-01  9.464755e-02  1.227347e-20
   outer loop
     vertex  8.073241e+01  5.432436e+01  3.650000e+01
     vertex  8.074010e+01  5.424348e+01  3.650000e+01
     vertex  8.074010e+01  5.424348e+01 -2.500000e+00
   endloop
 endfacet
 facet normal  9.925828e-01  1.215707e-01  0.000000e+00
   outer loop
     vertex  8.072254e+01  5.440500e+01  3.650000e+01
     vertex  8.073241e+01  5.432436e+01 -2.500000e+00
     vertex  8.072254e+01  5.440500e+01 -2.500000e+00
   endloop
 endfacet
 facet normal  9.925828e-01  1.215707e-01 -1.912537e-22
   outer loop
     vertex  8.072254e+01  5.440500e+01  3.650000e+01
     vertex  8.073241e+01  5.432436e+01  3.650000e+01
     vertex  8.073241e+01  5.432436e+01 -2.500000e+00
   endloop
 endfacet
 facet normal  9.889267e-01  1.484046e-01  0.000000e+00
   outer loop
     vertex  8.071048e+01  5.448535e+01  3.650000e+01
     vertex  8.072254e+01  5.440500e+01 -2.500000e+00
     vertex  8.071048e+01  5.448535e+01 -2.500000e+00
   endloop
 endfacet
 facet normal  9.889267e-01  1.484046e-01  9.191869e-21
   outer loop
     vertex  8.071048e+01  5.448535e+01  3.650000e+01
     vertex  8.072254e+01  5.440500e+01  3.650000e+01
     vertex  8.072254e+01  5.440500e+01 -2.500000e+00
   endloop
 endfacet
 facet normal  9.845454e-01  1.751297e-01  0.000000e+00
   outer loop
     vertex  8.069625e+01  5.456534e+01  3.650000e+01
     vertex  8.071048e+01  5.448535e+01 -2.500000e+00
     vertex  8.069625e+01  5.456534e+01 -2.500000e+00
   endloop
 endfacet
 facet normal  9.845454e-01  1.751297e-01 -2.000104e-20
   outer loop
     vertex  8.069625e+01  5.456534e+01  3.650000e+01
     vertex  8.071048e+01  5.448535e+01  3.650000e+01
     vertex  8.071048e+01  5.448535e+01 -2.500000e+00
   endloop
 endfacet
 facet normal  9.794419e-01  2.017264e-01  0.000000e+00
   outer loop
     vertex  8.067986e+01  5.464491e+01  3.650000e+01
     vertex  8.069625e+01  5.456534e+01 -2.500000e+00
     vertex  8.067986e+01  5.464491e+01 -2.500000e+00
   endloop
 endfacet
 facet normal  9.794419e-01  2.017264e-01  1.052250e-20
   outer loop
     vertex  8.067986e+01  5.464491e+01  3.650000e+01
     vertex  8.069625e+01  5.456534e+01  3.650000e+01
     vertex  8.069625e+01  5.456534e+01 -2.500000e+00
   endloop
 endfacet
 facet normal  9.736201e-01  2.281751e-01  0.000000e+00
   outer loop
     vertex  8.066132e+01  5.472401e+01  3.650000e+01
     vertex  8.067986e+01  5.464491e+01 -2.500000e+00
     vertex  8.066132e+01  5.472401e+01 -2.500000e+00
   endloop
 endfacet
 facet normal  9.670842e-01  2.544564e-01  0.000000e+00
   outer loop
     vertex  8.066132e+01  5.472401e+01  3.650000e+01
     vertex  8.066132e+01  5.472401e+01 -2.500000e+00
     vertex  8.064065e+01  5.480259e+01 -2.500000e+00
   endloop
 endfacet
 facet normal  9.736201e-01  2.281751e-01 -1.434225e-20
   outer loop
     vertex  8.066132e+01  5.472401e+01  3.650000e+01
     vertex  8.067986e+01  5.464491e+01  3.650000e+01
     vertex  8.067986e+01  5.464491e+01 -2.500000e+00
   endloop
 endfacet
 facet normal  9.670842e-01  2.544564e-01  0.000000e+00
   outer loop
     vertex  8.064065e+01  5.480259e+01  3.650000e+01
     vertex  8.066132e+01  5.472401e+01  3.650000e+01
     vertex  8.064065e+01  5.480259e+01 -2.500000e+00
   endloop
 endfacet
 facet normal  9.598391e-01  2.805512e-01  0.000000e+00
   outer loop
     vertex  8.061786e+01  5.488057e+01  3.650000e+01
     vertex  8.064065e+01  5.480259e+01 -2.500000e+00
     vertex  8.061786e+01  5.488057e+01 -2.500000e+00
   endloop
 endfacet
 facet normal  9.518899e-01  3.064401e-01  0.000000e+00
   outer loop
     vertex  8.061786e+01  5.488057e+01  3.650000e+01
     vertex  8.061786e+01  5.488057e+01 -2.500000e+00
     vertex  8.059296e+01  5.495790e+01 -2.500000e+00
   endloop
 endfacet
 facet normal  9.598391e-01  2.805512e-01  2.813771e-20
   outer loop
     vertex  8.061786e+01  5.488057e+01  3.650000e+01
     vertex  8.064065e+01  5.480259e+01  3.650000e+01
     vertex  8.064065e+01  5.480259e+01 -2.500000e+00
   endloop
 endfacet
 facet normal  9.518899e-01  3.064401e-01  0.000000e+00
   outer loop
     vertex  8.059296e+01  5.495790e+01  3.650000e+01
     vertex  8.061786e+01  5.488057e+01  3.650000e+01
     vertex  8.059296e+01  5.495790e+01 -2.500000e+00
   endloop
 endfacet
 facet normal  9.432426e-01  3.321044e-01  0.000000e+00
   outer loop
     vertex  8.056598e+01  5.503454e+01  3.650000e+01
     vertex  8.059296e+01  5.495790e+01 -2.500000e+00
     vertex  8.056598e+01  5.503454e+01 -2.500000e+00
   endloop
 endfacet
 facet normal  9.432426e-01  3.321044e-01 -4.226898e-20
   outer loop
     vertex  8.056598e+01  5.503454e+01  3.650000e+01
     vertex  8.059296e+01  5.495790e+01  3.650000e+01
     vertex  8.059296e+01  5.495790e+01 -2.500000e+00
   endloop
 endfacet
 facet normal  9.339036e-01  3.575250e-01  0.000000e+00
   outer loop
     vertex  8.053693e+01  5.511041e+01  3.650000e+01
     vertex  8.056598e+01  5.503454e+01 -2.500000e+00
     vertex  8.053693e+01  5.511041e+01 -2.500000e+00
   endloop
 endfacet
 facet normal  9.339036e-01  3.575250e-01 -3.989952e-20
   outer loop
     vertex  8.053693e+01  5.511041e+01  3.650000e+01
     vertex  8.056598e+01  5.503454e+01  3.650000e+01
     vertex  8.056598e+01  5.503454e+01 -2.500000e+00
   endloop
 endfacet
 facet normal  9.238795e-01  3.826834e-01  0.000000e+00
   outer loop
     vertex  8.050584e+01  5.518548e+01  3.650000e+01
     vertex  8.053693e+01  5.511041e+01 -2.500000e+00
     vertex  8.050584e+01  5.518548e+01 -2.500000e+00
   endloop
 endfacet
 facet normal  9.238795e-01  3.826834e-01 -3.116751e-20
   outer loop
     vertex  8.050584e+01  5.518548e+01  3.650000e+01
     vertex  8.053693e+01  5.511041e+01  3.650000e+01
     vertex  8.053693e+01  5.511041e+01 -2.500000e+00
   endloop
 endfacet
 facet normal  9.131779e-01  4.075612e-01  0.000000e+00
   outer loop
     vertex  8.047273e+01  5.525967e+01  3.650000e+01
     vertex  8.050584e+01  5.518548e+01 -2.500000e+00
     vertex  8.047273e+01  5.525967e+01 -2.500000e+00
   endloop
 endfacet
 facet normal  9.131779e-01  4.075612e-01  3.739397e-20
   outer loop
     vertex  8.047273e+01  5.525967e+01  3.650000e+01
     vertex  8.050584e+01  5.518548e+01  3.650000e+01
     vertex  8.050584e+01  5.518548e+01 -2.500000e+00
   endloop
 endfacet
 facet normal  9.018065e-01  4.321400e-01  0.000000e+00
   outer loop
     vertex  8.043762e+01  5.533294e+01  3.650000e+01
     vertex  8.047273e+01  5.525967e+01 -2.500000e+00
     vertex  8.043762e+01  5.533294e+01 -2.500000e+00
   endloop
 endfacet
 facet normal  9.018065e-01  4.321400e-01 -5.605213e-20
   outer loop
     vertex  8.043762e+01  5.533294e+01  3.650000e+01
     vertex  8.047273e+01  5.525967e+01  3.650000e+01
     vertex  8.047273e+01  5.525967e+01 -2.500000e+00
   endloop
 endfacet
 facet normal  8.897737e-01  4.564019e-01  0.000000e+00
   outer loop
     vertex  8.040054e+01  5.540523e+01  3.650000e+01
     vertex  8.043762e+01  5.533294e+01 -2.500000e+00
     vertex  8.040054e+01  5.540523e+01 -2.500000e+00
   endloop
 endfacet
 facet normal  8.897737e-01  4.564019e-01 -6.809041e-20
   outer loop
     vertex  8.040054e+01  5.540523e+01  3.650000e+01
     vertex  8.043762e+01  5.533294e+01  3.650000e+01
     vertex  8.043762e+01  5.533294e+01 -2.500000e+00
   endloop
 endfacet
 facet normal  8.770884e-01  4.803291e-01  0.000000e+00
   outer loop
     vertex  8.036151e+01  5.547648e+01  3.650000e+01
     vertex  8.040054e+01  5.540523e+01 -2.500000e+00
     vertex  8.036151e+01  5.547648e+01 -2.500000e+00
   endloop
 endfacet
 facet normal  8.637597e-01  5.039039e-01  0.000000e+00
   outer loop
     vertex  8.036151e+01  5.547648e+01  3.650000e+01
     vertex  8.036151e+01  5.547648e+01 -2.500000e+00
     vertex  8.032057e+01  5.554666e+01 -2.500000e+00
   endloop
 endfacet
 facet normal  8.770884e-01  4.803291e-01 -1.811584e-20
   outer loop
     vertex  8.036151e+01  5.547648e+01  3.650000e+01
     vertex  8.040054e+01  5.540523e+01  3.650000e+01
     vertex  8.040054e+01  5.540523e+01 -2.500000e+00
   endloop
 endfacet
 facet normal  8.637597e-01  5.039039e-01  0.000000e+00
   outer loop
     vertex  8.032057e+01  5.554666e+01  3.650000e+01
     vertex  8.036151e+01  5.547648e+01  3.650000e+01
     vertex  8.032057e+01  5.554666e+01 -2.500000e+00
   endloop
 endfacet
 facet normal  8.497975e-01  5.271092e-01 -5.304731e-20
   outer loop
     vertex  8.027775e+01  5.561570e+01  3.650000e+01
     vertex  8.032057e+01  5.554666e+01  3.650000e+01
     vertex  8.032057e+01  5.554666e+01 -2.500000e+00
   endloop
 endfacet
 facet normal  8.497975e-01  5.271092e-01  0.000000e+00
   outer loop
     vertex  8.027775e+01  5.561570e+01  3.650000e+01
     vertex  8.032057e+01  5.554666e+01 -2.500000e+00
     vertex  8.027775e+01  5.561570e+01 -2.500000e+00
   endloop
 endfacet
 facet normal  8.352121e-01  5.499279e-01  1.928962e-20
   outer loop
     vertex  8.023307e+01  5.568356e+01  3.650000e+01
     vertex  8.027775e+01  5.561570e+01  3.650000e+01
     vertex  8.027775e+01  5.561570e+01 -2.500000e+00
   endloop
 endfacet
 facet normal  8.352121e-01  5.499279e-01  0.000000e+00
   outer loop
     vertex  8.023307e+01  5.568356e+01  3.650000e+01
     vertex  8.027775e+01  5.561570e+01 -2.500000e+00
     vertex  8.023307e+01  5.568356e+01 -2.500000e+00
   endloop
 endfacet
 facet normal  8.200141e-01  5.723433e-01  9.481781e-21
   outer loop
     vertex  8.018657e+01  5.575018e+01  3.650000e+01
     vertex  8.023307e+01  5.568356e+01  3.650000e+01
     vertex  8.023307e+01  5.568356e+01 -2.500000e+00
   endloop
 endfacet
 facet normal  8.200141e-01  5.723433e-01  0.000000e+00
   outer loop
     vertex  8.018657e+01  5.575018e+01  3.650000e+01
     vertex  8.023307e+01  5.568356e+01 -2.500000e+00
     vertex  8.018657e+01  5.575018e+01 -2.500000e+00
   endloop
 endfacet
 facet normal  8.042147e-01  5.943389e-01 -6.404885e-20
   outer loop
     vertex  8.013828e+01  5.581552e+01  3.650000e+01
     vertex  8.018657e+01  5.575018e+01  3.650000e+01
     vertex  8.018657e+01  5.575018e+01 -2.500000e+00
   endloop
 endfacet
 facet normal  8.042147e-01  5.943389e-01  0.000000e+00
   outer loop
     vertex  8.013828e+01  5.581552e+01  3.650000e+01
     vertex  8.018657e+01  5.575018e+01 -2.500000e+00
     vertex  8.013828e+01  5.581552e+01 -2.500000e+00
   endloop
 endfacet
 facet normal  7.878255e-01  6.158986e-01 -6.257556e-20
   outer loop
     vertex  8.008824e+01  5.587953e+01  3.650000e+01
     vertex  8.013828e+01  5.581552e+01  3.650000e+01
     vertex  8.013828e+01  5.581552e+01 -2.500000e+00
   endloop
 endfacet
 facet normal  7.878255e-01  6.158986e-01  0.000000e+00
   outer loop
     vertex  8.008824e+01  5.587953e+01  3.650000e+01
     vertex  8.013828e+01  5.581552e+01 -2.500000e+00
     vertex  8.008824e+01  5.587953e+01 -2.500000e+00
   endloop
 endfacet
 facet normal  7.708584e-01  6.370065e-01  0.000000e+00
   outer loop
     vertex  8.003649e+01  5.594216e+01  3.650000e+01
     vertex  8.008824e+01  5.587953e+01 -2.500000e+00
     vertex  8.003649e+01  5.594216e+01 -2.500000e+00
   endloop
 endfacet
 facet normal  7.708584e-01  6.370065e-01  3.895040e-20
   outer loop
     vertex  8.003649e+01  5.594216e+01  3.650000e+01
     vertex  8.008824e+01  5.587953e+01  3.650000e+01
     vertex  8.008824e+01  5.587953e+01 -2.500000e+00
   endloop
 endfacet
 facet normal  7.533260e-01  6.576473e-01  0.000000e+00
   outer loop
     vertex  7.998306e+01  5.600336e+01  3.650000e+01
     vertex  8.003649e+01  5.594216e+01 -2.500000e+00
     vertex  7.998306e+01  5.600336e+01 -2.500000e+00
   endloop
 endfacet
 facet normal  7.533260e-01  6.576473e-01  3.166784e-20
   outer loop
     vertex  7.998306e+01  5.600336e+01  3.650000e+01
     vertex  8.003649e+01  5.594216e+01  3.650000e+01
     vertex  8.003649e+01  5.594216e+01 -2.500000e+00
   endloop
 endfacet
 facet normal  7.352410e-01  6.778058e-01  0.000000e+00
   outer loop
     vertex  7.992799e+01  5.606310e+01  3.650000e+01
     vertex  7.998306e+01  5.600336e+01 -2.500000e+00
     vertex  7.992799e+01  5.606310e+01 -2.500000e+00
   endloop
 endfacet
 facet normal  7.352410e-01  6.778058e-01  9.587293e-21
   outer loop
     vertex  7.992799e+01  5.606310e+01  3.650000e+01
     vertex  7.998306e+01  5.600336e+01  3.650000e+01
     vertex  7.998306e+01  5.600336e+01 -2.500000e+00
   endloop
 endfacet
 facet normal  7.166168e-01  6.974671e-01  0.000000e+00
   outer loop
     vertex  7.987132e+01  5.612132e+01  3.650000e+01
     vertex  7.992799e+01  5.606310e+01 -2.500000e+00
     vertex  7.987132e+01  5.612132e+01 -2.500000e+00
   endloop
 endfacet
 facet normal  7.166168e-01  6.974671e-01  5.028294e-20
   outer loop
     vertex  7.987132e+01  5.612132e+01  3.650000e+01
     vertex  7.992799e+01  5.606310e+01  3.650000e+01
     vertex  7.992799e+01  5.606310e+01 -2.500000e+00
   endloop
 endfacet
 facet normal  6.974671e-01  7.166168e-01  0.000000e+00
   outer loop
     vertex  7.981310e+01  5.617799e+01  3.650000e+01
     vertex  7.987132e+01  5.612132e+01 -2.500000e+00
     vertex  7.981310e+01  5.617799e+01 -2.500000e+00
   endloop
 endfacet
 facet normal  6.974671e-01  7.166168e-01 -1.689209e-20
   outer loop
     vertex  7.981310e+01  5.617799e+01  3.650000e+01
     vertex  7.987132e+01  5.612132e+01  3.650000e+01
     vertex  7.987132e+01  5.612132e+01 -2.500000e+00
   endloop
 endfacet
 facet normal  6.778058e-01  7.352410e-01  0.000000e+00
   outer loop
     vertex  7.975336e+01  5.623306e+01  3.650000e+01
     vertex  7.981310e+01  5.617799e+01 -2.500000e+00
     vertex  7.975336e+01  5.623306e+01 -2.500000e+00
   endloop
 endfacet
 facet normal  6.576473e-01  7.533260e-01  0.000000e+00
   outer loop
     vertex  7.975336e+01  5.623306e+01  3.650000e+01
     vertex  7.975336e+01  5.623306e+01 -2.500000e+00
     vertex  7.969216e+01  5.628649e+01 -2.500000e+00
   endloop
 endfacet
 facet normal  6.778058e-01  7.352410e-01 -2.410795e-20
   outer loop
     vertex  7.975336e+01  5.623306e+01  3.650000e+01
     vertex  7.981310e+01  5.617799e+01  3.650000e+01
     vertex  7.981310e+01  5.617799e+01 -2.500000e+00
   endloop
 endfacet
 facet normal  6.370065e-01  7.708584e-01  0.000000e+00
   outer loop
     vertex  7.969216e+01  5.628649e+01  3.650000e+01
     vertex  7.969216e+01  5.628649e+01 -2.500000e+00
     vertex  7.962953e+01  5.633824e+01 -2.500000e+00
   endloop
 endfacet
 facet normal  6.576473e-01  7.533260e-01  0.000000e+00
   outer loop
     vertex  7.969216e+01  5.628649e+01  3.650000e+01
     vertex  7.975336e+01  5.623306e+01  3.650000e+01
     vertex  7.969216e+01  5.628649e+01 -2.500000e+00
   endloop
 endfacet
 facet normal  6.158986e-01  7.878255e-01  0.000000e+00
   outer loop
     vertex  7.962953e+01  5.633824e+01  3.650000e+01
     vertex  7.962953e+01  5.633824e+01 -2.500000e+00
     vertex  7.956552e+01  5.638828e+01 -2.500000e+00
   endloop
 endfacet
 facet normal  6.370065e-01  7.708584e-01  0.000000e+00
   outer loop
     vertex  7.962953e+01  5.633824e+01  3.650000e+01
     vertex  7.969216e+01  5.628649e+01  3.650000e+01
     vertex  7.962953e+01  5.633824e+01 -2.500000e+00
   endloop
 endfacet
 facet normal  6.158986e-01  7.878255e-01  0.000000e+00
   outer loop
     vertex  7.956552e+01  5.638828e+01  3.650000e+01
     vertex  7.962953e+01  5.633824e+01  3.650000e+01
     vertex  7.956552e+01  5.638828e+01 -2.500000e+00
   endloop
 endfacet
 facet normal  5.943389e-01  8.042147e-01  0.000000e+00
   outer loop
     vertex  7.950018e+01  5.643657e+01  3.650000e+01
     vertex  7.956552e+01  5.638828e+01 -2.500000e+00
     vertex  7.950018e+01  5.643657e+01 -2.500000e+00
   endloop
 endfacet
 facet normal  5.943389e-01  8.042147e-01 -4.473533e-20
   outer loop
     vertex  7.950018e+01  5.643657e+01  3.650000e+01
     vertex  7.956552e+01  5.638828e+01  3.650000e+01
     vertex  7.956552e+01  5.638828e+01 -2.500000e+00
   endloop
 endfacet
 facet normal  5.723433e-01  8.200141e-01  0.000000e+00
   outer loop
     vertex  7.943356e+01  5.648307e+01  3.650000e+01
     vertex  7.950018e+01  5.643657e+01 -2.500000e+00
     vertex  7.943356e+01  5.648307e+01 -2.500000e+00
   endloop
 endfacet
 facet normal  5.499279e-01  8.352121e-01  0.000000e+00
   outer loop
     vertex  7.943356e+01  5.648307e+01  3.650000e+01
     vertex  7.943356e+01  5.648307e+01 -2.500000e+00
     vertex  7.936570e+01  5.652775e+01 -2.500000e+00
   endloop
 endfacet
 facet normal  5.723433e-01  8.200141e-01  4.721320e-20
   outer loop
     vertex  7.943356e+01  5.648307e+01  3.650000e+01
     vertex  7.950018e+01  5.643657e+01  3.650000e+01
     vertex  7.950018e+01  5.643657e+01 -2.500000e+00
   endloop
 endfacet
 facet normal  5.271092e-01  8.497975e-01  0.000000e+00
   outer loop
     vertex  7.936570e+01  5.652775e+01  3.650000e+01
     vertex  7.936570e+01  5.652775e+01 -2.500000e+00
     vertex  7.929666e+01  5.657057e+01 -2.500000e+00
   endloop
 endfacet
 facet normal  5.499279e-01  8.352121e-01  0.000000e+00
   outer loop
     vertex  7.936570e+01  5.652775e+01  3.650000e+01
     vertex  7.943356e+01  5.648307e+01  3.650000e+01
     vertex  7.936570e+01  5.652775e+01 -2.500000e+00
   endloop
 endfacet
 facet normal  5.039039e-01  8.637597e-01  0.000000e+00
   outer loop
     vertex  7.929666e+01  5.657057e+01  3.650000e+01
     vertex  7.929666e+01  5.657057e+01 -2.500000e+00
     vertex  7.922648e+01  5.661151e+01 -2.500000e+00
   endloop
 endfacet
 facet normal  5.271092e-01  8.497975e-01  0.000000e+00
   outer loop
     vertex  7.929666e+01  5.657057e+01  3.650000e+01
     vertex  7.936570e+01  5.652775e+01  3.650000e+01
     vertex  7.929666e+01  5.657057e+01 -2.500000e+00
   endloop
 endfacet
 facet normal  5.039039e-01  8.637597e-01  0.000000e+00
   outer loop
     vertex  7.922648e+01  5.661151e+01  3.650000e+01
     vertex  7.929666e+01  5.657057e+01  3.650000e+01
     vertex  7.922648e+01  5.661151e+01 -2.500000e+00
   endloop
 endfacet
 facet normal  4.803291e-01  8.770884e-01  0.000000e+00
   outer loop
     vertex  7.915523e+01  5.665054e+01  3.650000e+01
     vertex  7.922648e+01  5.661151e+01 -2.500000e+00
     vertex  7.915523e+01  5.665054e+01 -2.500000e+00
   endloop
 endfacet
 facet normal  4.564019e-01  8.897737e-01  0.000000e+00
   outer loop
     vertex  7.915523e+01  5.665054e+01  3.650000e+01
     vertex  7.915523e+01  5.665054e+01 -2.500000e+00
     vertex  7.908294e+01  5.668762e+01 -2.500000e+00
   endloop
 endfacet
 facet normal  4.803291e-01  8.770884e-01  4.801543e-20
   outer loop
     vertex  7.915523e+01  5.665054e+01  3.650000e+01
     vertex  7.922648e+01  5.661151e+01  3.650000e+01
     vertex  7.922648e+01  5.661151e+01 -2.500000e+00
   endloop
 endfacet
 facet normal  4.564019e-01  8.897737e-01  0.000000e+00
   outer loop
     vertex  7.908294e+01  5.668762e+01  3.650000e+01
     vertex  7.915523e+01  5.665054e+01  3.650000e+01
     vertex  7.908294e+01  5.668762e+01 -2.500000e+00
   endloop
 endfacet
 facet normal  4.321400e-01  9.018065e-01  0.000000e+00
   outer loop
     vertex  7.900967e+01  5.672273e+01  3.650000e+01
     vertex  7.908294e+01  5.668762e+01 -2.500000e+00
     vertex  7.900967e+01  5.672273e+01 -2.500000e+00
   endloop
 endfacet
 facet normal  4.321400e-01  9.018065e-01 -2.407033e-20
   outer loop
     vertex  7.900967e+01  5.672273e+01  3.650000e+01
     vertex  7.908294e+01  5.668762e+01  3.650000e+01
     vertex  7.908294e+01  5.668762e+01 -2.500000e+00
   endloop
 endfacet
 facet normal  4.075612e-01  9.131779e-01  0.000000e+00
   outer loop
     vertex  7.893548e+01  5.675584e+01  3.650000e+01
     vertex  7.900967e+01  5.672273e+01 -2.500000e+00
     vertex  7.893548e+01  5.675584e+01 -2.500000e+00
   endloop
 endfacet
 facet normal  3.826834e-01  9.238795e-01  0.000000e+00
   outer loop
     vertex  7.893548e+01  5.675584e+01  3.650000e+01
     vertex  7.893548e+01  5.675584e+01 -2.500000e+00
     vertex  7.886041e+01  5.678693e+01 -2.500000e+00
   endloop
 endfacet
 facet normal  4.075612e-01  9.131779e-01  3.739397e-20
   outer loop
     vertex  7.893548e+01  5.675584e+01  3.650000e+01
     vertex  7.900967e+01  5.672273e+01  3.650000e+01
     vertex  7.900967e+01  5.672273e+01 -2.500000e+00
   endloop
 endfacet
 facet normal  3.826834e-01  9.238795e-01  0.000000e+00
   outer loop
     vertex  7.886041e+01  5.678693e+01  3.650000e+01
     vertex  7.893548e+01  5.675584e+01  3.650000e+01
     vertex  7.886041e+01  5.678693e+01 -2.500000e+00
   endloop
 endfacet
 facet normal  3.575250e-01  9.339036e-01  0.000000e+00
   outer loop
     vertex  7.878454e+01  5.681598e+01  3.650000e+01
     vertex  7.886041e+01  5.678693e+01 -2.500000e+00
     vertex  7.878454e+01  5.681598e+01 -2.500000e+00
   endloop
 endfacet
 facet normal  3.575250e-01  9.339036e-01 -3.989952e-20
   outer loop
     vertex  7.878454e+01  5.681598e+01  3.650000e+01
     vertex  7.886041e+01  5.678693e+01  3.650000e+01
     vertex  7.886041e+01  5.678693e+01 -2.500000e+00
   endloop
 endfacet
 facet normal  3.321044e-01  9.432426e-01 -3.222219e-20
   outer loop
     vertex  7.870790e+01  5.684296e+01  3.650000e+01
     vertex  7.878454e+01  5.681598e+01  3.650000e+01
     vertex  7.878454e+01  5.681598e+01 -2.500000e+00
   endloop
 endfacet
 facet normal  3.321044e-01  9.432426e-01  0.000000e+00
   outer loop
     vertex  7.870790e+01  5.684296e+01  3.650000e+01
     vertex  7.878454e+01  5.681598e+01 -2.500000e+00
     vertex  7.870790e+01  5.684296e+01 -2.500000e+00
   endloop
 endfacet
 facet normal  3.064401e-01  9.518899e-01  0.000000e+00
   outer loop
     vertex  7.870790e+01  5.684296e+01  3.650000e+01
     vertex  7.870790e+01  5.684296e+01 -2.500000e+00
     vertex  7.863057e+01  5.686786e+01 -2.500000e+00
   endloop
 endfacet
 facet normal  3.064401e-01  9.518899e-01  0.000000e+00
   outer loop
     vertex  7.863057e+01  5.686786e+01  3.650000e+01
     vertex  7.870790e+01  5.684296e+01  3.650000e+01
     vertex  7.863057e+01  5.686786e+01 -2.500000e+00
   endloop
 endfacet
 facet normal  2.805512e-01  9.598391e-01  0.000000e+00
   outer loop
     vertex  7.863057e+01  5.686786e+01  3.650000e+01
     vertex  7.863057e+01  5.686786e+01 -2.500000e+00
     vertex  7.855259e+01  5.689065e+01 -2.500000e+00
   endloop
 endfacet
 facet normal  2.805512e-01  9.598391e-01  0.000000e+00
   outer loop
     vertex  7.855259e+01  5.689065e+01  3.650000e+01
     vertex  7.863057e+01  5.686786e+01  3.650000e+01
     vertex  7.855259e+01  5.689065e+01 -2.500000e+00
   endloop
 endfacet
 facet normal  2.544564e-01  9.670842e-01 -3.321994e-20
   outer loop
     vertex  7.847401e+01  5.691132e+01  3.650000e+01
     vertex  7.855259e+01  5.689065e+01  3.650000e+01
     vertex  7.855259e+01  5.689065e+01 -2.500000e+00
   endloop
 endfacet
 facet normal  2.544564e-01  9.670842e-01  0.000000e+00
   outer loop
     vertex  7.847401e+01  5.691132e+01  3.650000e+01
     vertex  7.855259e+01  5.689065e+01 -2.500000e+00
     vertex  7.847401e+01  5.691132e+01 -2.500000e+00
   endloop
 endfacet
 facet normal  2.281751e-01  9.736201e-01  1.716988e-20
   outer loop
     vertex  7.839491e+01  5.692986e+01  3.650000e+01
     vertex  7.847401e+01  5.691132e+01  3.650000e+01
     vertex  7.847401e+01  5.691132e+01 -2.500000e+00
   endloop
 endfacet
 facet normal  2.281751e-01  9.736201e-01  0.000000e+00
   outer loop
     vertex  7.839491e+01  5.692986e+01  3.650000e+01
     vertex  7.847401e+01  5.691132e+01 -2.500000e+00
     vertex  7.839491e+01  5.692986e+01 -2.500000e+00
   endloop
 endfacet
 facet normal  2.017264e-01  9.794419e-01 -2.198148e-20
   outer loop
     vertex  7.831534e+01  5.694625e+01  3.650000e+01
     vertex  7.839491e+01  5.692986e+01  3.650000e+01
     vertex  7.839491e+01  5.692986e+01 -2.500000e+00
   endloop
 endfacet
 facet normal  2.017264e-01  9.794419e-01  0.000000e+00
   outer loop
     vertex  7.831534e+01  5.694625e+01  3.650000e+01
     vertex  7.839491e+01  5.692986e+01 -2.500000e+00
     vertex  7.831534e+01  5.694625e+01 -2.500000e+00
   endloop
 endfacet
 facet normal  1.751297e-01  9.845454e-01  2.435464e-20
   outer loop
     vertex  7.823535e+01  5.696048e+01  3.650000e+01
     vertex  7.831534e+01  5.694625e+01  3.650000e+01
     vertex  7.831534e+01  5.694625e+01 -2.500000e+00
   endloop
 endfacet
 facet normal  1.751297e-01  9.845454e-01  0.000000e+00
   outer loop
     vertex  7.823535e+01  5.696048e+01  3.650000e+01
     vertex  7.831534e+01  5.694625e+01 -2.500000e+00
     vertex  7.823535e+01  5.696048e+01 -2.500000e+00
   endloop
 endfacet
 facet normal  1.484046e-01  9.889267e-01 -6.135616e-21
   outer loop
     vertex  7.815500e+01  5.697254e+01  3.650000e+01
     vertex  7.823535e+01  5.696048e+01  3.650000e+01
     vertex  7.823535e+01  5.696048e+01 -2.500000e+00
   endloop
 endfacet
 facet normal  1.484046e-01  9.889267e-01  0.000000e+00
   outer loop
     vertex  7.815500e+01  5.697254e+01  3.650000e+01
     vertex  7.823535e+01  5.696048e+01 -2.500000e+00
     vertex  7.815500e+01  5.697254e+01 -2.500000e+00
   endloop
 endfacet
 facet normal  1.215707e-01  9.925828e-01 -1.912537e-22
   outer loop
     vertex  7.807436e+01  5.698241e+01  3.650000e+01
     vertex  7.815500e+01  5.697254e+01  3.650000e+01
     vertex  7.815500e+01  5.697254e+01 -2.500000e+00
   endloop
 endfacet
 facet normal  1.215707e-01  9.925828e-01  0.000000e+00
   outer loop
     vertex  7.807436e+01  5.698241e+01  3.650000e+01
     vertex  7.815500e+01  5.697254e+01 -2.500000e+00
     vertex  7.807436e+01  5.698241e+01 -2.500000e+00
   endloop
 endfacet
 facet normal  9.464755e-02  9.955108e-01  1.063093e-20
   outer loop
     vertex  7.799348e+01  5.699010e+01  3.650000e+01
     vertex  7.807436e+01  5.698241e+01  3.650000e+01
     vertex  7.807436e+01  5.698241e+01 -2.500000e+00
   endloop
 endfacet
 facet normal  9.464755e-02  9.955108e-01  0.000000e+00
   outer loop
     vertex  7.799348e+01  5.699010e+01  3.650000e+01
     vertex  7.807436e+01  5.698241e+01 -2.500000e+00
     vertex  7.799348e+01  5.699010e+01 -2.500000e+00
   endloop
 endfacet
 facet normal  6.765502e-02  9.977088e-01 -7.128288e-21
   outer loop
     vertex  7.791242e+01  5.699560e+01  3.650000e+01
     vertex  7.799348e+01  5.699010e+01  3.650000e+01
     vertex  7.799348e+01  5.699010e+01 -2.500000e+00
   endloop
 endfacet
 facet normal  6.765502e-02  9.977088e-01  0.000000e+00
   outer loop
     vertex  7.791242e+01  5.699560e+01  3.650000e+01
     vertex  7.799348e+01  5.699010e+01 -2.500000e+00
     vertex  7.791242e+01  5.699560e+01 -2.500000e+00
   endloop
 endfacet
 facet normal  4.061287e-02  9.991750e-01 -5.876354e-21
   outer loop
     vertex  7.783124e+01  5.699890e+01  3.650000e+01
     vertex  7.791242e+01  5.699560e+01  3.650000e+01
     vertex  7.791242e+01  5.699560e+01 -2.500000e+00
   endloop
 endfacet
 facet normal  4.061287e-02  9.991750e-01  0.000000e+00
   outer loop
     vertex  7.783124e+01  5.699890e+01  3.650000e+01
     vertex  7.791242e+01  5.699560e+01 -2.500000e+00
     vertex  7.783124e+01  5.699890e+01 -2.500000e+00
   endloop
 endfacet
 facet normal  1.354093e-02  9.999083e-01  0.000000e+00
   outer loop
     vertex  7.783124e+01  5.699890e+01  3.650000e+01
     vertex  7.783124e+01  5.699890e+01 -2.500000e+00
     vertex  7.775000e+01  5.700000e+01 -2.500000e+00
   endloop
 endfacet
 facet normal  1.354093e-02  9.999083e-01  0.000000e+00
   outer loop
     vertex  7.775000e+01  5.700000e+01  3.650000e+01
     vertex  7.783124e+01  5.699890e+01  3.650000e+01
     vertex  7.775000e+01  5.700000e+01 -2.500000e+00
   endloop
 endfacet
 facet normal  1.000000e+00  0.000000e+00  0.000000e+00
   outer loop
     vertex  8.075000e+01  5.400000e+01  3.650000e+01
     vertex  8.075000e+01  3.025000e+01  0.000000e+00
     vertex  8.075000e+01  5.400000e+01 -2.500000e+00
   endloop
 endfacet
 facet normal  1.000000e+00 -0.000000e+00  0.000000e+00
   outer loop
     vertex  8.075000e+01  3.025000e+01  3.650000e+01
     vertex  8.075000e+01  3.025000e+01  0.000000e+00
     vertex  8.075000e+01  5.400000e+01  3.650000e+01
   endloop
 endfacet
 facet normal  1.000000e+00 -0.000000e+00  0.000000e+00
   outer loop
     vertex  8.075000e+01  5.000000e-01  3.650000e+01
     vertex  8.075000e+01  2.425000e+01  0.000000e+00
     vertex  8.075000e+01  2.425000e+01  3.650000e+01
   endloop
 endfacet
 facet normal  1.000000e+00  0.000000e+00  0.000000e+00
   outer loop
     vertex  8.075000e+01  5.000000e-01  3.650000e+01
     vertex  8.075000e+01  5.000000e-01 -2.500000e+00
     vertex  8.075000e+01  2.425000e+01  0.000000e+00
   endloop
 endfacet
 facet normal  1.000000e+00  0.000000e+00  0.000000e+00
   outer loop
     vertex  8.075000e+01  5.000000e-01 -2.500000e+00
     vertex  8.075000e+01  5.400000e+01 -2.500000e+00
     vertex  8.075000e+01  3.025000e+01  0.000000e+00
   endloop
 endfacet
 facet normal  1.000000e+00  0.000000e+00  0.000000e+00
   outer loop
     vertex  8.075000e+01  5.000000e-01 -2.500000e+00
     vertex  8.075000e+01  3.025000e+01  0.000000e+00
     vertex  8.075000e+01  2.425000e+01  0.000000e+00
   endloop
 endfacet
 facet normal  0.000000e+00 -1.000000e+00 -0.000000e+00
   outer loop
     vertex  8.075000e+01  3.025000e+01  3.650000e+01
     vertex  7.825000e+01  3.025000e+01  0.000000e+00
     vertex  8.075000e+01  3.025000e+01  0.000000e+00
   endloop
 endfacet
 facet normal -0.000000e+00 -1.000000e+00  0.000000e+00
   outer loop
     vertex  8.075000e+01  3.025000e+01  3.650000e+01
     vertex  7.825000e+01  3.025000e+01  3.650000e+01
     vertex  7.825000e+01  3.025000e+01  0.000000e+00
   endloop
 endfacet
 facet normal -1.000000e+00  0.000000e+00 -0.000000e+00
   outer loop
     vertex  7.825000e+01  5.450000e+01  3.650000e+01
     vertex  7.825000e+01  5.450000e+01  0.000000e+00
     vertex  7.825000e+01  3.025000e+01  0.000000e+00
   endloop
 endfacet
 facet normal -1.000000e+00  0.000000e+00  0.000000e+00
   outer loop
     vertex  7.825000e+01  3.025000e+01  3.650000e+01
     vertex  7.825000e+01  5.450000e+01  3.650000e+01
     vertex  7.825000e+01  3.025000e+01  0.000000e+00
   endloop
 endfacet
 facet normal  0.000000e+00 -1.000000e+00  0.000000e+00
   outer loop
     vertex  7.825000e+01  5.450000e+01  0.000000e+00
     vertex  0.000000e+00  5.450000e+01  3.650000e+01
     vertex  0.000000e+00  5.450000e+01  0.000000e+00
   endloop
 endfacet
 facet normal -0.000000e+00 -1.000000e+00 -0.000000e+00
   outer loop
     vertex  7.825000e+01  5.450000e+01  3.650000e+01
     vertex  0.000000e+00  5.450000e+01  3.650000e+01
     vertex  7.825000e+01  5.450000e+01  0.000000e+00
   endloop
 endfacet
 facet normal  1.000000e+00  0.000000e+00  0.000000e+00
   outer loop
     vertex  0.000000e+00  0.000000e+00  3.650000e+01
     vertex  0.000000e+00  0.000000e+00  0.000000e+00
     vertex  0.000000e+00  5.450000e+01  0.000000e+00
   endloop
 endfacet
 facet normal  1.000000e+00 -0.000000e+00  0.000000e+00
   outer loop
     vertex  0.000000e+00  0.000000e+00  3.650000e+01
     vertex  0.000000e+00  5.450000e+01  0.000000e+00
     vertex  0.000000e+00  5.450000e+01  3.650000e+01
   endloop
 endfacet
 facet normal  0.000000e+00  1.000000e+00  0.000000e+00
   outer loop
     vertex  7.825000e+01  0.000000e+00  0.000000e+00
     vertex  0.000000e+00  0.000000e+00  0.000000e+00
     vertex  0.000000e+00  0.000000e+00  3.650000e+01
   endloop
 endfacet
 facet normal  0.000000e+00  1.000000e+00  0.000000e+00
   outer loop
     vertex  7.825000e+01  0.000000e+00  3.650000e+01
     vertex  7.825000e+01  0.000000e+00  0.000000e+00
     vertex  0.000000e+00  0.000000e+00  3.650000e+01
   endloop
 endfacet
 facet normal -1.000000e+00  0.000000e+00  0.000000e+00
   outer loop
     vertex  7.825000e+01  0.000000e+00  3.650000e+01
     vertex  7.825000e+01  2.425000e+01  0.000000e+00
     vertex  7.825000e+01  0.000000e+00  0.000000e+00
   endloop
 endfacet
 facet normal -1.000000e+00  0.000000e+00  0.000000e+00
   outer loop
     vertex  7.825000e+01  0.000000e+00  3.650000e+01
     vertex  7.825000e+01  2.425000e+01  3.650000e+01
     vertex  7.825000e+01  2.425000e+01  0.000000e+00
   endloop
 endfacet
 facet normal  0.000000e+00  1.000000e+00  0.000000e+00
   outer loop
     vertex  8.075000e+01  2.425000e+01  3.650000e+01
     vertex  8.075000e+01  2.425000e+01  0.000000e+00
     vertex  7.825000e+01  2.425000e+01  0.000000e+00
   endloop
 endfacet
 facet normal  0.000000e+00  1.000000e+00  0.000000e+00
   outer loop
     vertex  8.075000e+01  2.425000e+01  3.650000e+01
     vertex  7.825000e+01  2.425000e+01  0.000000e+00
     vertex  7.825000e+01  2.425000e+01  3.650000e+01
   endloop
 endfacet
 facet normal  9.999083e-01 -1.354093e-02  0.000000e+00
   outer loop
     vertex  8.075000e+01  5.000000e-01  3.650000e+01
     vertex  8.074890e+01  4.187618e-01 -2.500000e+00
     vertex  8.075000e+01  5.000000e-01 -2.500000e+00
   endloop
 endfacet
 facet normal  9.999083e-01 -1.354093e-02  0.000000e+00
   outer loop
     vertex  8.074890e+01  4.187618e-01  3.650000e+01
     vertex  8.074890e+01  4.187618e-01 -2.500000e+00
     vertex  8.075000e+01  5.000000e-01  3.650000e+01
   endloop
 endfacet
 facet normal  9.991750e-01 -4.061287e-02  0.000000e+00
   outer loop
     vertex  8.074560e+01  3.375833e-01  3.650000e+01
     vertex  8.074560e+01  3.375833e-01 -2.500000e+00
     vertex  8.074890e+01  4.187618e-01 -2.500000e+00
   endloop
 endfacet
 facet normal  9.977088e-01 -6.765502e-02  0.000000e+00
   outer loop
     vertex  8.074560e+01  3.375833e-01  3.650000e+01
     vertex  8.074010e+01  2.565238e-01 -2.500000e+00
     vertex  8.074560e+01  3.375833e-01 -2.500000e+00
   endloop
 endfacet
 facet normal  9.991750e-01 -4.061287e-02 -8.105170e-21
   outer loop
     vertex  8.074560e+01  3.375833e-01  3.650000e+01
     vertex  8.074890e+01  4.187618e-01 -2.500000e+00
     vertex  8.074890e+01  4.187618e-01  3.650000e+01
   endloop
 endfacet
 facet normal  9.977088e-01 -6.765502e-02  0.000000e+00
   outer loop
     vertex  8.074010e+01  2.565238e-01  3.650000e+01
     vertex  8.074010e+01  2.565238e-01 -2.500000e+00
     vertex  8.074560e+01  3.375833e-01  3.650000e+01
   endloop
 endfacet
 facet normal  9.955108e-01 -9.464755e-02  0.000000e+00
   outer loop
     vertex  8.073241e+01  1.756429e-01  3.650000e+01
     vertex  8.073241e+01  1.756429e-01 -2.500000e+00
     vertex  8.074010e+01  2.565238e-01 -2.500000e+00
   endloop
 endfacet
 facet normal  9.955108e-01 -9.464755e-02  7.499888e-21
   outer loop
     vertex  8.073241e+01  1.756429e-01  3.650000e+01
     vertex  8.074010e+01  2.565238e-01 -2.500000e+00
     vertex  8.074010e+01  2.565238e-01  3.650000e+01
   endloop
 endfacet
 facet normal  9.925828e-01 -1.215707e-01  0.000000e+00
   outer loop
     vertex  8.072254e+01  9.499996e-02  3.650000e+01
     vertex  8.072254e+01  9.499996e-02 -2.500000e+00
     vertex  8.073241e+01  1.756429e-01 -2.500000e+00
   endloop
 endfacet
 facet normal  9.925828e-01 -1.215707e-01 -4.920923e-21
   outer loop
     vertex  8.072254e+01  9.499996e-02  3.650000e+01
     vertex  8.073241e+01  1.756429e-01 -2.500000e+00
     vertex  8.073241e+01  1.756429e-01  3.650000e+01
   endloop
 endfacet
 facet normal  9.889267e-01 -1.484046e-01  0.000000e+00
   outer loop
     vertex  8.071048e+01  1.465401e-02  3.650000e+01
     vertex  8.071048e+01  1.465401e-02 -2.500000e+00
     vertex  8.072254e+01  9.499996e-02 -2.500000e+00
   endloop
 endfacet
 facet normal  9.889267e-01 -1.484046e-01 -1.599877e-20
   outer loop
     vertex  8.071048e+01  1.465401e-02  3.650000e+01
     vertex  8.072254e+01  9.499996e-02 -2.500000e+00
     vertex  8.072254e+01  9.499996e-02  3.650000e+01
   endloop
 endfacet
 facet normal  9.845454e-01 -1.751297e-01  0.000000e+00
   outer loop
     vertex  8.069625e+01 -6.533597e-02  3.650000e+01
     vertex  8.069625e+01 -6.533597e-02 -2.500000e+00
     vertex  8.071048e+01  1.465401e-02 -2.500000e+00
   endloop
 endfacet
 facet normal  9.794419e-01 -2.017264e-01  0.000000e+00
   outer loop
     vertex  8.069625e+01 -6.533597e-02  3.650000e+01
     vertex  8.067986e+01 -1.449113e-01 -2.500000e+00
     vertex  8.069625e+01 -6.533597e-02 -2.500000e+00
   endloop
 endfacet
 facet normal  9.845454e-01 -1.751297e-01 -2.961207e-20
   outer loop
     vertex  8.069625e+01 -6.533597e-02  3.650000e+01
     vertex  8.071048e+01  1.465401e-02 -2.500000e+00
     vertex  8.071048e+01  1.465401e-02  3.650000e+01
   endloop
 endfacet
 facet normal  9.736201e-01 -2.281751e-01  0.000000e+00
   outer loop
     vertex  8.067986e+01 -1.449113e-01  3.650000e+01
     vertex  8.066132e+01 -2.240137e-01 -2.500000e+00
     vertex  8.067986e+01 -1.449113e-01 -2.500000e+00
   endloop
 endfacet
 facet normal  9.794419e-01 -2.017264e-01  0.000000e+00
   outer loop
     vertex  8.067986e+01 -1.449113e-01  3.650000e+01
     vertex  8.067986e+01 -1.449113e-01 -2.500000e+00
     vertex  8.069625e+01 -6.533597e-02  3.650000e+01
   endloop
 endfacet
 facet normal  9.736201e-01 -2.281751e-01  0.000000e+00
   outer loop
     vertex  8.066132e+01 -2.240137e-01  3.650000e+01
     vertex  8.066132e+01 -2.240137e-01 -2.500000e+00
     vertex  8.067986e+01 -1.449113e-01  3.650000e+01
   endloop
 endfacet
 facet normal  9.670842e-01 -2.544564e-01  0.000000e+00
   outer loop
     vertex  8.064065e+01 -3.025850e-01  3.650000e+01
     vertex  8.064065e+01 -3.025850e-01 -2.500000e+00
     vertex  8.066132e+01 -2.240137e-01 -2.500000e+00
   endloop
 endfacet
 facet normal  9.670842e-01 -2.544564e-01  3.224261e-21
   outer loop
     vertex  8.064065e+01 -3.025850e-01  3.650000e+01
     vertex  8.066132e+01 -2.240137e-01 -2.500000e+00
     vertex  8.066132e+01 -2.240137e-01  3.650000e+01
   endloop
 endfacet
 facet normal  9.598391e-01 -2.805512e-01  0.000000e+00
   outer loop
     vertex  8.061786e+01 -3.805677e-01  3.650000e+01
     vertex  8.061786e+01 -3.805677e-01 -2.500000e+00
     vertex  8.064065e+01 -3.025850e-01 -2.500000e+00
   endloop
 endfacet
 facet normal  9.598391e-01 -2.805512e-01  2.444240e-20
   outer loop
     vertex  8.061786e+01 -3.805677e-01  3.650000e+01
     vertex  8.064065e+01 -3.025850e-01 -2.500000e+00
     vertex  8.064065e+01 -3.025850e-01  3.650000e+01
   endloop
 endfacet
 facet normal  9.518899e-01 -3.064401e-01  0.000000e+00
   outer loop
     vertex  8.059296e+01 -4.579046e-01  3.650000e+01
     vertex  8.059296e+01 -4.579046e-01 -2.500000e+00
     vertex  8.061786e+01 -3.805677e-01 -2.500000e+00
   endloop
 endfacet
 facet normal  9.518899e-01 -3.064401e-01  9.129200e-21
   outer loop
     vertex  8.059296e+01 -4.579046e-01  3.650000e+01
     vertex  8.061786e+01 -3.805677e-01 -2.500000e+00
     vertex  8.061786e+01 -3.805677e-01  3.650000e+01
   endloop
 endfacet
 facet normal  9.432426e-01 -3.321044e-01  0.000000e+00
   outer loop
     vertex  8.056598e+01 -5.345389e-01  3.650000e+01
     vertex  8.056598e+01 -5.345389e-01 -2.500000e+00
     vertex  8.059296e+01 -4.579046e-01 -2.500000e+00
   endloop
 endfacet
 facet normal  9.432426e-01 -3.321044e-01 -8.429049e-21
   outer loop
     vertex  8.056598e+01 -5.345389e-01  3.650000e+01
     vertex  8.059296e+01 -4.579046e-01 -2.500000e+00
     vertex  8.059296e+01 -4.579046e-01  3.650000e+01
   endloop
 endfacet
 facet normal  9.339036e-01 -3.575250e-01  0.000000e+00
   outer loop
     vertex  8.053693e+01 -6.104145e-01  3.650000e+01
     vertex  8.053693e+01 -6.104145e-01 -2.500000e+00
     vertex  8.056598e+01 -5.345389e-01 -2.500000e+00
   endloop
 endfacet
 facet normal  9.238795e-01 -3.826834e-01  0.000000e+00
   outer loop
     vertex  8.053693e+01 -6.104145e-01  3.650000e+01
     vertex  8.050584e+01 -6.854756e-01 -2.500000e+00
     vertex  8.053693e+01 -6.104145e-01 -2.500000e+00
   endloop
 endfacet
 facet normal  9.339036e-01 -3.575250e-01 -5.896852e-20
   outer loop
     vertex  8.053693e+01 -6.104145e-01  3.650000e+01
     vertex  8.056598e+01 -5.345389e-01 -2.500000e+00
     vertex  8.056598e+01 -5.345389e-01  3.650000e+01
   endloop
 endfacet
 facet normal  9.238795e-01 -3.826834e-01  0.000000e+00
   outer loop
     vertex  8.050584e+01 -6.854756e-01  3.650000e+01
     vertex  8.050584e+01 -6.854756e-01 -2.500000e+00
     vertex  8.053693e+01 -6.104145e-01  3.650000e+01
   endloop
 endfacet
 facet normal  9.131779e-01 -4.075612e-01  0.000000e+00
   outer loop
     vertex  8.047273e+01 -7.596673e-01  3.650000e+01
     vertex  8.047273e+01 -7.596673e-01 -2.500000e+00
     vertex  8.050584e+01 -6.854756e-01 -2.500000e+00
   endloop
 endfacet
 facet normal  9.131779e-01 -4.075612e-01 -5.643475e-20
   outer loop
     vertex  8.047273e+01 -7.596673e-01  3.650000e+01
     vertex  8.050584e+01 -6.854756e-01 -2.500000e+00
     vertex  8.050584e+01 -6.854756e-01  3.650000e+01
   endloop
 endfacet
 facet normal  9.018065e-01 -4.321400e-01  0.000000e+00
   outer loop
     vertex  8.043762e+01 -8.329351e-01  3.650000e+01
     vertex  8.043762e+01 -8.329351e-01 -2.500000e+00
     vertex  8.047273e+01 -7.596673e-01 -2.500000e+00
   endloop
 endfacet
 facet normal  9.018065e-01 -4.321400e-01 -4.476204e-20
   outer loop
     vertex  8.043762e+01 -8.329351e-01  3.650000e+01
     vertex  8.047273e+01 -7.596673e-01 -2.500000e+00
     vertex  8.047273e+01 -7.596673e-01  3.650000e+01
   endloop
 endfacet
 facet normal  8.897737e-01 -4.564019e-01  0.000000e+00
   outer loop
     vertex  8.040054e+01 -9.052253e-01  3.650000e+01
     vertex  8.040054e+01 -9.052253e-01 -2.500000e+00
     vertex  8.043762e+01 -8.329351e-01 -2.500000e+00
   endloop
 endfacet
 facet normal  8.770884e-01 -4.803291e-01  0.000000e+00
   outer loop
     vertex  8.040054e+01 -9.052253e-01  3.650000e+01
     vertex  8.036151e+01 -9.764849e-01 -2.500000e+00
     vertex  8.040054e+01 -9.052253e-01 -2.500000e+00
   endloop
 endfacet
 facet normal  8.897737e-01 -4.564019e-01  6.809041e-20
   outer loop
     vertex  8.040054e+01 -9.052253e-01  3.650000e+01
     vertex  8.043762e+01 -8.329351e-01 -2.500000e+00
     vertex  8.043762e+01 -8.329351e-01  3.650000e+01
   endloop
 endfacet
 facet normal  8.770884e-01 -4.803291e-01  0.000000e+00
   outer loop
     vertex  8.036151e+01 -9.764849e-01  3.650000e+01
     vertex  8.036151e+01 -9.764849e-01 -2.500000e+00
     vertex  8.040054e+01 -9.052253e-01  3.650000e+01
   endloop
 endfacet
 facet normal  8.637597e-01 -5.039039e-01  0.000000e+00
   outer loop
     vertex  8.032057e+01 -1.046662e+00  3.650000e+01
     vertex  8.032057e+01 -1.046662e+00 -2.500000e+00
     vertex  8.036151e+01 -9.764849e-01 -2.500000e+00
   endloop
 endfacet
 facet normal  8.637597e-01 -5.039039e-01  4.751528e-20
   outer loop
     vertex  8.032057e+01 -1.046662e+00  3.650000e+01
     vertex  8.036151e+01 -9.764849e-01 -2.500000e+00
     vertex  8.036151e+01 -9.764849e-01  3.650000e+01
   endloop
 endfacet
 facet normal  8.497975e-01 -5.271092e-01  5.304731e-20
   outer loop
     vertex  8.027775e+01 -1.115704e+00  3.650000e+01
     vertex  8.032057e+01 -1.046662e+00 -2.500000e+00
     vertex  8.032057e+01 -1.046662e+00  3.650000e+01
   endloop
 endfacet
 facet normal  8.497975e-01 -5.271092e-01  0.000000e+00
   outer loop
     vertex  8.027775e+01 -1.115704e+00  3.650000e+01
     vertex  8.027775e+01 -1.115704e+00 -2.500000e+00
     vertex  8.032057e+01 -1.046662e+00 -2.500000e+00
   endloop
 endfacet
 facet normal  8.352121e-01 -5.499279e-01  0.000000e+00
   outer loop
     vertex  8.027775e+01 -1.115704e+00  3.650000e+01
     vertex  8.023307e+01 -1.183561e+00 -2.500000e+00
     vertex  8.027775e+01 -1.115704e+00 -2.500000e+00
   endloop
 endfacet
 facet normal  8.352121e-01 -5.499279e-01  0.000000e+00
   outer loop
     vertex  8.023307e+01 -1.183561e+00  3.650000e+01
     vertex  8.023307e+01 -1.183561e+00 -2.500000e+00
     vertex  8.027775e+01 -1.115704e+00  3.650000e+01
   endloop
 endfacet
 facet normal  8.200141e-01 -5.723433e-01 -1.023530e-20
   outer loop
     vertex  8.018657e+01 -1.250184e+00  3.650000e+01
     vertex  8.023307e+01 -1.183561e+00 -2.500000e+00
     vertex  8.023307e+01 -1.183561e+00  3.650000e+01
   endloop
 endfacet
 facet normal  8.200141e-01 -5.723433e-01  0.000000e+00
   outer loop
     vertex  8.018657e+01 -1.250184e+00  3.650000e+01
     vertex  8.018657e+01 -1.250184e+00 -2.500000e+00
     vertex  8.023307e+01 -1.183561e+00 -2.500000e+00
   endloop
 endfacet
 facet normal  8.042147e-01 -5.943389e-01  3.235040e-20
   outer loop
     vertex  8.013828e+01 -1.315523e+00  3.650000e+01
     vertex  8.018657e+01 -1.250184e+00 -2.500000e+00
     vertex  8.018657e+01 -1.250184e+00  3.650000e+01
   endloop
 endfacet
 facet normal  8.042147e-01 -5.943389e-01  0.000000e+00
   outer loop
     vertex  8.013828e+01 -1.315523e+00  3.650000e+01
     vertex  8.013828e+01 -1.315523e+00 -2.500000e+00
     vertex  8.018657e+01 -1.250184e+00 -2.500000e+00
   endloop
 endfacet
 facet normal  7.878255e-01 -6.158986e-01 -4.692788e-20
   outer loop
     vertex  8.008824e+01 -1.379530e+00  3.650000e+01
     vertex  8.013828e+01 -1.315523e+00 -2.500000e+00
     vertex  8.013828e+01 -1.315523e+00  3.650000e+01
   endloop
 endfacet
 facet normal  7.878255e-01 -6.158986e-01  0.000000e+00
   outer loop
     vertex  8.008824e+01 -1.379530e+00  3.650000e+01
     vertex  8.008824e+01 -1.379530e+00 -2.500000e+00
     vertex  8.013828e+01 -1.315523e+00 -2.500000e+00
   endloop
 endfacet
 facet normal  7.708584e-01 -6.370065e-01  0.000000e+00
   outer loop
     vertex  8.008824e+01 -1.379530e+00  3.650000e+01
     vertex  8.003649e+01 -1.442159e+00 -2.500000e+00
     vertex  8.008824e+01 -1.379530e+00 -2.500000e+00
   endloop
 endfacet
 facet normal  7.708584e-01 -6.370065e-01  0.000000e+00
   outer loop
     vertex  8.003649e+01 -1.442159e+00  3.650000e+01
     vertex  8.003649e+01 -1.442159e+00 -2.500000e+00
     vertex  8.008824e+01 -1.379530e+00  3.650000e+01
   endloop
 endfacet
 facet normal  7.533260e-01 -6.576473e-01  0.000000e+00
   outer loop
     vertex  7.998306e+01 -1.503363e+00  3.650000e+01
     vertex  7.998306e+01 -1.503363e+00 -2.500000e+00
     vertex  8.003649e+01 -1.442159e+00 -2.500000e+00
   endloop
 endfacet
 facet normal  7.533260e-01 -6.576473e-01 -1.062436e-20
   outer loop
     vertex  7.998306e+01 -1.503363e+00  3.650000e+01
     vertex  8.003649e+01 -1.442159e+00 -2.500000e+00
     vertex  8.003649e+01 -1.442159e+00  3.650000e+01
   endloop
 endfacet
 facet normal  7.352410e-01 -6.778058e-01  0.000000e+00
   outer loop
     vertex  7.992799e+01 -1.563098e+00  3.650000e+01
     vertex  7.992799e+01 -1.563098e+00 -2.500000e+00
     vertex  7.998306e+01 -1.503363e+00 -2.500000e+00
   endloop
 endfacet
 facet normal  7.352410e-01 -6.778058e-01  1.383922e-20
   outer loop
     vertex  7.992799e+01 -1.563098e+00  3.650000e+01
     vertex  7.998306e+01 -1.503363e+00 -2.500000e+00
     vertex  7.998306e+01 -1.503363e+00  3.650000e+01
   endloop
 endfacet
 facet normal  7.166168e-01 -6.974671e-01  0.000000e+00
   outer loop
     vertex  7.987132e+01 -1.621320e+00  3.650000e+01
     vertex  7.987132e+01 -1.621320e+00 -2.500000e+00
     vertex  7.992799e+01 -1.563098e+00 -2.500000e+00
   endloop
 endfacet
 facet normal  7.166168e-01 -6.974671e-01  3.657139e-20
   outer loop
     vertex  7.987132e+01 -1.621320e+00  3.650000e+01
     vertex  7.992799e+01 -1.563098e+00 -2.500000e+00
     vertex  7.992799e+01 -1.563098e+00  3.650000e+01
   endloop
 endfacet
 facet normal  6.974671e-01 -7.166168e-01  0.000000e+00
   outer loop
     vertex  7.981310e+01 -1.677986e+00  3.650000e+01
     vertex  7.981310e+01 -1.677986e+00 -2.500000e+00
     vertex  7.987132e+01 -1.621320e+00 -2.500000e+00
   endloop
 endfacet
 facet normal  6.974671e-01 -7.166168e-01  4.954750e-20
   outer loop
     vertex  7.981310e+01 -1.677986e+00  3.650000e+01
     vertex  7.987132e+01 -1.621320e+00 -2.500000e+00
     vertex  7.987132e+01 -1.621320e+00  3.650000e+01
   endloop
 endfacet
 facet normal  6.778058e-01 -7.352410e-01  0.000000e+00
   outer loop
     vertex  7.975336e+01 -1.733055e+00  3.650000e+01
     vertex  7.975336e+01 -1.733055e+00 -2.500000e+00
     vertex  7.981310e+01 -1.677986e+00 -2.500000e+00
   endloop
 endfacet
 facet normal  6.778058e-01 -7.352410e-01 -4.517906e-20
   outer loop
     vertex  7.975336e+01 -1.733055e+00  3.650000e+01
     vertex  7.981310e+01 -1.677986e+00 -2.500000e+00
     vertex  7.981310e+01 -1.677986e+00  3.650000e+01
   endloop
 endfacet
 facet normal  6.576473e-01 -7.533260e-01  0.000000e+00
   outer loop
     vertex  7.969216e+01 -1.786486e+00  3.650000e+01
     vertex  7.969216e+01 -1.786486e+00 -2.500000e+00
     vertex  7.975336e+01 -1.733055e+00 -2.500000e+00
   endloop
 endfacet
 facet normal  6.576473e-01 -7.533260e-01  2.599189e-20
   outer loop
     vertex  7.969216e+01 -1.786486e+00  3.650000e+01
     vertex  7.975336e+01 -1.733055e+00 -2.500000e+00
     vertex  7.975336e+01 -1.733055e+00  3.650000e+01
   endloop
 endfacet
 facet normal  6.370065e-01 -7.708584e-01  0.000000e+00
   outer loop
     vertex  7.962953e+01 -1.838240e+00  3.650000e+01
     vertex  7.962953e+01 -1.838240e+00 -2.500000e+00
     vertex  7.969216e+01 -1.786486e+00 -2.500000e+00
   endloop
 endfacet
 facet normal  6.370065e-01 -7.708584e-01  2.469514e-20
   outer loop
     vertex  7.962953e+01 -1.838240e+00  3.650000e+01
     vertex  7.969216e+01 -1.786486e+00 -2.500000e+00
     vertex  7.969216e+01 -1.786486e+00  3.650000e+01
   endloop
 endfacet
 facet normal  6.158986e-01 -7.878255e-01  0.000000e+00
   outer loop
     vertex  7.956552e+01 -1.888279e+00  3.650000e+01
     vertex  7.956552e+01 -1.888279e+00 -2.500000e+00
     vertex  7.962953e+01 -1.838240e+00 -2.500000e+00
   endloop
 endfacet
 facet normal  6.158986e-01 -7.878255e-01 -9.910005e-21
   outer loop
     vertex  7.956552e+01 -1.888279e+00  3.650000e+01
     vertex  7.962953e+01 -1.838240e+00 -2.500000e+00
     vertex  7.962953e+01 -1.838240e+00  3.650000e+01
   endloop
 endfacet
 facet normal  5.943389e-01 -8.042147e-01  0.000000e+00
   outer loop
     vertex  7.950018e+01 -1.936567e+00  3.650000e+01
     vertex  7.950018e+01 -1.936567e+00 -2.500000e+00
     vertex  7.956552e+01 -1.888279e+00 -2.500000e+00
   endloop
 endfacet
 facet normal  5.943389e-01 -8.042147e-01 -1.579541e-20
   outer loop
     vertex  7.950018e+01 -1.936567e+00  3.650000e+01
     vertex  7.956552e+01 -1.888279e+00 -2.500000e+00
     vertex  7.956552e+01 -1.888279e+00  3.650000e+01
   endloop
 endfacet
 facet normal  5.723433e-01 -8.200141e-01  0.000000e+00
   outer loop
     vertex  7.943356e+01 -1.983067e+00  3.650000e+01
     vertex  7.943356e+01 -1.983067e+00 -2.500000e+00
     vertex  7.950018e+01 -1.936567e+00 -2.500000e+00
   endloop
 endfacet
 facet normal  5.499279e-01 -8.352121e-01  0.000000e+00
   outer loop
     vertex  7.943356e+01 -1.983067e+00  3.650000e+01
     vertex  7.936570e+01 -2.027746e+00 -2.500000e+00
     vertex  7.943356e+01 -1.983067e+00 -2.500000e+00
   endloop
 endfacet
 facet normal  5.723433e-01 -8.200141e-01 -5.449716e-20
   outer loop
     vertex  7.943356e+01 -1.983067e+00  3.650000e+01
     vertex  7.950018e+01 -1.936567e+00 -2.500000e+00
     vertex  7.950018e+01 -1.936567e+00  3.650000e+01
   endloop
 endfacet
 facet normal  5.499279e-01 -8.352121e-01  0.000000e+00
   outer loop
     vertex  7.936570e+01 -2.027746e+00  3.650000e+01
     vertex  7.936570e+01 -2.027746e+00 -2.500000e+00
     vertex  7.943356e+01 -1.983067e+00  3.650000e+01
   endloop
 endfacet
 facet normal  5.271092e-01 -8.497975e-01  0.000000e+00
   outer loop
     vertex  7.929666e+01 -2.070572e+00  3.650000e+01
     vertex  7.929666e+01 -2.070572e+00 -2.500000e+00
     vertex  7.936570e+01 -2.027746e+00 -2.500000e+00
   endloop
 endfacet
 facet normal  5.271092e-01 -8.497975e-01  1.853253e-20
   outer loop
     vertex  7.929666e+01 -2.070572e+00  3.650000e+01
     vertex  7.936570e+01 -2.027746e+00 -2.500000e+00
     vertex  7.936570e+01 -2.027746e+00  3.650000e+01
   endloop
 endfacet
 facet normal  5.039039e-01 -8.637597e-01  0.000000e+00
   outer loop
     vertex  7.922648e+01 -2.111512e+00  3.650000e+01
     vertex  7.922648e+01 -2.111512e+00 -2.500000e+00
     vertex  7.929666e+01 -2.070572e+00 -2.500000e+00
   endloop
 endfacet
 facet normal  5.039039e-01 -8.637597e-01 -4.430885e-20
   outer loop
     vertex  7.922648e+01 -2.111512e+00  3.650000e+01
     vertex  7.929666e+01 -2.070572e+00 -2.500000e+00
     vertex  7.929666e+01 -2.070572e+00  3.650000e+01
   endloop
 endfacet
 facet normal  4.803291e-01 -8.770884e-01  0.000000e+00
   outer loop
     vertex  7.915523e+01 -2.150536e+00  3.650000e+01
     vertex  7.915523e+01 -2.150536e+00 -2.500000e+00
     vertex  7.922648e+01 -2.111512e+00 -2.500000e+00
   endloop
 endfacet
 facet normal  4.803291e-01 -8.770884e-01  5.999023e-20
   outer loop
     vertex  7.915523e+01 -2.150536e+00  3.650000e+01
     vertex  7.922648e+01 -2.111512e+00 -2.500000e+00
     vertex  7.922648e+01 -2.111512e+00  3.650000e+01
   endloop
 endfacet
 facet normal  4.564019e-01 -8.897737e-01  0.000000e+00
   outer loop
     vertex  7.908294e+01 -2.187617e+00  3.650000e+01
     vertex  7.908294e+01 -2.187617e+00 -2.500000e+00
     vertex  7.915523e+01 -2.150536e+00 -2.500000e+00
   endloop
 endfacet
 facet normal  4.321400e-01 -9.018065e-01  0.000000e+00
   outer loop
     vertex  7.908294e+01 -2.187617e+00  3.650000e+01
     vertex  7.900967e+01 -2.222726e+00 -2.500000e+00
     vertex  7.908294e+01 -2.187617e+00 -2.500000e+00
   endloop
 endfacet
 facet normal  4.564019e-01 -8.897737e-01 -5.603229e-20
   outer loop
     vertex  7.908294e+01 -2.187617e+00  3.650000e+01
     vertex  7.915523e+01 -2.150536e+00 -2.500000e+00
     vertex  7.915523e+01 -2.150536e+00  3.650000e+01
   endloop
 endfacet
 facet normal  4.321400e-01 -9.018065e-01  0.000000e+00
   outer loop
     vertex  7.900967e+01 -2.222726e+00  3.650000e+01
     vertex  7.900967e+01 -2.222726e+00 -2.500000e+00
     vertex  7.908294e+01 -2.187617e+00  3.650000e+01
   endloop
 endfacet
 facet normal  4.075612e-01 -9.131779e-01  0.000000e+00
   outer loop
     vertex  7.893548e+01 -2.255839e+00  3.650000e+01
     vertex  7.893548e+01 -2.255839e+00 -2.500000e+00
     vertex  7.900967e+01 -2.222726e+00 -2.500000e+00
   endloop
 endfacet
 facet normal  3.826834e-01 -9.238795e-01  0.000000e+00
   outer loop
     vertex  7.893548e+01 -2.255839e+00  3.650000e+01
     vertex  7.886041e+01 -2.286930e+00 -2.500000e+00
     vertex  7.893548e+01 -2.255839e+00 -2.500000e+00
   endloop
 endfacet
 facet normal  4.075612e-01 -9.131779e-01 -5.635745e-20
   outer loop
     vertex  7.893548e+01 -2.255839e+00  3.650000e+01
     vertex  7.900967e+01 -2.222726e+00 -2.500000e+00
     vertex  7.900967e+01 -2.222726e+00  3.650000e+01
   endloop
 endfacet
 facet normal  3.826834e-01 -9.238795e-01  0.000000e+00
   outer loop
     vertex  7.886041e+01 -2.286930e+00  3.650000e+01
     vertex  7.886041e+01 -2.286930e+00 -2.500000e+00
     vertex  7.893548e+01 -2.255839e+00  3.650000e+01
   endloop
 endfacet
 facet normal  3.575250e-01 -9.339036e-01  0.000000e+00
   outer loop
     vertex  7.878454e+01 -2.315977e+00  3.650000e+01
     vertex  7.878454e+01 -2.315977e+00 -2.500000e+00
     vertex  7.886041e+01 -2.286930e+00 -2.500000e+00
   endloop
 endfacet
 facet normal  3.575250e-01 -9.339036e-01 -1.860218e-20
   outer loop
     vertex  7.878454e+01 -2.315977e+00  3.650000e+01
     vertex  7.886041e+01 -2.286930e+00 -2.500000e+00
     vertex  7.886041e+01 -2.286930e+00  3.650000e+01
   endloop
 endfacet
 facet normal  3.321044e-01 -9.432426e-01  5.955860e-20
   outer loop
     vertex  7.870790e+01 -2.342960e+00  3.650000e+01
     vertex  7.878454e+01 -2.315977e+00 -2.500000e+00
     vertex  7.878454e+01 -2.315977e+00  3.650000e+01
   endloop
 endfacet
 facet normal  3.321044e-01 -9.432426e-01  0.000000e+00
   outer loop
     vertex  7.870790e+01 -2.342960e+00  3.650000e+01
     vertex  7.870790e+01 -2.342960e+00 -2.500000e+00
     vertex  7.878454e+01 -2.315977e+00 -2.500000e+00
   endloop
 endfacet
 facet normal  3.064401e-01 -9.518899e-01 -1.206740e-20
   outer loop
     vertex  7.863057e+01 -2.367856e+00  3.650000e+01
     vertex  7.870790e+01 -2.342960e+00 -2.500000e+00
     vertex  7.870790e+01 -2.342960e+00  3.650000e+01
   endloop
 endfacet
 facet normal  3.064401e-01 -9.518899e-01  0.000000e+00
   outer loop
     vertex  7.863057e+01 -2.367856e+00  3.650000e+01
     vertex  7.863057e+01 -2.367856e+00 -2.500000e+00
     vertex  7.870790e+01 -2.342960e+00 -2.500000e+00
   endloop
 endfacet
 facet normal  2.805512e-01 -9.598391e-01  0.000000e+00
   outer loop
     vertex  7.863057e+01 -2.367856e+00  3.650000e+01
     vertex  7.855259e+01 -2.390650e+00 -2.500000e+00
     vertex  7.863057e+01 -2.367856e+00 -2.500000e+00
   endloop
 endfacet
 facet normal  2.805512e-01 -9.598391e-01  0.000000e+00
   outer loop
     vertex  7.855259e+01 -2.390650e+00  3.650000e+01
     vertex  7.855259e+01 -2.390650e+00 -2.500000e+00
     vertex  7.863057e+01 -2.367856e+00  3.650000e+01
   endloop
 endfacet
 facet normal  2.544564e-01 -9.670842e-01 -2.741154e-20
   outer loop
     vertex  7.847401e+01 -2.411323e+00  3.650000e+01
     vertex  7.855259e+01 -2.390650e+00 -2.500000e+00
     vertex  7.855259e+01 -2.390650e+00  3.650000e+01
   endloop
 endfacet
 facet normal  2.544564e-01 -9.670842e-01  0.000000e+00
   outer loop
     vertex  7.847401e+01 -2.411323e+00  3.650000e+01
     vertex  7.847401e+01 -2.411323e+00 -2.500000e+00
     vertex  7.855259e+01 -2.390650e+00 -2.500000e+00
   endloop
 endfacet
 facet normal  2.281751e-01 -9.736201e-01  0.000000e+00
   outer loop
     vertex  7.847401e+01 -2.411323e+00  3.650000e+01
     vertex  7.839491e+01 -2.429862e+00 -2.500000e+00
     vertex  7.847401e+01 -2.411323e+00 -2.500000e+00
   endloop
 endfacet
 facet normal  2.281751e-01 -9.736201e-01  0.000000e+00
   outer loop
     vertex  7.839491e+01 -2.429862e+00  3.650000e+01
     vertex  7.839491e+01 -2.429862e+00 -2.500000e+00
     vertex  7.847401e+01 -2.411323e+00  3.650000e+01
   endloop
 endfacet
 facet normal  2.017264e-01 -9.794419e-01 -3.223264e-20
   outer loop
     vertex  7.831534e+01 -2.446251e+00  3.650000e+01
     vertex  7.839491e+01 -2.429862e+00 -2.500000e+00
     vertex  7.839491e+01 -2.429862e+00  3.650000e+01
   endloop
 endfacet
 facet normal  2.017264e-01 -9.794419e-01  0.000000e+00
   outer loop
     vertex  7.831534e+01 -2.446251e+00  3.650000e+01
     vertex  7.831534e+01 -2.446251e+00 -2.500000e+00
     vertex  7.839491e+01 -2.429862e+00 -2.500000e+00
   endloop
 endfacet
 facet normal  1.751297e-01 -9.845454e-01  3.172636e-20
   outer loop
     vertex  7.823535e+01 -2.460480e+00  3.650000e+01
     vertex  7.831534e+01 -2.446251e+00 -2.500000e+00
     vertex  7.831534e+01 -2.446251e+00  3.650000e+01
   endloop
 endfacet
 facet normal  1.751297e-01 -9.845454e-01  0.000000e+00
   outer loop
     vertex  7.823535e+01 -2.460480e+00  3.650000e+01
     vertex  7.823535e+01 -2.460480e+00 -2.500000e+00
     vertex  7.831534e+01 -2.446251e+00 -2.500000e+00
   endloop
 endfacet
 facet normal  1.484046e-01 -9.889267e-01 -5.027743e-22
   outer loop
     vertex  7.815500e+01 -2.472537e+00  3.650000e+01
     vertex  7.823535e+01 -2.460480e+00 -2.500000e+00
     vertex  7.823535e+01 -2.460480e+00  3.650000e+01
   endloop
 endfacet
 facet normal  1.484046e-01 -9.889267e-01  0.000000e+00
   outer loop
     vertex  7.815500e+01 -2.472537e+00  3.650000e+01
     vertex  7.815500e+01 -2.472537e+00 -2.500000e+00
     vertex  7.823535e+01 -2.460480e+00 -2.500000e+00
   endloop
 endfacet
 facet normal  1.215707e-01 -9.925828e-01 -1.256004e-20
   outer loop
     vertex  7.807436e+01 -2.482414e+00  3.650000e+01
     vertex  7.815500e+01 -2.472537e+00 -2.500000e+00
     vertex  7.815500e+01 -2.472537e+00  3.650000e+01
   endloop
 endfacet
 facet normal  1.215707e-01 -9.925828e-01  0.000000e+00
   outer loop
     vertex  7.807436e+01 -2.482414e+00  3.650000e+01
     vertex  7.807436e+01 -2.482414e+00 -2.500000e+00
     vertex  7.815500e+01 -2.472537e+00 -2.500000e+00
   endloop
 endfacet
 facet normal  9.464755e-02 -9.955108e-01 -1.006451e-20
   outer loop
     vertex  7.799348e+01 -2.490104e+00  3.650000e+01
     vertex  7.807436e+01 -2.482414e+00 -2.500000e+00
     vertex  7.807436e+01 -2.482414e+00  3.650000e+01
   endloop
 endfacet
 facet normal  9.464755e-02 -9.955108e-01  0.000000e+00
   outer loop
     vertex  7.799348e+01 -2.490104e+00  3.650000e+01
     vertex  7.799348e+01 -2.490104e+00 -2.500000e+00
     vertex  7.807436e+01 -2.482414e+00 -2.500000e+00
   endloop
 endfacet
 facet normal  6.765502e-02 -9.977088e-01  8.463487e-21
   outer loop
     vertex  7.791242e+01 -2.495600e+00  3.650000e+01
     vertex  7.799348e+01 -2.490104e+00 -2.500000e+00
     vertex  7.799348e+01 -2.490104e+00  3.650000e+01
   endloop
 endfacet
 facet normal  6.765502e-02 -9.977088e-01  0.000000e+00
   outer loop
     vertex  7.791242e+01 -2.495600e+00  3.650000e+01
     vertex  7.791242e+01 -2.495600e+00 -2.500000e+00
     vertex  7.799348e+01 -2.490104e+00 -2.500000e+00
   endloop
 endfacet
 facet normal  4.061287e-02 -9.991750e-01  0.000000e+00
   outer loop
     vertex  7.791242e+01 -2.495600e+00  3.650000e+01
     vertex  7.783124e+01 -2.498900e+00 -2.500000e+00
     vertex  7.791242e+01 -2.495600e+00 -2.500000e+00
   endloop
 endfacet
 facet normal  4.061287e-02 -9.991750e-01  0.000000e+00
   outer loop
     vertex  7.783124e+01 -2.498900e+00  3.650000e+01
     vertex  7.783124e+01 -2.498900e+00 -2.500000e+00
     vertex  7.791242e+01 -2.495600e+00  3.650000e+01
   endloop
 endfacet
 facet normal  1.354093e-02 -9.999083e-01 -6.766093e-22
   outer loop
     vertex  7.775000e+01 -2.500000e+00  3.650000e+01
     vertex  7.783124e+01 -2.498900e+00 -2.500000e+00
     vertex  7.783124e+01 -2.498900e+00  3.650000e+01
   endloop
 endfacet
 facet normal  1.354093e-02 -9.999083e-01  0.000000e+00
   outer loop
     vertex  7.775000e+01 -2.500000e+00  3.650000e+01
     vertex  7.775000e+01 -2.500000e+00 -2.500000e+00
     vertex  7.783124e+01 -2.498900e+00 -2.500000e+00
   endloop
 endfacet
 facet normal  0.000000e+00 -1.000000e+00 -0.000000e+00
   outer loop
     vertex  7.775000e+01 -2.500000e+00  3.650000e+01
     vertex  5.000000e-01 -2.500000e+00 -2.500000e+00
     vertex  7.775000e+01 -2.500000e+00 -2.500000e+00
   endloop
 endfacet
 facet normal -0.000000e+00 -1.000000e+00  0.000000e+00
   outer loop
     vertex  7.775000e+01 -2.500000e+00  3.650000e+01
     vertex  5.000000e-01 -2.500000e+00  3.650000e+01
     vertex  5.000000e-01 -2.500000e+00 -2.500000e+00
   endloop
 endfacet
 facet normal -0.000000e+00  0.000000e+00  1.000000e+00
   outer loop
     vertex  7.825000e+01  3.025000e+01  0.000000e+00
     vertex  8.075000e+01  2.425000e+01  0.000000e+00
     vertex  8.075000e+01  3.025000e+01  0.000000e+00
   endloop
 endfacet
 facet normal  0.000000e+00  0.000000e+00  1.000000e+00
   outer loop
     vertex  7.825000e+01  3.025000e+01  0.000000e+00
     vertex  7.825000e+01  2.425000e+01  0.000000e+00
     vertex  8.075000e+01  2.425000e+01  0.000000e+00
   endloop
 endfacet
 facet normal  0.000000e+00  0.000000e+00  1.000000e+00
   outer loop
     vertex  0.000000e+00  0.000000e+00  0.000000e+00
     vertex  7.825000e+01  0.000000e+00  0.000000e+00
     vertex  7.825000e+01  2.425000e+01  0.000000e+00
   endloop
 endfacet
 facet normal -0.000000e+00  0.000000e+00  1.000000e+00
   outer loop
     vertex  0.000000e+00  5.450000e+01  0.000000e+00
     vertex  7.825000e+01  3.025000e+01  0.000000e+00
     vertex  7.825000e+01  5.450000e+01  0.000000e+00
   endloop
 endfacet
 facet normal  0.000000e+00  0.000000e+00  1.000000e+00
   outer loop
     vertex  0.000000e+00  5.450000e+01  0.000000e+00
     vertex  0.000000e+00  0.000000e+00  0.000000e+00
     vertex  7.825000e+01  2.425000e+01  0.000000e+00
   endloop
 endfacet
 facet normal  0.000000e+00  0.000000e+00  1.000000e+00
   outer loop
     vertex  0.000000e+00  5.450000e+01  0.000000e+00
     vertex  7.825000e+01  2.425000e+01  0.000000e+00
     vertex  7.825000e+01  3.025000e+01  0.000000e+00
   endloop
 endfacet
endsolid
